phone_hash,tower_id,timestamp,signal_strength
b241e69590243b73294ea1da9bce87f1452ac15c50b59fbf3c91698ab3f7e2f5,TOW-BLR-001,2026-08-30T10:30:00Z,-70
b241e69590243b73294ea1da9bce87f1452ac15c50b59fbf3c91698ab3f7e2f5,TOW-BLR-002,2026-08-31T02:45:00Z,-65
7fbbef964c17d50ed5b43cfa2bd8675c4a3ddc2a3950fe32d1395f173b6e685d,TOW-BLR-001,2026-08-30T11:15:00Z,-72
7fbbef964c17d50ed5b43cfa2bd8675c4a3ddc2a3950fe32d1395f173b6e685d,TOW-BLR-003,2026-08-31T14:30:00Z,-68
b241e69590243b73294ea1da9bce87f1452ac15c50b59fbf3c91698ab3f7e2f5,TOW-BLR-004,2026-08-30T18:00:00Z,-75
8963666809dd578c2ae5802f77f2079812ac5e2898bd26f77006bacfc68b1d6a,TOW-BLR-004,2026-08-30T18:05:00Z,-74
b241e69590243b73294ea1da9bce87f1452ac15c50b59fbf3c91698ab3f7e2f5,TOW-BLR-005,2026-08-31T20:00:00Z,-70
8963666809dd578c2ae5802f77f2079812ac5e2898bd26f77006bacfc68b1d6a,TOW-BLR-005,2026-08-31T20:08:00Z,-72
7355981e8992a80509ace13b1335c2a8cd545b8360935685134fa7cb54f66f14,TOW-BLR-001,2026-08-30T10:45:00Z,-80
c12260777c3ba298b99f2663a86537711b43e9732e18f8b076e677598b3ed60e,TOW-BLR-001,2026-08-30T11:20:00Z,-78
9fd7f2b9b5f8475cebdb874b539f9acbfa7464ff54b048aa5fb1f2324d30a1dd,TOW-BLR-001,2026-08-30T15:00:00Z,-75
55768ebde66794472f72ffb0e46b19fb191ed283e65f0f937924db158b9f03cc,TOW-BLR-001,2026-08-30T01:49:16Z,-63
d2436884e59a142c599c677d7a8e920706502f134261082705708e2c52ff095c,TOW-BLR-002,2026-08-30T16:15:13Z,-102
2d895a911f5789f518089b46011e7e6e61c0baf1b0808c4cc511b1f00ac3c55b,TOW-BLR-001,2026-08-31T15:42:44Z,-105
071d0773364cfafd218f4938d448a477fb5fc70a27fe41d917e1c8213472908e,TOW-BLR-004,2026-08-30T02:18:51Z,-109
63e057fde085f12ed5175da4bedf4ca9b785b50614b0d21a48adcd1cd457483f,TOW-BLR-002,2026-08-30T16:56:30Z,-78
a6b9b064c298e3a2b3f93834e33675a4415900230ca5a96e1e9963baafbf4749,TOW-BLR-001,2026-08-31T16:52:07Z,-98
c2e085ff3106211c72863a7a99360642c5170eadd9a22346a895f4cec806fc92,TOW-BLR-005,2026-08-31T06:32:54Z,-96
dd35e063db12ee83e41574ec0d96a0e650341ace34a6c33951a9a571c96e3930,TOW-BLR-005,2026-08-30T20:15:26Z,-59
21308ebc339ed29ba2719c3421b30cf3d970d86d5452bf72124521884c6e130e,TOW-BLR-001,2026-08-30T11:37:33Z,-66
ef381ec30b82913c60a6c06d3c429ef4f754d856719fe68096ff9c3cff940bfb,TOW-BLR-003,2026-08-30T20:14:02Z,-101
128a2c7bd4fd5507bb0d446ee5793b54ea77c9ab7beee573ac0798d61385482f,TOW-BLR-003,2026-08-30T07:26:33Z,-105
733e613aa1af193c29f217e1041ea514990da8f1507065bf8b682122676bd98c,TOW-BLR-001,2026-08-31T02:08:24Z,-56
3d47fa14eca1ad3c6af4a7630628e3e43d0de0e692c02fb9966106fd91f3e1c2,TOW-BLR-005,2026-08-30T19:15:42Z,-59
f639adcff8a55ba9d5eae8cb29118e2cf7a99cef509afa19f23e7c9e34413df7,TOW-BLR-004,2026-08-31T15:02:48Z,-103
438def5eabfbb68a3b92db643ef7878613bbc2faa66a7a86b4eba14d00bd1745,TOW-BLR-004,2026-08-30T05:44:16Z,-75
c14c122b7d80c0cadc54149e12c9e1f574f2499598653912351b2a668a0aba1d,TOW-BLR-005,2026-08-31T02:20:00Z,-74
033cb5d2a369636fca13cc266088ef49b139033d26568e95cfc45648b2f00aff,TOW-BLR-001,2026-08-30T03:20:12Z,-68
f2055c8b46b26b9a2e5732e9978e2bc147a79c229c37c88d62397440e84a9adc,TOW-BLR-003,2026-08-30T05:48:36Z,-56
e8f00016406bb08c12dc8c0e43fc32a1da7071e14c3cea997d3566848d75a7b4,TOW-BLR-001,2026-08-31T03:40:47Z,-93
664899f7580500b65ee3fb2b483121846c0c74a9d8f1124ee5067346bfc951ce,TOW-BLR-003,2026-08-30T11:50:38Z,-87
1f79de33c2108975365a7031a039f6022577be75a0a004d91eefb2973f386493,TOW-BLR-002,2026-08-30T19:26:26Z,-66
4a963e06b1fc70d0275420de2b12ed9ca98f83e89daa42cb95678b2dd0d555dd,TOW-BLR-001,2026-08-31T20:21:20Z,-70
991ad61e050c36e38ee2d725869c32a32440da474d0e54c5f1ed130a6f1ecfe5,TOW-BLR-005,2026-08-30T17:49:35Z,-100
d72a31c76cd1ced9b3eaee828a621e1aa961ec6970a66d4b73a005fd72745274,TOW-BLR-004,2026-08-30T19:39:25Z,-51
55768ebde66794472f72ffb0e46b19fb191ed283e65f0f937924db158b9f03cc,TOW-BLR-005,2026-08-30T15:59:30Z,-67
2e5363d57be11745b6badea9f90e0d46330f696bd5b930c72e77374c42069361,TOW-BLR-001,2026-08-30T16:40:43Z,-58
41dbbf390d15565d4044e78d299c7ad4aa57641d70a6b8447037a2b05e72dee5,TOW-BLR-003,2026-08-31T05:12:42Z,-93
e03084bd52a1de59f703c73a314b52bf9f7026848c2545312ce44ccc7b54e5d4,TOW-BLR-002,2026-08-31T17:18:02Z,-54
c2e085ff3106211c72863a7a99360642c5170eadd9a22346a895f4cec806fc92,TOW-BLR-003,2026-08-30T15:28:58Z,-69
3404f57309d8e1f7c2250dc78541765cf40b63416cdb7e032ad5ca046e930e24,TOW-BLR-004,2026-08-31T22:48:39Z,-81
e9024445f21f5d8c0dea88c26cf1d644e07bd5fb795be39b8b55c7ec859cee17,TOW-BLR-003,2026-08-30T10:10:03Z,-95
1b8e2f4669c49257fcbc07db82dff985ebdcea2645c6b93aca03046d5731472a,TOW-BLR-005,2026-08-31T15:14:49Z,-94
655badaedb0392e0426bcfed45623fff014b93f36c2bfbf9bff47b52c5b15140,TOW-BLR-005,2026-08-31T07:11:51Z,-53
c470b561344b949646b98c67f87afddd34b5985b84d8505eb64e1296d27ed7e2,TOW-BLR-004,2026-08-31T02:21:35Z,-96
c89efbb027c12f4b909983c4355aec7fcd703fe6189044ce7d0594af3eb770d4,TOW-BLR-005,2026-08-31T11:56:12Z,-105
614876d3edf5128ba4d3d15fc68c5a62a99dc6e8d5ecebfdb5f15ea2eaf97dae,TOW-BLR-001,2026-08-30T07:59:03Z,-101
a84d124abd92dfd79e62cfbc455627dac349b078fdb26f691cbf968372549d77,TOW-BLR-002,2026-08-31T06:44:26Z,-72
e03084bd52a1de59f703c73a314b52bf9f7026848c2545312ce44ccc7b54e5d4,TOW-BLR-004,2026-08-31T03:47:19Z,-72
e27215f8478b1d5961a5e2f91bcfe38158ec069c264a9840541ede499ddff6d0,TOW-BLR-005,2026-08-30T18:18:26Z,-75
dba1521b6091cf64b9de658c2f1eb1ce93fc8d45c84778661bf95cff148582e0,TOW-BLR-001,2026-08-30T08:20:29Z,-67
a9cb35a4fd627463d2028b97d80463eba8976d54e3f9ecdc40b17877be95bf19,TOW-BLR-005,2026-08-30T19:25:46Z,-61
fee0cfa53d5328eeab6e9c98c28a9a57cd4de2a7597f9c83002a5b4141243e7d,TOW-BLR-003,2026-08-30T08:07:22Z,-92
39fc2ded1476bc7aeb30d49ddc847faed054a01822a29d8cfcd965aadea576c3,TOW-BLR-002,2026-08-31T09:02:20Z,-110
3f24dc89df996ef63c8289393b934feed72d9dbb13a7e4e2180dcd25f0f50391,TOW-BLR-003,2026-08-31T12:27:05Z,-62
645cb5ae33ecbf471ebf101aef4c781e2f0b1a50c071ca9ee7ae5ce4e8f430b8,TOW-BLR-005,2026-08-30T07:44:54Z,-55
a84d124abd92dfd79e62cfbc455627dac349b078fdb26f691cbf968372549d77,TOW-BLR-003,2026-08-31T22:31:36Z,-78
c1a2661f7ff113cb0271c9f8ba51b6cf211909fde3b6355be005d33986875097,TOW-BLR-002,2026-08-30T11:07:45Z,-87
514d2ff67276c76ac8d5d761b8f652d553d046582e35c06ca92e32f042d20fd7,TOW-BLR-002,2026-08-31T15:16:34Z,-61
aa44ba1bb9a6b63cc60a0ae6dbcfc2e798000a2af3ce5e5e3d0803a679875a60,TOW-BLR-005,2026-08-30T00:02:29Z,-72
1dd27686432c1e2abfc90dd1bd07a714be564682b0b19015c4da9517d8fb08ce,TOW-BLR-004,2026-08-30T01:25:05Z,-103
37d5bcc2e10e41308171cc736deaeb1ae3801824fe99d46de6a7dd02427f8d16,TOW-BLR-003,2026-08-30T22:23:32Z,-95
f89c7a25aa73d2138860ce78ca92d285666572ec069a32f612b59f091d2d2232,TOW-BLR-002,2026-08-31T17:18:49Z,-50
acc639aa3e154ebcb8bacfdda9c6cd45fc7fab52b0b141e2e9dcf2f2c3a30288,TOW-BLR-001,2026-08-31T11:23:19Z,-58
111b3f239d51625aee293406aa6afb86b456d53d1e14d80cc74ba885d322a03a,TOW-BLR-005,2026-08-30T09:09:27Z,-102
1cb1be4b1497c4012d982486d14c4ff0b1955d00181b6d751e220ee7701403a8,TOW-BLR-004,2026-08-31T16:02:07Z,-100
7f2aafa15c630696adf2683d461db9bbd05fda0713e55de6b83a58f667d4888f,TOW-BLR-005,2026-08-31T20:10:14Z,-83
d562e1c1ff197335e78350043605b9c9a724f1ce41a8440aee5444fa9a2c6168,TOW-BLR-002,2026-08-31T15:16:13Z,-62
a91a9ad7f674f50c12821a23db77ab9fec0f3a5f7846ac3a035639fd74c19c5b,TOW-BLR-002,2026-08-30T22:41:54Z,-85
cf8e4cdc32117c05ae9a7f56eefc46a94eb0db0b2e5cd67fd9a2e41f9eeb0a92,TOW-BLR-003,2026-08-31T07:54:05Z,-53
0418b6bf59aaf6300e9694a040b9ce90c99c0d7ea12dd91359575e72f42b58e3,TOW-BLR-004,2026-08-30T08:48:40Z,-95
367c904c22b232e98be959f9aa1f1fe766a88044d97e83bb2cb2b458e7c9235d,TOW-BLR-001,2026-08-31T00:37:07Z,-109
e10363f8958cd2b611c6abe035c04cb016a3c8d51154f65f6932a5c26f9ea68c,TOW-BLR-005,2026-08-30T16:45:23Z,-73
361ac03f9899db5f853e98f211383204a3477b6750123b3aa08990c0bc60193e,TOW-BLR-001,2026-08-30T05:10:10Z,-65
060b7ff050c23cec2699264d708ce7f80a94f7fc3e40fab697cb72f0222421a9,TOW-BLR-001,2026-08-30T16:40:15Z,-106
6c80697a257233c38023ce9e735e10c89e76b5d5fb9e63a1b96a8ac89bc49c67,TOW-BLR-001,2026-08-31T00:03:39Z,-106
28bce8f903d29d7ffd117da4022d6a8f445c0bb61d25d9b3130bfc6b7f07a0b9,TOW-BLR-002,2026-08-30T20:16:41Z,-68
3a1039a2cd5c4b081564377071a122e8f9564962f6ba00fd27656e45042c6349,TOW-BLR-002,2026-08-31T15:15:56Z,-102
bfc7e0570fc2fd1ef8e941c2837e63172945abb8d7e14746ca0f6e8ccdd960cf,TOW-BLR-005,2026-08-31T17:57:30Z,-80
faf4897f37a82eaf9e8cb074678fdf8a3179b6174545b37131e9854d06b84f6a,TOW-BLR-004,2026-08-31T05:38:28Z,-98
8679f0fa29e477d1def3ae9e208876db0be8ecedd590b3ba6c5ce9a1caeb22c7,TOW-BLR-001,2026-08-31T23:59:08Z,-83
1f79de33c2108975365a7031a039f6022577be75a0a004d91eefb2973f386493,TOW-BLR-004,2026-08-31T05:56:07Z,-81
b7b24c21128514aa97ef1bd367e3106c0bb05ab8a08d86f1354babd21669850c,TOW-BLR-001,2026-08-31T23:34:59Z,-69
a4488d9cbf53e318e7cd9beaf8a5512f8b50d81b4edfc6b0affdc8a4b4cbb2ba,TOW-BLR-001,2026-08-31T05:19:04Z,-64
0928f1fd5b5c226c90dc8dfdbecaec4df23667879d91b0de73c8a659b3b51c9d,TOW-BLR-001,2026-08-30T18:06:23Z,-98
61ff510fc7c8d0f3edfbf2e3d961cccbeb1d1f5266d5d648980b41c13d7a2ab5,TOW-BLR-005,2026-08-31T08:40:01Z,-102
ef381ec30b82913c60a6c06d3c429ef4f754d856719fe68096ff9c3cff940bfb,TOW-BLR-002,2026-08-30T20:16:58Z,-81
39bfa5d7a53ae5dc5e6fb7a1daa9c8667bbb8e31e055933cae3b960a780e2fc0,TOW-BLR-001,2026-08-31T08:16:04Z,-59
dba1521b6091cf64b9de658c2f1eb1ce93fc8d45c84778661bf95cff148582e0,TOW-BLR-005,2026-08-30T07:07:46Z,-107
4489de783f0bdc9c1f46955c8b79e68e5b7268250d1c7cc130a9f14d220b14c8,TOW-BLR-005,2026-08-30T01:04:28Z,-105
37d5bcc2e10e41308171cc736deaeb1ae3801824fe99d46de6a7dd02427f8d16,TOW-BLR-002,2026-08-30T12:06:37Z,-84
3a1039a2cd5c4b081564377071a122e8f9564962f6ba00fd27656e45042c6349,TOW-BLR-004,2026-08-30T15:33:52Z,-55
cfee4531556fc23e554d508217c12c722036af0deea68f1f7100d32fff96f111,TOW-BLR-001,2026-08-30T11:59:18Z,-86
7621de8ca83cbcd279167f556516c491dadb09330607c1f0ad30436e496097d6,TOW-BLR-004,2026-08-30T19:18:41Z,-51
f278eae79a99880355e00f3a7b18d3230b4cf801de627669e85e616cfb853a31,TOW-BLR-004,2026-08-30T20:46:16Z,-83
cc6a64b393383a4ba1bb601bcf6b3acfae97f5d200518ae28211fdfde0f911f2,TOW-BLR-005,2026-08-31T11:26:17Z,-101
61ff510fc7c8d0f3edfbf2e3d961cccbeb1d1f5266d5d648980b41c13d7a2ab5,TOW-BLR-003,2026-08-30T15:51:08Z,-107
c1f42731b9907abe4e81947ee7799751d8ecf8eca65cdf787ee9db2935d743cc,TOW-BLR-005,2026-08-30T04:26:19Z,-63
f09defae43936bc24acfcb7f14509d12080824d2ab52b46e006c57e20408aa08,TOW-BLR-001,2026-08-30T03:39:04Z,-73
7db41c47095120834f255ed6a9005c4edc4b430ef019eb6f4df2754c2b3d228a,TOW-BLR-005,2026-08-31T14:40:31Z,-100
f89c7a25aa73d2138860ce78ca92d285666572ec069a32f612b59f091d2d2232,TOW-BLR-005,2026-08-30T05:50:00Z,-56
13adb9d8e842415d7c92ad9cb74a600c24d35b08605cd2bbf3860bfcdd42db23,TOW-BLR-001,2026-08-31T19:19:44Z,-106
0162aa00917191d22e2948a923eeba8b3127e99535ef6f6cce59372f46292cd2,TOW-BLR-002,2026-08-31T05:24:07Z,-103
9ba90f668aca95ce3bca5da8ca344e5e8f19a61ad84a6b76b5363cb4bae36980,TOW-BLR-005,2026-08-30T17:55:43Z,-73
a3f6c75cff3ad8beec20e1a0aa71d3f22deffc01ca147e447f33652b2a71efae,TOW-BLR-001,2026-08-31T21:06:07Z,-105
b9f0f673df45e56702a2054de2329aefb3b6c6fd3ef2940d6ea1133b7f7baa67,TOW-BLR-005,2026-08-31T17:09:30Z,-77
f09defae43936bc24acfcb7f14509d12080824d2ab52b46e006c57e20408aa08,TOW-BLR-003,2026-08-30T14:52:25Z,-68
c2e085ff3106211c72863a7a99360642c5170eadd9a22346a895f4cec806fc92,TOW-BLR-003,2026-08-30T17:22:50Z,-94
da46c1b20bb0c378edcaee8832ed4f959a5ebdd74213d9ad63df0f498f6bd2b4,TOW-BLR-002,2026-08-31T23:00:14Z,-91
1c23e30dc22cff7d9aa4539a48dbcbb7caf4fdaf6fa0021e39f2c045be36e658,TOW-BLR-003,2026-08-30T05:16:56Z,-110
1c23e30dc22cff7d9aa4539a48dbcbb7caf4fdaf6fa0021e39f2c045be36e658,TOW-BLR-005,2026-08-31T16:59:45Z,-104
b97863b8c458045fcb570501b4a5f9f4e0129debab5c1098ac6a64dfc33444b1,TOW-BLR-005,2026-08-30T15:31:17Z,-78
7f2aafa15c630696adf2683d461db9bbd05fda0713e55de6b83a58f667d4888f,TOW-BLR-002,2026-08-31T01:24:50Z,-54
111b3f239d51625aee293406aa6afb86b456d53d1e14d80cc74ba885d322a03a,TOW-BLR-002,2026-08-31T02:54:29Z,-92
9640ffa8fd3b6c05321013dd64ca4ba4bcd7e82047fb9c0c01f898481d00e72b,TOW-BLR-004,2026-08-31T15:33:21Z,-65
4f972994f960f47d30723d1ce7f7ba4b4b54ef39b569eaec30e1bb2d411c90a7,TOW-BLR-005,2026-08-31T23:37:15Z,-77
906a0bc76e88bfe2444e9d7e957f0bb1d037f9869c84ba6e88b051c6053a31dc,TOW-BLR-005,2026-08-30T21:48:00Z,-51
749b8c6b6e329536c169d086aacabc027ba8ca8d5b21588417083626197c27be,TOW-BLR-001,2026-08-30T09:46:43Z,-94
a5c9577bb5af38d2ff8147936b242dad7800fc3f454896fb7b89c9679241b18b,TOW-BLR-001,2026-08-31T16:17:04Z,-101
6462b2c251ec37a5786c7556a054354f7b7ccc68c7231ead15389dfb39f86d1f,TOW-BLR-003,2026-08-31T20:02:32Z,-97
c2e085ff3106211c72863a7a99360642c5170eadd9a22346a895f4cec806fc92,TOW-BLR-003,2026-08-30T14:49:31Z,-67
c331a6b20a84257bab78df7177103605e5f668c2b4e8c00a9c44bc40b5ef93eb,TOW-BLR-003,2026-08-31T12:48:09Z,-79
e1666c1ff291b7c40b69df20c664fa769b46a15bdf7ad72bf1ffd72f63d51649,TOW-BLR-001,2026-08-30T06:43:15Z,-70
ef381ec30b82913c60a6c06d3c429ef4f754d856719fe68096ff9c3cff940bfb,TOW-BLR-003,2026-08-30T03:12:37Z,-110
97368f3c02f48f75894e4de8193414fce44ead3ef4706afdcafa5d91758315d7,TOW-BLR-002,2026-08-31T22:23:35Z,-94
406d6a732b582c4975f346fb213c5d688dba50d22ee577bd17cba7ea3d143772,TOW-BLR-004,2026-08-31T16:10:19Z,-65
bfea41177792521cca94d1ee5637e5b077cf5b0d4a50e5861d4fd514573f7464,TOW-BLR-005,2026-08-30T00:42:14Z,-103
226d8826c385168e16b0917b76aa9c3f9bd852ee5d6f16791734803b3fff2069,TOW-BLR-002,2026-08-31T15:43:43Z,-108
6061496b81655335453d7cb834b0c2abbaf8611fc4415969b50985d236ef0a22,TOW-BLR-003,2026-08-31T18:25:01Z,-75
3914a31c587f0090d3fa33ffc0e20d8c98208ac7e2a63abf5b0dae856bcaf132,TOW-BLR-004,2026-08-30T09:16:49Z,-108
ec92a3f62ddb9be57763b65d15f9909e8471fbeceb75ee00f71bff38eee7a199,TOW-BLR-003,2026-08-30T02:54:18Z,-53
1d8716c4dd38df6890b9e1881e03d3ea4f9f5acb6e7823dbdbcca7fd418f2e2f,TOW-BLR-002,2026-08-30T18:10:12Z,-68
774d203000b86f167d2636b3e581ecddd77c2e1843ee17aa0a70e6d8db614c2a,TOW-BLR-003,2026-08-31T16:46:10Z,-54
d4d9b138de4939b5a64d664afbd8ffb6be0bb1d9157e5b907b48f4b8b7fb5816,TOW-BLR-004,2026-08-31T21:11:42Z,-63
b81ed4ffe6a708d799c3f4f207982b64479e2e81b941b8534a79f725fe6ed2e8,TOW-BLR-002,2026-08-30T11:49:58Z,-59
0381be7abc2a2e33ba7ed09549f3d24cf97c4515c755faf466999b9084c0c563,TOW-BLR-002,2026-08-31T06:01:20Z,-109
645cb5ae33ecbf471ebf101aef4c781e2f0b1a50c071ca9ee7ae5ce4e8f430b8,TOW-BLR-003,2026-08-31T05:58:48Z,-59
cf8e4cdc32117c05ae9a7f56eefc46a94eb0db0b2e5cd67fd9a2e41f9eeb0a92,TOW-BLR-002,2026-08-30T19:25:41Z,-100
cbf710d65baba3fa8d515be70761860ae0362217228a5b27e316882ce252c18d,TOW-BLR-001,2026-08-31T03:51:21Z,-55
ca9fb60d20be57a8aa44f49c9edb466c3cba0cff3de897735d88c52ff4d0dd37,TOW-BLR-004,2026-08-30T16:11:49Z,-98
815c8294c15a0369f897299acf164eb0c88d156163b6926d34a6c32225270d1d,TOW-BLR-004,2026-08-31T01:27:40Z,-91
58a6e3dc4206df0cba91aa32a701bea7293f9d9e17d386b2f2b0411cc01d9720,TOW-BLR-002,2026-08-30T16:13:58Z,-109
1cb1be4b1497c4012d982486d14c4ff0b1955d00181b6d751e220ee7701403a8,TOW-BLR-002,2026-08-31T05:00:55Z,-89
2b74f741f3b9ec86d66a65850a5ee252863e775fdfc25e7467a62827b45f36b8,TOW-BLR-001,2026-08-30T20:19:30Z,-88
fee0cfa53d5328eeab6e9c98c28a9a57cd4de2a7597f9c83002a5b4141243e7d,TOW-BLR-005,2026-08-31T05:06:13Z,-67
d41e30e0593ac284cad2c7c08569fbdad3dd2a63b3ed8a6bdb90b74b9290c16d,TOW-BLR-005,2026-08-31T00:06:48Z,-50
3d7121e5d2a5cd54446be0380d569da6dbcb6d7fd71e425f23cf8b5727e0efe8,TOW-BLR-001,2026-08-30T19:01:15Z,-99
c1f42731b9907abe4e81947ee7799751d8ecf8eca65cdf787ee9db2935d743cc,TOW-BLR-003,2026-08-30T02:47:08Z,-104
a3f6c75cff3ad8beec20e1a0aa71d3f22deffc01ca147e447f33652b2a71efae,TOW-BLR-004,2026-08-31T01:10:19Z,-64
cbf710d65baba3fa8d515be70761860ae0362217228a5b27e316882ce252c18d,TOW-BLR-003,2026-08-31T07:46:38Z,-72
7a055fdd3bd61d3427439dba09a185a5bb286f6a7354ca8b9faac95268f96bf7,TOW-BLR-001,2026-08-31T04:02:56Z,-53
2d79558bb4e3c15673ad08352dde6e8c13ea6fb69dde51ff483f3ccbb7f795c3,TOW-BLR-002,2026-08-30T18:32:53Z,-108
dd7bd4bcfc023cea77828a9d4467d55ac276d5425902f5552381e6e0f98bce8c,TOW-BLR-004,2026-08-30T00:07:23Z,-77
aa44ba1bb9a6b63cc60a0ae6dbcfc2e798000a2af3ce5e5e3d0803a679875a60,TOW-BLR-005,2026-08-30T14:20:51Z,-87
2dad7dd62b009098dd3015775fa21a10553632e72f58bf7c8d4349688e85edb7,TOW-BLR-001,2026-08-31T00:02:39Z,-71
f09defae43936bc24acfcb7f14509d12080824d2ab52b46e006c57e20408aa08,TOW-BLR-001,2026-08-30T21:52:07Z,-78
44a2ab369bd48f9dade49e6155f2c1e151bcdc5051f2f956afa1431bb13f8be1,TOW-BLR-004,2026-08-30T23:45:06Z,-85
cc6a64b393383a4ba1bb601bcf6b3acfae97f5d200518ae28211fdfde0f911f2,TOW-BLR-003,2026-08-31T16:22:15Z,-102
033cb5d2a369636fca13cc266088ef49b139033d26568e95cfc45648b2f00aff,TOW-BLR-004,2026-08-31T03:36:30Z,-67
655badaedb0392e0426bcfed45623fff014b93f36c2bfbf9bff47b52c5b15140,TOW-BLR-002,2026-08-31T20:49:13Z,-74
4f972994f960f47d30723d1ce7f7ba4b4b54ef39b569eaec30e1bb2d411c90a7,TOW-BLR-004,2026-08-31T15:53:58Z,-57
7621de8ca83cbcd279167f556516c491dadb09330607c1f0ad30436e496097d6,TOW-BLR-003,2026-08-30T20:53:32Z,-97
2dad7dd62b009098dd3015775fa21a10553632e72f58bf7c8d4349688e85edb7,TOW-BLR-005,2026-08-31T20:10:32Z,-69
1dd27686432c1e2abfc90dd1bd07a714be564682b0b19015c4da9517d8fb08ce,TOW-BLR-004,2026-08-31T08:10:11Z,-82
0162aa00917191d22e2948a923eeba8b3127e99535ef6f6cce59372f46292cd2,TOW-BLR-002,2026-08-31T13:13:21Z,-80
2cd185a0e5165c8705eaac57a82ddd0f7ec3fcb92ea51efe8d13d48444b0ec31,TOW-BLR-002,2026-08-31T23:58:33Z,-105
41cfb62dc545f52a623ca34ff6274e78e3c806640f9c315637adf5a9f9fca5d1,TOW-BLR-005,2026-08-31T22:05:21Z,-71
97368f3c02f48f75894e4de8193414fce44ead3ef4706afdcafa5d91758315d7,TOW-BLR-001,2026-08-30T17:06:09Z,-67
44a2ab369bd48f9dade49e6155f2c1e151bcdc5051f2f956afa1431bb13f8be1,TOW-BLR-002,2026-08-30T14:30:00Z,-101
716a50353041fe3e7931d2c7ec68810c83d45d3c42a529d39319d45cd8721518,TOW-BLR-001,2026-08-30T17:49:44Z,-80
c8f37c395bad9f7984fa2958e584e0d57d3985a86ed5df2571f601b435eeb661,TOW-BLR-001,2026-08-31T09:09:44Z,-84
a9cb35a4fd627463d2028b97d80463eba8976d54e3f9ecdc40b17877be95bf19,TOW-BLR-005,2026-08-30T14:09:30Z,-65
cc6a64b393383a4ba1bb601bcf6b3acfae97f5d200518ae28211fdfde0f911f2,TOW-BLR-004,2026-08-31T11:59:58Z,-85
faf4897f37a82eaf9e8cb074678fdf8a3179b6174545b37131e9854d06b84f6a,TOW-BLR-002,2026-08-31T23:46:21Z,-66
c01a6992a61aa93d4e9d9f42d82df188c91b3e1f2d06f347a56337292c8a85a7,TOW-BLR-001,2026-08-31T06:57:29Z,-96
645cb5ae33ecbf471ebf101aef4c781e2f0b1a50c071ca9ee7ae5ce4e8f430b8,TOW-BLR-005,2026-08-31T09:49:38Z,-107
60343645662c2c85f86cac66661e9d01cc5ad029bcd47b7c444b994305467266,TOW-BLR-002,2026-08-30T08:50:13Z,-81
31c0098e266a1dc96abc21f4bd1fa31bf006516ef1520e430ef0b92bba07ae9e,TOW-BLR-004,2026-08-31T14:40:33Z,-75
a3f6c75cff3ad8beec20e1a0aa71d3f22deffc01ca147e447f33652b2a71efae,TOW-BLR-003,2026-08-31T08:13:37Z,-71
e26e1dc5e2e6d643677fb2630c682cf53779acc7fd5096db87510ecaa28fc078,TOW-BLR-005,2026-08-31T07:04:27Z,-57
a4a572481d7efb2b2dc685f091aa115e366949d975bbb259a0bff53e0e49dc3d,TOW-BLR-005,2026-08-31T08:28:13Z,-53
9640ffa8fd3b6c05321013dd64ca4ba4bcd7e82047fb9c0c01f898481d00e72b,TOW-BLR-004,2026-08-31T08:46:23Z,-94
ea65e1e9e85234a2d75d1068dcd45e323543e123130f0600ce591123eafc8600,TOW-BLR-002,2026-08-31T22:25:59Z,-93
241f4bcd27c2cbf458ad7db886b03a52f063f0acae2773adeb9c65f1a5cb3050,TOW-BLR-005,2026-08-31T11:17:14Z,-70
5222bb3ec940ad667c5b6286ba827a586041bb986d577e580df048df81c002fe,TOW-BLR-003,2026-08-31T08:01:49Z,-106
58c67f8ed21ef88fc36604b9c2852c28cd1a3a82f119db54c094ff2444e5899e,TOW-BLR-003,2026-08-30T17:04:31Z,-93
97368f3c02f48f75894e4de8193414fce44ead3ef4706afdcafa5d91758315d7,TOW-BLR-003,2026-08-31T15:19:57Z,-105
c89efbb027c12f4b909983c4355aec7fcd703fe6189044ce7d0594af3eb770d4,TOW-BLR-002,2026-08-30T16:50:23Z,-86
62cba2b3558fe5db259bb5840cd24e7515734f8b42d6f0d656cd4e814e601c9b,TOW-BLR-002,2026-08-30T15:34:46Z,-106
b3e45428dce2593a6b83b43fff29c95eab50acb1cc55b2daeb176a2788b74766,TOW-BLR-004,2026-08-31T00:05:38Z,-76
e27215f8478b1d5961a5e2f91bcfe38158ec069c264a9840541ede499ddff6d0,TOW-BLR-004,2026-08-30T04:32:02Z,-97
6061496b81655335453d7cb834b0c2abbaf8611fc4415969b50985d236ef0a22,TOW-BLR-004,2026-08-31T04:21:39Z,-53
50910d451937c8598faa62cd6d80123690e3d3e18a319df65da8c93c6497cef1,TOW-BLR-005,2026-08-30T01:25:20Z,-56
0914bcb9c4e6585bba37c48570774e86f8d87ff884fede75c8d19d9c85ccb3ed,TOW-BLR-005,2026-08-31T03:41:54Z,-80
c01a6992a61aa93d4e9d9f42d82df188c91b3e1f2d06f347a56337292c8a85a7,TOW-BLR-003,2026-08-30T21:44:39Z,-62
e99755126b8fe02eb8684b0457fda5f975195b5929e9f034c715e1ea8947715c,TOW-BLR-004,2026-08-31T15:11:31Z,-63
2d895a911f5789f518089b46011e7e6e61c0baf1b0808c4cc511b1f00ac3c55b,TOW-BLR-005,2026-08-31T19:55:39Z,-53
361ac03f9899db5f853e98f211383204a3477b6750123b3aa08990c0bc60193e,TOW-BLR-004,2026-08-30T15:58:40Z,-93
39fc2ded1476bc7aeb30d49ddc847faed054a01822a29d8cfcd965aadea576c3,TOW-BLR-004,2026-08-30T02:06:48Z,-86
0928f1fd5b5c226c90dc8dfdbecaec4df23667879d91b0de73c8a659b3b51c9d,TOW-BLR-004,2026-08-30T12:01:05Z,-57
e27215f8478b1d5961a5e2f91bcfe38158ec069c264a9840541ede499ddff6d0,TOW-BLR-002,2026-08-31T21:18:40Z,-76
716a50353041fe3e7931d2c7ec68810c83d45d3c42a529d39319d45cd8721518,TOW-BLR-004,2026-08-31T19:06:01Z,-74
749b8c6b6e329536c169d086aacabc027ba8ca8d5b21588417083626197c27be,TOW-BLR-001,2026-08-30T06:06:46Z,-69
bfea41177792521cca94d1ee5637e5b077cf5b0d4a50e5861d4fd514573f7464,TOW-BLR-002,2026-08-31T09:37:11Z,-99
06e2f299519cc999898b2f300730199ef511a5aecd416e005ef6eed49149b4b5,TOW-BLR-003,2026-08-31T03:36:19Z,-90
cdd95be7efebbce1759b91fab7ca6127de9fb4230ad56f5dac8b8b7fff73d9db,TOW-BLR-004,2026-08-30T23:48:00Z,-89
eebec9b0998a8822dbdf98d57efcfbf13e2008e9a7afd4def57a07fc3a7db792,TOW-BLR-004,2026-08-30T20:15:43Z,-62
8cfb6b888a7f0c057eb5a53552975702d7397eeecd4f696e49a7df9588c2e1f8,TOW-BLR-004,2026-08-30T18:22:11Z,-57
acc639aa3e154ebcb8bacfdda9c6cd45fc7fab52b0b141e2e9dcf2f2c3a30288,TOW-BLR-004,2026-08-30T01:24:41Z,-63
cfc82faf09a6dc9b02ed746351fd4a85e0d59c3f2a8388a385cbda411989d9c8,TOW-BLR-001,2026-08-31T01:29:00Z,-96
4489de783f0bdc9c1f46955c8b79e68e5b7268250d1c7cc130a9f14d220b14c8,TOW-BLR-001,2026-08-31T23:27:33Z,-108
614876d3edf5128ba4d3d15fc68c5a62a99dc6e8d5ecebfdb5f15ea2eaf97dae,TOW-BLR-001,2026-08-30T18:00:23Z,-98
a63f135b6223cee83a6aec5fa5b330aa5bee7f690ed3de3fc0b1541db348bac9,TOW-BLR-001,2026-08-31T21:14:39Z,-101
5222bb3ec940ad667c5b6286ba827a586041bb986d577e580df048df81c002fe,TOW-BLR-002,2026-08-31T10:29:01Z,-68
a5c9577bb5af38d2ff8147936b242dad7800fc3f454896fb7b89c9679241b18b,TOW-BLR-005,2026-08-30T15:52:18Z,-81
527c04e02df3ff3e27eeb14cbb5442e9a0d6cd00c1823792d74d70a748221858,TOW-BLR-003,2026-08-31T02:51:43Z,-100
c1a2661f7ff113cb0271c9f8ba51b6cf211909fde3b6355be005d33986875097,TOW-BLR-005,2026-08-30T08:20:24Z,-61
815c8294c15a0369f897299acf164eb0c88d156163b6926d34a6c32225270d1d,TOW-BLR-002,2026-08-30T22:38:56Z,-104
c1f42731b9907abe4e81947ee7799751d8ecf8eca65cdf787ee9db2935d743cc,TOW-BLR-001,2026-08-30T22:42:57Z,-74
eac5c4fa0df8925ed6a6c3b93119a5d12212c8ad8c8089cc8abcb4c68da216f1,TOW-BLR-004,2026-08-31T04:53:00Z,-50
c2e085ff3106211c72863a7a99360642c5170eadd9a22346a895f4cec806fc92,TOW-BLR-002,2026-08-30T05:32:02Z,-73
28ca498f1861bf52e0b0fb8af9c1c1d88bda98dbfdef764c0e0834aaa4f210e0,TOW-BLR-002,2026-08-30T07:25:12Z,-66
50910d451937c8598faa62cd6d80123690e3d3e18a319df65da8c93c6497cef1,TOW-BLR-003,2026-08-31T19:43:14Z,-59
b4137ecb3d80db814311d6a4053415d0bd71e8b4e4fb32b9f5a39b74d62a8504,TOW-BLR-005,2026-08-30T02:59:26Z,-88
64fdc51f368e71395a7448eb988c56d10bd682b76bb1403d56524552df9a8b1a,TOW-BLR-004,2026-08-31T02:59:02Z,-106
74b278b09e7445e0d793bfc50d90bc456934a28ff41137b470d0b15f24cbc706,TOW-BLR-003,2026-08-30T00:55:16Z,-56
b9f0f673df45e56702a2054de2329aefb3b6c6fd3ef2940d6ea1133b7f7baa67,TOW-BLR-004,2026-08-30T07:41:06Z,-83
e747d03e9c44baba2eb35f2a03b141dc9fb150e979435990e40d4d2588df5cb3,TOW-BLR-003,2026-08-31T22:16:54Z,-53
6f69d588e0a357f690fe95f6b229ebae3116d34f1e5fdead5d1157845ba5d384,TOW-BLR-004,2026-08-30T11:08:25Z,-83
645cb5ae33ecbf471ebf101aef4c781e2f0b1a50c071ca9ee7ae5ce4e8f430b8,TOW-BLR-005,2026-08-31T23:21:53Z,-93
41e7a957c31f1cfac990f14b9802f83af2b2ddbf12f52ea52b7c072dee84689b,TOW-BLR-005,2026-08-31T11:12:25Z,-81
39fc2ded1476bc7aeb30d49ddc847faed054a01822a29d8cfcd965aadea576c3,TOW-BLR-005,2026-08-30T19:32:38Z,-90
1cb1a3f105243c12f43e49ea3b7f2a77275a1fbbb926af3b761ccc42bf7f8bbb,TOW-BLR-002,2026-08-30T06:18:38Z,-93
0914bcb9c4e6585bba37c48570774e86f8d87ff884fede75c8d19d9c85ccb3ed,TOW-BLR-004,2026-08-30T17:45:27Z,-62
d72a31c76cd1ced9b3eaee828a621e1aa961ec6970a66d4b73a005fd72745274,TOW-BLR-005,2026-08-31T20:26:34Z,-68
733e613aa1af193c29f217e1041ea514990da8f1507065bf8b682122676bd98c,TOW-BLR-003,2026-08-30T02:05:23Z,-79
075c081e2edc77d960c5a77903c03dce2ff4a629cdac09a4bfc5c9be3eb03e12,TOW-BLR-003,2026-08-30T13:14:28Z,-79
cdd95be7efebbce1759b91fab7ca6127de9fb4230ad56f5dac8b8b7fff73d9db,TOW-BLR-003,2026-08-30T18:48:45Z,-89
2b74f741f3b9ec86d66a65850a5ee252863e775fdfc25e7467a62827b45f36b8,TOW-BLR-005,2026-08-30T20:07:02Z,-75
906a0bc76e88bfe2444e9d7e957f0bb1d037f9869c84ba6e88b051c6053a31dc,TOW-BLR-005,2026-08-30T13:54:44Z,-105
5222bb3ec940ad667c5b6286ba827a586041bb986d577e580df048df81c002fe,TOW-BLR-004,2026-08-31T11:34:37Z,-75
eebec9b0998a8822dbdf98d57efcfbf13e2008e9a7afd4def57a07fc3a7db792,TOW-BLR-002,2026-08-31T10:40:04Z,-69
58c67f8ed21ef88fc36604b9c2852c28cd1a3a82f119db54c094ff2444e5899e,TOW-BLR-004,2026-08-31T08:38:06Z,-60
e514f926f417d960da222d7a1c16d5b31d7dfc71fa5140f104670febd095e2c6,TOW-BLR-001,2026-08-30T21:25:32Z,-96
a92475f03c5c0e704011c75f83e311cba049d04139c488d187645cbe5836ee42,TOW-BLR-002,2026-08-30T22:17:50Z,-68
c1f42731b9907abe4e81947ee7799751d8ecf8eca65cdf787ee9db2935d743cc,TOW-BLR-003,2026-08-31T10:27:42Z,-75
963a9f6d2ede09f587dc708254327c775a8dbb7ebfa4ee671035859c4dd2b5b9,TOW-BLR-003,2026-08-31T06:59:03Z,-63
5561f501d23467b9e6955b39f1be445c0b050c65c9d2dc64742fe9d371f3ceab,TOW-BLR-003,2026-08-31T01:37:05Z,-66
664899f7580500b65ee3fb2b483121846c0c74a9d8f1124ee5067346bfc951ce,TOW-BLR-003,2026-08-30T22:19:39Z,-94
e8f00016406bb08c12dc8c0e43fc32a1da7071e14c3cea997d3566848d75a7b4,TOW-BLR-001,2026-08-30T14:01:24Z,-90
b4137ecb3d80db814311d6a4053415d0bd71e8b4e4fb32b9f5a39b74d62a8504,TOW-BLR-005,2026-08-30T13:28:55Z,-98
128a2c7bd4fd5507bb0d446ee5793b54ea77c9ab7beee573ac0798d61385482f,TOW-BLR-004,2026-08-30T20:08:02Z,-64
e10363f8958cd2b611c6abe035c04cb016a3c8d51154f65f6932a5c26f9ea68c,TOW-BLR-005,2026-08-31T19:27:25Z,-92
a4488d9cbf53e318e7cd9beaf8a5512f8b50d81b4edfc6b0affdc8a4b4cbb2ba,TOW-BLR-002,2026-08-30T21:34:19Z,-96
dc73abbd70e6bdf2430496c0075788d1e3a0785579dbd18e7e606778ebd97d93,TOW-BLR-002,2026-08-30T22:00:37Z,-110
dd7bd4bcfc023cea77828a9d4467d55ac276d5425902f5552381e6e0f98bce8c,TOW-BLR-005,2026-08-30T09:13:02Z,-93
f639adcff8a55ba9d5eae8cb29118e2cf7a99cef509afa19f23e7c9e34413df7,TOW-BLR-001,2026-08-31T16:17:39Z,-92
cc6a64b393383a4ba1bb601bcf6b3acfae97f5d200518ae28211fdfde0f911f2,TOW-BLR-002,2026-08-31T22:26:53Z,-55
ea65e1e9e85234a2d75d1068dcd45e323543e123130f0600ce591123eafc8600,TOW-BLR-004,2026-08-30T07:28:12Z,-55
4ee1d1663fe1c8dba22aff6390d16ec929cd2c6dd08c33a43efdf55d10c2ed5b,TOW-BLR-005,2026-08-30T20:42:17Z,-80
7db41c47095120834f255ed6a9005c4edc4b430ef019eb6f4df2754c2b3d228a,TOW-BLR-004,2026-08-31T00:48:34Z,-99
12030bfb87a972728846acb9e72576256886534bdc90af27da64fc64607c03c5,TOW-BLR-001,2026-08-30T18:23:05Z,-50
dba1521b6091cf64b9de658c2f1eb1ce93fc8d45c84778661bf95cff148582e0,TOW-BLR-004,2026-08-30T08:18:27Z,-58
e03084bd52a1de59f703c73a314b52bf9f7026848c2545312ce44ccc7b54e5d4,TOW-BLR-004,2026-08-31T11:48:28Z,-106
2d79558bb4e3c15673ad08352dde6e8c13ea6fb69dde51ff483f3ccbb7f795c3,TOW-BLR-001,2026-08-30T11:02:54Z,-101
0381be7abc2a2e33ba7ed09549f3d24cf97c4515c755faf466999b9084c0c563,TOW-BLR-005,2026-08-30T22:07:28Z,-105
39bfa5d7a53ae5dc5e6fb7a1daa9c8667bbb8e31e055933cae3b960a780e2fc0,TOW-BLR-001,2026-08-31T16:38:15Z,-62
b3e45428dce2593a6b83b43fff29c95eab50acb1cc55b2daeb176a2788b74766,TOW-BLR-005,2026-08-31T19:24:31Z,-60
8f6c3567020fe5158954a16a90fe942b05b979cc3d21185db7682c502a185a2e,TOW-BLR-002,2026-08-31T14:03:09Z,-86
2774be5a56fcdf5d04f289fcca9eda5f3f2b4026f2ce4b5f2adf3bbac442febb,TOW-BLR-004,2026-08-30T21:39:09Z,-55
e10363f8958cd2b611c6abe035c04cb016a3c8d51154f65f6932a5c26f9ea68c,TOW-BLR-004,2026-08-30T22:14:13Z,-74
8f6c3567020fe5158954a16a90fe942b05b979cc3d21185db7682c502a185a2e,TOW-BLR-001,2026-08-31T20:23:31Z,-63
a4488d9cbf53e318e7cd9beaf8a5512f8b50d81b4edfc6b0affdc8a4b4cbb2ba,TOW-BLR-002,2026-08-31T21:32:55Z,-97
7f2aafa15c630696adf2683d461db9bbd05fda0713e55de6b83a58f667d4888f,TOW-BLR-001,2026-08-30T11:26:11Z,-95
994c4489211698bbcf023b39117e68fd91ff40b8de92e6790b5866888fe1e03e,TOW-BLR-005,2026-08-30T05:27:57Z,-100
7621de8ca83cbcd279167f556516c491dadb09330607c1f0ad30436e496097d6,TOW-BLR-004,2026-08-31T08:48:16Z,-66
a3f6c75cff3ad8beec20e1a0aa71d3f22deffc01ca147e447f33652b2a71efae,TOW-BLR-004,2026-08-30T21:12:31Z,-108
e8f00016406bb08c12dc8c0e43fc32a1da7071e14c3cea997d3566848d75a7b4,TOW-BLR-003,2026-08-30T20:35:12Z,-66
dba1521b6091cf64b9de658c2f1eb1ce93fc8d45c84778661bf95cff148582e0,TOW-BLR-004,2026-08-30T05:10:59Z,-67
e8f00016406bb08c12dc8c0e43fc32a1da7071e14c3cea997d3566848d75a7b4,TOW-BLR-003,2026-08-31T21:30:55Z,-73
749b8c6b6e329536c169d086aacabc027ba8ca8d5b21588417083626197c27be,TOW-BLR-002,2026-08-31T06:57:27Z,-103
3a489a1f2d50a7145610c51b0f2ba3fb83cb5fe91c12c2961b086df8092a6c88,TOW-BLR-002,2026-08-31T23:09:33Z,-101
a4a572481d7efb2b2dc685f091aa115e366949d975bbb259a0bff53e0e49dc3d,TOW-BLR-003,2026-08-30T10:21:26Z,-106
0ca92962e618ad8a2565d59ff2d5a6646f29dacc382693eb5c2de580b1b62e5f,TOW-BLR-002,2026-08-30T22:23:58Z,-72
655badaedb0392e0426bcfed45623fff014b93f36c2bfbf9bff47b52c5b15140,TOW-BLR-005,2026-08-30T21:00:57Z,-82
ac4d86152237babe16e522e0f80f243fccc135f73a43438fda309a2c79d06c46,TOW-BLR-004,2026-08-30T22:08:35Z,-66
a92475f03c5c0e704011c75f83e311cba049d04139c488d187645cbe5836ee42,TOW-BLR-003,2026-08-31T12:26:35Z,-76
8db711f1e9c56e3ec7d23fcbbb50874c31595217047cef55c4464670811dea54,TOW-BLR-004,2026-08-30T05:51:27Z,-72
e799c2d47421751052a9b78f7e997150cd304e0b0c07d742b4490116e4802051,TOW-BLR-004,2026-08-30T23:28:14Z,-72
e1666c1ff291b7c40b69df20c664fa769b46a15bdf7ad72bf1ffd72f63d51649,TOW-BLR-001,2026-08-30T06:39:00Z,-96
d562e1c1ff197335e78350043605b9c9a724f1ce41a8440aee5444fa9a2c6168,TOW-BLR-005,2026-08-31T18:45:10Z,-50
bdc3ac20257eed8311edda7e668474d29467a33bcdc30a5ac7180a038097af23,TOW-BLR-003,2026-08-31T17:57:39Z,-108
514d2ff67276c76ac8d5d761b8f652d553d046582e35c06ca92e32f042d20fd7,TOW-BLR-002,2026-08-31T10:15:38Z,-77
4489de783f0bdc9c1f46955c8b79e68e5b7268250d1c7cc130a9f14d220b14c8,TOW-BLR-004,2026-08-30T20:15:17Z,-99
c470b561344b949646b98c67f87afddd34b5985b84d8505eb64e1296d27ed7e2,TOW-BLR-004,2026-08-31T22:13:25Z,-58
cc6b3763e91ab45f13b630b1f96b0fac36879a3f0509992d02f2d39a5d256429,TOW-BLR-001,2026-08-31T10:13:30Z,-88
2f629a39127a6e00c862dfee8033366a17e57c8a3efe74a4b98d68e02917fb8c,TOW-BLR-003,2026-08-30T23:22:43Z,-68
774d203000b86f167d2636b3e581ecddd77c2e1843ee17aa0a70e6d8db614c2a,TOW-BLR-002,2026-08-31T00:00:56Z,-84
62cba2b3558fe5db259bb5840cd24e7515734f8b42d6f0d656cd4e814e601c9b,TOW-BLR-004,2026-08-30T20:59:14Z,-68
9ba90f668aca95ce3bca5da8ca344e5e8f19a61ad84a6b76b5363cb4bae36980,TOW-BLR-004,2026-08-31T16:03:24Z,-108
664899f7580500b65ee3fb2b483121846c0c74a9d8f1124ee5067346bfc951ce,TOW-BLR-001,2026-08-30T22:54:08Z,-94
1dd27686432c1e2abfc90dd1bd07a714be564682b0b19015c4da9517d8fb08ce,TOW-BLR-001,2026-08-31T05:25:52Z,-55
28bce8f903d29d7ffd117da4022d6a8f445c0bb61d25d9b3130bfc6b7f07a0b9,TOW-BLR-001,2026-08-31T23:53:21Z,-55
cfc82faf09a6dc9b02ed746351fd4a85e0d59c3f2a8388a385cbda411989d9c8,TOW-BLR-004,2026-08-31T06:05:30Z,-107
61ff510fc7c8d0f3edfbf2e3d961cccbeb1d1f5266d5d648980b41c13d7a2ab5,TOW-BLR-005,2026-08-31T02:20:38Z,-71
614876d3edf5128ba4d3d15fc68c5a62a99dc6e8d5ecebfdb5f15ea2eaf97dae,TOW-BLR-004,2026-08-31T21:32:27Z,-82
eebec9b0998a8822dbdf98d57efcfbf13e2008e9a7afd4def57a07fc3a7db792,TOW-BLR-001,2026-08-30T14:49:21Z,-93
5561f501d23467b9e6955b39f1be445c0b050c65c9d2dc64742fe9d371f3ceab,TOW-BLR-002,2026-08-30T20:58:25Z,-82
0914bcb9c4e6585bba37c48570774e86f8d87ff884fede75c8d19d9c85ccb3ed,TOW-BLR-004,2026-08-30T08:50:31Z,-109
438def5eabfbb68a3b92db643ef7878613bbc2faa66a7a86b4eba14d00bd1745,TOW-BLR-005,2026-08-30T17:25:30Z,-65
9640ffa8fd3b6c05321013dd64ca4ba4bcd7e82047fb9c0c01f898481d00e72b,TOW-BLR-003,2026-08-31T16:06:39Z,-110
e6951d6c5a3a48fb67ac2286e053646bf0df327033541b173b88a0e682170299,TOW-BLR-004,2026-08-30T06:47:14Z,-96
d41e30e0593ac284cad2c7c08569fbdad3dd2a63b3ed8a6bdb90b74b9290c16d,TOW-BLR-001,2026-08-31T09:36:05Z,-50
b4137ecb3d80db814311d6a4053415d0bd71e8b4e4fb32b9f5a39b74d62a8504,TOW-BLR-002,2026-08-31T12:17:26Z,-51
c2e085ff3106211c72863a7a99360642c5170eadd9a22346a895f4cec806fc92,TOW-BLR-003,2026-08-31T13:03:17Z,-65
6462b2c251ec37a5786c7556a054354f7b7ccc68c7231ead15389dfb39f86d1f,TOW-BLR-004,2026-08-31T11:08:04Z,-80
faf4897f37a82eaf9e8cb074678fdf8a3179b6174545b37131e9854d06b84f6a,TOW-BLR-004,2026-08-31T16:08:30Z,-101
2779749f7710949a4792cc1cccf83ac4506a22e7344db9bff0318b42e6108519,TOW-BLR-002,2026-08-31T19:38:43Z,-78
655badaedb0392e0426bcfed45623fff014b93f36c2bfbf9bff47b52c5b15140,TOW-BLR-002,2026-08-30T05:05:00Z,-93
50910d451937c8598faa62cd6d80123690e3d3e18a319df65da8c93c6497cef1,TOW-BLR-004,2026-08-31T00:44:56Z,-51
cbf710d65baba3fa8d515be70761860ae0362217228a5b27e316882ce252c18d,TOW-BLR-005,2026-08-30T19:27:17Z,-58
7621de8ca83cbcd279167f556516c491dadb09330607c1f0ad30436e496097d6,TOW-BLR-003,2026-08-30T21:44:24Z,-57
e10363f8958cd2b611c6abe035c04cb016a3c8d51154f65f6932a5c26f9ea68c,TOW-BLR-005,2026-08-31T11:39:16Z,-55
3108f70e3438057186993335f56bd6c6d9ffe0a74ee099c8be28fdfc35c97a2c,TOW-BLR-004,2026-08-31T15:13:05Z,-80
3d47fa14eca1ad3c6af4a7630628e3e43d0de0e692c02fb9966106fd91f3e1c2,TOW-BLR-003,2026-08-31T16:11:21Z,-62
3a489a1f2d50a7145610c51b0f2ba3fb83cb5fe91c12c2961b086df8092a6c88,TOW-BLR-004,2026-08-31T09:09:25Z,-51
1dd27686432c1e2abfc90dd1bd07a714be564682b0b19015c4da9517d8fb08ce,TOW-BLR-002,2026-08-30T17:23:21Z,-74
2779749f7710949a4792cc1cccf83ac4506a22e7344db9bff0318b42e6108519,TOW-BLR-002,2026-08-31T05:54:42Z,-108
541b2920d264e79295106f9481dd0b84153d03d56baa980f48caacdedab79cfe,TOW-BLR-004,2026-08-31T03:45:37Z,-86
749b8c6b6e329536c169d086aacabc027ba8ca8d5b21588417083626197c27be,TOW-BLR-002,2026-08-31T12:04:07Z,-108
1e153199ebee9124b76aeb29141d81316036069970aeaae21b359e771d49fbcd,TOW-BLR-005,2026-08-31T18:58:32Z,-89
21308ebc339ed29ba2719c3421b30cf3d970d86d5452bf72124521884c6e130e,TOW-BLR-001,2026-08-31T08:03:43Z,-104
680ae478d9e8f0a61999e67f1223f32e269acc9daf00ee8e31b0c7a99bfae5d4,TOW-BLR-004,2026-08-30T01:07:03Z,-64
e9024445f21f5d8c0dea88c26cf1d644e07bd5fb795be39b8b55c7ec859cee17,TOW-BLR-004,2026-08-31T23:40:46Z,-101
226d8826c385168e16b0917b76aa9c3f9bd852ee5d6f16791734803b3fff2069,TOW-BLR-004,2026-08-30T19:17:54Z,-89
ee7e18675c2c64ba9da01d4ead0588b4e15751d9557b30d41a89ac44de6b3db3,TOW-BLR-004,2026-08-31T23:19:10Z,-105
1cb1a3f105243c12f43e49ea3b7f2a77275a1fbbb926af3b761ccc42bf7f8bbb,TOW-BLR-003,2026-08-31T14:51:25Z,-86
3f24dc89df996ef63c8289393b934feed72d9dbb13a7e4e2180dcd25f0f50391,TOW-BLR-003,2026-08-31T21:38:31Z,-65
329ca6ac512e95d4428bdcfcc69d43ded1cd914a94127edefb12ad988ce7ef4b,TOW-BLR-004,2026-08-31T15:23:44Z,-108
8f6c3567020fe5158954a16a90fe942b05b979cc3d21185db7682c502a185a2e,TOW-BLR-001,2026-08-30T17:05:43Z,-70
e01d811a79fc578af3d4139e61bb2d3e543e3069a4328eddce1bac46495508f1,TOW-BLR-003,2026-08-30T16:33:54Z,-63
63e057fde085f12ed5175da4bedf4ca9b785b50614b0d21a48adcd1cd457483f,TOW-BLR-004,2026-08-30T07:10:06Z,-62
c331a6b20a84257bab78df7177103605e5f668c2b4e8c00a9c44bc40b5ef93eb,TOW-BLR-001,2026-08-31T08:18:27Z,-100
62cba2b3558fe5db259bb5840cd24e7515734f8b42d6f0d656cd4e814e601c9b,TOW-BLR-003,2026-08-30T02:06:28Z,-108
2e5363d57be11745b6badea9f90e0d46330f696bd5b930c72e77374c42069361,TOW-BLR-001,2026-08-30T21:21:44Z,-88
db60cb3d3e926de5e1f1dc5ec39988132f99ed7cfdb2c75b0d98588d668e754a,TOW-BLR-004,2026-08-30T10:36:00Z,-95
963a9f6d2ede09f587dc708254327c775a8dbb7ebfa4ee671035859c4dd2b5b9,TOW-BLR-004,2026-08-31T17:12:34Z,-67
0c464a077072f36c3a1a180c5de7f5080817e7377fbe2dc5b1677c3adebac752,TOW-BLR-002,2026-08-30T12:22:40Z,-99
acc639aa3e154ebcb8bacfdda9c6cd45fc7fab52b0b141e2e9dcf2f2c3a30288,TOW-BLR-005,2026-08-31T03:51:21Z,-71
27a9f6cf3e784af9957031dd7c4ea3328ee97a45e97e32dcc06d0e81de9a6a44,TOW-BLR-002,2026-08-31T12:14:20Z,-52
c470b561344b949646b98c67f87afddd34b5985b84d8505eb64e1296d27ed7e2,TOW-BLR-002,2026-08-30T16:54:26Z,-81
55768ebde66794472f72ffb0e46b19fb191ed283e65f0f937924db158b9f03cc,TOW-BLR-003,2026-08-31T09:27:53Z,-94
71545b7cc76f2b684ffbd6fa39c0b37a3cebb903f1ae21d330405c6a682803ab,TOW-BLR-001,2026-08-31T09:52:43Z,-53
e53081484a5eb1c0f5f73ecf0cd933511de4c4ffc753f057daa54f7c32018d01,TOW-BLR-005,2026-08-30T11:30:12Z,-106
7c3444809193dd8892bd3d5406741e9e223bd5de3febc017ef431a8d712e364f,TOW-BLR-003,2026-08-31T18:47:08Z,-91
55768ebde66794472f72ffb0e46b19fb191ed283e65f0f937924db158b9f03cc,TOW-BLR-004,2026-08-30T18:12:41Z,-81
62bd82e922a8ec6730fed1035ea57162649ffbf5882baf6115b56d0c3c8ff6df,TOW-BLR-003,2026-08-30T14:30:23Z,-86
1cb1a3f105243c12f43e49ea3b7f2a77275a1fbbb926af3b761ccc42bf7f8bbb,TOW-BLR-004,2026-08-30T07:45:58Z,-95
733e613aa1af193c29f217e1041ea514990da8f1507065bf8b682122676bd98c,TOW-BLR-005,2026-08-31T02:08:18Z,-74
c14c122b7d80c0cadc54149e12c9e1f574f2499598653912351b2a668a0aba1d,TOW-BLR-003,2026-08-30T01:35:51Z,-57
1cb1be4b1497c4012d982486d14c4ff0b1955d00181b6d751e220ee7701403a8,TOW-BLR-004,2026-08-30T19:59:13Z,-110
7b696387507a0442fa73032f77df22fbfca57d2f62198e30029ec2a03dcc8d57,TOW-BLR-001,2026-08-31T20:09:25Z,-63
3404f57309d8e1f7c2250dc78541765cf40b63416cdb7e032ad5ca046e930e24,TOW-BLR-003,2026-08-30T16:45:24Z,-72
bdd2bdbaf183327d7ca5b7121c51db5ae24f436a01a4db832ea4d719bbbe7733,TOW-BLR-003,2026-08-30T15:56:50Z,-70
61ff510fc7c8d0f3edfbf2e3d961cccbeb1d1f5266d5d648980b41c13d7a2ab5,TOW-BLR-005,2026-08-30T18:15:00Z,-67
614876d3edf5128ba4d3d15fc68c5a62a99dc6e8d5ecebfdb5f15ea2eaf97dae,TOW-BLR-002,2026-08-31T21:44:51Z,-104
6c80697a257233c38023ce9e735e10c89e76b5d5fb9e63a1b96a8ac89bc49c67,TOW-BLR-001,2026-08-30T22:29:44Z,-60
623458811301a7a083ae0d7176fbf402b21877cf81552b4001e222a9f3a990c3,TOW-BLR-001,2026-08-31T18:12:11Z,-87
9223f782eeb1eef2af92c9ef48f9e721834d0e8fbfef6fafe4c83c0c15b71264,TOW-BLR-002,2026-08-30T06:33:47Z,-52
c14c122b7d80c0cadc54149e12c9e1f574f2499598653912351b2a668a0aba1d,TOW-BLR-003,2026-08-31T06:15:21Z,-99
5f789fd2c5836252cc417e4829879fb15a3dc5b35c4ee49f7f2be52647303570,TOW-BLR-002,2026-08-31T15:16:42Z,-54
374990eb0fbeabeaa27b11dd595064faf7e817abd85676d2ccb3da4f44acbd11,TOW-BLR-003,2026-08-31T14:39:19Z,-78
2c81ff0b42af0ac31a2c1bb6367fe9c71a4db98f91ee9dd8dae0d9952724a68b,TOW-BLR-003,2026-08-30T11:58:54Z,-94
2c81ff0b42af0ac31a2c1bb6367fe9c71a4db98f91ee9dd8dae0d9952724a68b,TOW-BLR-004,2026-08-30T21:29:29Z,-63
21308ebc339ed29ba2719c3421b30cf3d970d86d5452bf72124521884c6e130e,TOW-BLR-003,2026-08-30T08:23:11Z,-81
d562e1c1ff197335e78350043605b9c9a724f1ce41a8440aee5444fa9a2c6168,TOW-BLR-001,2026-08-30T10:14:58Z,-62
12030bfb87a972728846acb9e72576256886534bdc90af27da64fc64607c03c5,TOW-BLR-002,2026-08-31T04:56:19Z,-56
bdd2bdbaf183327d7ca5b7121c51db5ae24f436a01a4db832ea4d719bbbe7733,TOW-BLR-005,2026-08-31T02:38:05Z,-105
0c464a077072f36c3a1a180c5de7f5080817e7377fbe2dc5b1677c3adebac752,TOW-BLR-004,2026-08-30T01:00:48Z,-94
7a677870d8c06defbdf456be024b65848db56b7ac4755a7297e78308315ae636,TOW-BLR-001,2026-08-31T09:06:59Z,-87
0162aa00917191d22e2948a923eeba8b3127e99535ef6f6cce59372f46292cd2,TOW-BLR-003,2026-08-31T18:33:58Z,-86
58a6e3dc4206df0cba91aa32a701bea7293f9d9e17d386b2f2b0411cc01d9720,TOW-BLR-003,2026-08-30T07:53:22Z,-67
e8f00016406bb08c12dc8c0e43fc32a1da7071e14c3cea997d3566848d75a7b4,TOW-BLR-004,2026-08-30T01:49:20Z,-71
a9cb35a4fd627463d2028b97d80463eba8976d54e3f9ecdc40b17877be95bf19,TOW-BLR-005,2026-08-30T23:53:04Z,-52
c8f37c395bad9f7984fa2958e584e0d57d3985a86ed5df2571f601b435eeb661,TOW-BLR-002,2026-08-31T23:09:38Z,-106
c331a6b20a84257bab78df7177103605e5f668c2b4e8c00a9c44bc40b5ef93eb,TOW-BLR-004,2026-08-30T22:00:17Z,-69
2f629a39127a6e00c862dfee8033366a17e57c8a3efe74a4b98d68e02917fb8c,TOW-BLR-001,2026-08-30T10:10:41Z,-108
e1c50c60bd295187ed76df05350c2f8dda62be7db7100c9502d042ecb0647bea,TOW-BLR-001,2026-08-30T22:09:47Z,-79
a5c9577bb5af38d2ff8147936b242dad7800fc3f454896fb7b89c9679241b18b,TOW-BLR-001,2026-08-30T17:05:51Z,-54
7a677870d8c06defbdf456be024b65848db56b7ac4755a7297e78308315ae636,TOW-BLR-002,2026-08-31T04:18:01Z,-81
d427539d777d7e1658638290cb9fab436f06cc47d74eaa6fe686b199b2b20b25,TOW-BLR-005,2026-08-31T06:31:11Z,-73
1b8e2f4669c49257fcbc07db82dff985ebdcea2645c6b93aca03046d5731472a,TOW-BLR-002,2026-08-31T06:12:39Z,-69
a4488d9cbf53e318e7cd9beaf8a5512f8b50d81b4edfc6b0affdc8a4b4cbb2ba,TOW-BLR-004,2026-08-31T20:49:49Z,-84
3cee8dbbae85a1deabbf81ebce14a6aa0a7af01250985f09ec3de2f2bcc4b3b7,TOW-BLR-003,2026-08-30T02:22:56Z,-66
d427539d777d7e1658638290cb9fab436f06cc47d74eaa6fe686b199b2b20b25,TOW-BLR-002,2026-08-31T08:17:10Z,-82
8cfb6b888a7f0c057eb5a53552975702d7397eeecd4f696e49a7df9588c2e1f8,TOW-BLR-002,2026-08-31T02:24:35Z,-104
e01d811a79fc578af3d4139e61bb2d3e543e3069a4328eddce1bac46495508f1,TOW-BLR-003,2026-08-31T15:38:48Z,-53
75211b3edf6cbfd2bb503506dc3c73550c9179fda0a8f45f75153f013d13c222,TOW-BLR-003,2026-08-30T04:24:32Z,-85
d2436884e59a142c599c677d7a8e920706502f134261082705708e2c52ff095c,TOW-BLR-002,2026-08-30T08:53:43Z,-50
075c081e2edc77d960c5a77903c03dce2ff4a629cdac09a4bfc5c9be3eb03e12,TOW-BLR-004,2026-08-30T06:40:31Z,-68
cdd95be7efebbce1759b91fab7ca6127de9fb4230ad56f5dac8b8b7fff73d9db,TOW-BLR-005,2026-08-30T01:33:18Z,-107
cbf710d65baba3fa8d515be70761860ae0362217228a5b27e316882ce252c18d,TOW-BLR-003,2026-08-30T17:44:10Z,-102
cbf710d65baba3fa8d515be70761860ae0362217228a5b27e316882ce252c18d,TOW-BLR-005,2026-08-30T14:56:33Z,-106
6f69d588e0a357f690fe95f6b229ebae3116d34f1e5fdead5d1157845ba5d384,TOW-BLR-005,2026-08-30T15:05:05Z,-73
128a2c7bd4fd5507bb0d446ee5793b54ea77c9ab7beee573ac0798d61385482f,TOW-BLR-002,2026-08-30T23:55:29Z,-61
3914a31c587f0090d3fa33ffc0e20d8c98208ac7e2a63abf5b0dae856bcaf132,TOW-BLR-005,2026-08-30T00:12:23Z,-93
a47f789aa388687028705b7f2d4547d8000047bb5ec34c7b31f59fa3ab8539a6,TOW-BLR-002,2026-08-30T09:27:56Z,-76
e1666c1ff291b7c40b69df20c664fa769b46a15bdf7ad72bf1ffd72f63d51649,TOW-BLR-002,2026-08-30T08:00:16Z,-68
b7b24c21128514aa97ef1bd367e3106c0bb05ab8a08d86f1354babd21669850c,TOW-BLR-001,2026-08-30T09:35:51Z,-110
1d8716c4dd38df6890b9e1881e03d3ea4f9f5acb6e7823dbdbcca7fd418f2e2f,TOW-BLR-002,2026-08-31T18:52:44Z,-90
e514f926f417d960da222d7a1c16d5b31d7dfc71fa5140f104670febd095e2c6,TOW-BLR-002,2026-08-30T19:19:24Z,-107
1e153199ebee9124b76aeb29141d81316036069970aeaae21b359e771d49fbcd,TOW-BLR-004,2026-08-31T14:18:30Z,-103
1b8e2f4669c49257fcbc07db82dff985ebdcea2645c6b93aca03046d5731472a,TOW-BLR-001,2026-08-31T10:40:45Z,-82
c29f10eeeac39ff9da13cd1771e7013daa37b6f9553618953e642c0193b1105d,TOW-BLR-003,2026-08-31T13:22:22Z,-73
179b29b175854ddd9f2dd460353266387174d375bcf69481556bc9e55562f9f7,TOW-BLR-004,2026-08-31T12:41:18Z,-96
e1c50c60bd295187ed76df05350c2f8dda62be7db7100c9502d042ecb0647bea,TOW-BLR-005,2026-08-30T03:09:27Z,-64
f278eae79a99880355e00f3a7b18d3230b4cf801de627669e85e616cfb853a31,TOW-BLR-005,2026-08-30T21:57:50Z,-81
fee0cfa53d5328eeab6e9c98c28a9a57cd4de2a7597f9c83002a5b4141243e7d,TOW-BLR-001,2026-08-30T04:25:45Z,-80
62bd82e922a8ec6730fed1035ea57162649ffbf5882baf6115b56d0c3c8ff6df,TOW-BLR-004,2026-08-31T07:02:25Z,-67
179b29b175854ddd9f2dd460353266387174d375bcf69481556bc9e55562f9f7,TOW-BLR-004,2026-08-31T08:17:57Z,-106
528f9d1c169746b6a29d77cb1f91df1f22d5e7bcf1e58a917a90e4f6a52df000,TOW-BLR-001,2026-08-30T23:27:19Z,-72
3914a31c587f0090d3fa33ffc0e20d8c98208ac7e2a63abf5b0dae856bcaf132,TOW-BLR-001,2026-08-30T09:11:20Z,-93
ee7e18675c2c64ba9da01d4ead0588b4e15751d9557b30d41a89ac44de6b3db3,TOW-BLR-005,2026-08-31T15:55:48Z,-65
2e5363d57be11745b6badea9f90e0d46330f696bd5b930c72e77374c42069361,TOW-BLR-004,2026-08-31T19:30:02Z,-77
c14c122b7d80c0cadc54149e12c9e1f574f2499598653912351b2a668a0aba1d,TOW-BLR-004,2026-08-31T12:48:47Z,-72
2dad7dd62b009098dd3015775fa21a10553632e72f58bf7c8d4349688e85edb7,TOW-BLR-001,2026-08-30T08:19:52Z,-56
26796abc3ac290807b505dea3353c73ca9adc03dcb3dcd68e74c4d00e5e068f8,TOW-BLR-005,2026-08-30T15:39:27Z,-83
2774be5a56fcdf5d04f289fcca9eda5f3f2b4026f2ce4b5f2adf3bbac442febb,TOW-BLR-002,2026-08-31T06:07:58Z,-89
a555bd5f4da0fa7f434ab161a8964c5a8c7a727c3a05eda72767d5e76a703d7d,TOW-BLR-004,2026-08-31T05:02:04Z,-84
a91a9ad7f674f50c12821a23db77ab9fec0f3a5f7846ac3a035639fd74c19c5b,TOW-BLR-001,2026-08-30T22:45:32Z,-83
f09defae43936bc24acfcb7f14509d12080824d2ab52b46e006c57e20408aa08,TOW-BLR-003,2026-08-31T03:15:20Z,-101
e01d811a79fc578af3d4139e61bb2d3e543e3069a4328eddce1bac46495508f1,TOW-BLR-004,2026-08-30T04:53:18Z,-105
6f69d588e0a357f690fe95f6b229ebae3116d34f1e5fdead5d1157845ba5d384,TOW-BLR-001,2026-08-30T06:47:19Z,-83
8679f0fa29e477d1def3ae9e208876db0be8ecedd590b3ba6c5ce9a1caeb22c7,TOW-BLR-003,2026-08-30T09:28:28Z,-75
0ca92962e618ad8a2565d59ff2d5a6646f29dacc382693eb5c2de580b1b62e5f,TOW-BLR-005,2026-08-31T16:53:36Z,-75
4075c01d70966dc11bef2096198285422fbbd861d184a28bc57ff6fc7fe81f4a,TOW-BLR-001,2026-08-31T05:54:51Z,-88
d4d9b138de4939b5a64d664afbd8ffb6be0bb1d9157e5b907b48f4b8b7fb5816,TOW-BLR-004,2026-08-30T03:44:46Z,-92
f8a59b7cf1ffeefddb4cad82da9fb10563f4d8deb34e9d00533fcc65b639ddc9,TOW-BLR-003,2026-08-31T01:36:21Z,-104
2d79558bb4e3c15673ad08352dde6e8c13ea6fb69dde51ff483f3ccbb7f795c3,TOW-BLR-005,2026-08-30T15:29:28Z,-101
1cb1be4b1497c4012d982486d14c4ff0b1955d00181b6d751e220ee7701403a8,TOW-BLR-004,2026-08-30T16:19:44Z,-56
179b29b175854ddd9f2dd460353266387174d375bcf69481556bc9e55562f9f7,TOW-BLR-003,2026-08-31T16:30:21Z,-87
a5c9577bb5af38d2ff8147936b242dad7800fc3f454896fb7b89c9679241b18b,TOW-BLR-003,2026-08-31T17:48:16Z,-96
9752b374a6dca9438cf640f07ee97b5e9219d13a25c503ca0931f630f408007f,TOW-BLR-004,2026-08-31T16:50:53Z,-61
815c8294c15a0369f897299acf164eb0c88d156163b6926d34a6c32225270d1d,TOW-BLR-005,2026-08-31T20:40:44Z,-67
fee0cfa53d5328eeab6e9c98c28a9a57cd4de2a7597f9c83002a5b4141243e7d,TOW-BLR-005,2026-08-30T01:54:42Z,-72
37d5bcc2e10e41308171cc736deaeb1ae3801824fe99d46de6a7dd02427f8d16,TOW-BLR-003,2026-08-30T02:06:29Z,-99
6462b2c251ec37a5786c7556a054354f7b7ccc68c7231ead15389dfb39f86d1f,TOW-BLR-003,2026-08-31T00:44:42Z,-88
c01a6992a61aa93d4e9d9f42d82df188c91b3e1f2d06f347a56337292c8a85a7,TOW-BLR-002,2026-08-30T10:25:52Z,-74
1cb1be4b1497c4012d982486d14c4ff0b1955d00181b6d751e220ee7701403a8,TOW-BLR-004,2026-08-30T05:04:01Z,-101
ceb92794371376cce497c125e1859d5da18956b33da07f06cae159d1cb60eeb6,TOW-BLR-001,2026-08-30T06:40:53Z,-63
963a9f6d2ede09f587dc708254327c775a8dbb7ebfa4ee671035859c4dd2b5b9,TOW-BLR-002,2026-08-31T03:23:37Z,-84
664899f7580500b65ee3fb2b483121846c0c74a9d8f1124ee5067346bfc951ce,TOW-BLR-003,2026-08-30T11:27:43Z,-87
44a2ab369bd48f9dade49e6155f2c1e151bcdc5051f2f956afa1431bb13f8be1,TOW-BLR-003,2026-08-31T17:19:51Z,-72
01d3d1ae9ffe5b587f8d18acb10f48bdc9446b971dba998f10683223125fde60,TOW-BLR-001,2026-08-30T11:19:44Z,-100
614876d3edf5128ba4d3d15fc68c5a62a99dc6e8d5ecebfdb5f15ea2eaf97dae,TOW-BLR-005,2026-08-30T03:37:24Z,-67
acc639aa3e154ebcb8bacfdda9c6cd45fc7fab52b0b141e2e9dcf2f2c3a30288,TOW-BLR-003,2026-08-31T08:15:59Z,-68
ef381ec30b82913c60a6c06d3c429ef4f754d856719fe68096ff9c3cff940bfb,TOW-BLR-004,2026-08-31T20:12:21Z,-82
b3e45428dce2593a6b83b43fff29c95eab50acb1cc55b2daeb176a2788b74766,TOW-BLR-003,2026-08-30T15:41:50Z,-62
28bce8f903d29d7ffd117da4022d6a8f445c0bb61d25d9b3130bfc6b7f07a0b9,TOW-BLR-001,2026-08-31T01:08:04Z,-83
a306962ddc4e800a51d884da9e7e0bd2fa08b534c8773d2cdbf06790da9fa65d,TOW-BLR-003,2026-08-31T19:11:26Z,-79
680ae478d9e8f0a61999e67f1223f32e269acc9daf00ee8e31b0c7a99bfae5d4,TOW-BLR-003,2026-08-30T03:18:25Z,-96
da46c1b20bb0c378edcaee8832ed4f959a5ebdd74213d9ad63df0f498f6bd2b4,TOW-BLR-005,2026-08-30T03:59:20Z,-110
27fb3e04a0e726c98b1040e53908e60b10c50f29d312fb808a051d0da28034e6,TOW-BLR-003,2026-08-30T15:22:53Z,-61
c89efbb027c12f4b909983c4355aec7fcd703fe6189044ce7d0594af3eb770d4,TOW-BLR-003,2026-08-30T21:04:36Z,-90
b4137ecb3d80db814311d6a4053415d0bd71e8b4e4fb32b9f5a39b74d62a8504,TOW-BLR-001,2026-08-31T12:13:06Z,-63
2dad7dd62b009098dd3015775fa21a10553632e72f58bf7c8d4349688e85edb7,TOW-BLR-002,2026-08-30T09:24:25Z,-86
64fdc51f368e71395a7448eb988c56d10bd682b76bb1403d56524552df9a8b1a,TOW-BLR-002,2026-08-31T12:25:40Z,-75
6061496b81655335453d7cb834b0c2abbaf8611fc4415969b50985d236ef0a22,TOW-BLR-003,2026-08-30T05:14:54Z,-85
dba1521b6091cf64b9de658c2f1eb1ce93fc8d45c84778661bf95cff148582e0,TOW-BLR-001,2026-08-31T07:45:52Z,-109
1c23e30dc22cff7d9aa4539a48dbcbb7caf4fdaf6fa0021e39f2c045be36e658,TOW-BLR-001,2026-08-30T22:47:46Z,-74
bfea41177792521cca94d1ee5637e5b077cf5b0d4a50e5861d4fd514573f7464,TOW-BLR-005,2026-08-31T05:26:57Z,-65
55768ebde66794472f72ffb0e46b19fb191ed283e65f0f937924db158b9f03cc,TOW-BLR-004,2026-08-30T21:04:54Z,-103
a92475f03c5c0e704011c75f83e311cba049d04139c488d187645cbe5836ee42,TOW-BLR-001,2026-08-30T23:38:56Z,-100
bdd2bdbaf183327d7ca5b7121c51db5ae24f436a01a4db832ea4d719bbbe7733,TOW-BLR-005,2026-08-31T09:30:11Z,-57
28ca498f1861bf52e0b0fb8af9c1c1d88bda98dbfdef764c0e0834aaa4f210e0,TOW-BLR-003,2026-08-30T06:25:02Z,-83
62bd82e922a8ec6730fed1035ea57162649ffbf5882baf6115b56d0c3c8ff6df,TOW-BLR-001,2026-08-30T17:43:03Z,-83
e10363f8958cd2b611c6abe035c04cb016a3c8d51154f65f6932a5c26f9ea68c,TOW-BLR-004,2026-08-31T14:09:13Z,-105
da46c1b20bb0c378edcaee8832ed4f959a5ebdd74213d9ad63df0f498f6bd2b4,TOW-BLR-003,2026-08-31T00:43:21Z,-96
97368f3c02f48f75894e4de8193414fce44ead3ef4706afdcafa5d91758315d7,TOW-BLR-002,2026-08-30T05:33:42Z,-78
c331a6b20a84257bab78df7177103605e5f668c2b4e8c00a9c44bc40b5ef93eb,TOW-BLR-001,2026-08-31T14:38:14Z,-78
033cb5d2a369636fca13cc266088ef49b139033d26568e95cfc45648b2f00aff,TOW-BLR-003,2026-08-31T01:33:58Z,-64
e747d03e9c44baba2eb35f2a03b141dc9fb150e979435990e40d4d2588df5cb3,TOW-BLR-002,2026-08-30T17:12:16Z,-104
3914a31c587f0090d3fa33ffc0e20d8c98208ac7e2a63abf5b0dae856bcaf132,TOW-BLR-003,2026-08-30T14:21:53Z,-99
a6b9b064c298e3a2b3f93834e33675a4415900230ca5a96e1e9963baafbf4749,TOW-BLR-002,2026-08-31T23:43:57Z,-106
645cb5ae33ecbf471ebf101aef4c781e2f0b1a50c071ca9ee7ae5ce4e8f430b8,TOW-BLR-004,2026-08-31T09:47:02Z,-62
7b696387507a0442fa73032f77df22fbfca57d2f62198e30029ec2a03dcc8d57,TOW-BLR-005,2026-08-31T08:41:17Z,-67
aa44ba1bb9a6b63cc60a0ae6dbcfc2e798000a2af3ce5e5e3d0803a679875a60,TOW-BLR-005,2026-08-31T22:49:16Z,-70
ee7e18675c2c64ba9da01d4ead0588b4e15751d9557b30d41a89ac44de6b3db3,TOW-BLR-003,2026-08-31T21:40:21Z,-90
3108f70e3438057186993335f56bd6c6d9ffe0a74ee099c8be28fdfc35c97a2c,TOW-BLR-004,2026-08-30T04:58:20Z,-80
7c3444809193dd8892bd3d5406741e9e223bd5de3febc017ef431a8d712e364f,TOW-BLR-003,2026-08-30T20:00:04Z,-73
f89c7a25aa73d2138860ce78ca92d285666572ec069a32f612b59f091d2d2232,TOW-BLR-003,2026-08-31T12:56:35Z,-106
44a2ab369bd48f9dade49e6155f2c1e151bcdc5051f2f956afa1431bb13f8be1,TOW-BLR-004,2026-08-31T08:54:26Z,-108
f89c7a25aa73d2138860ce78ca92d285666572ec069a32f612b59f091d2d2232,TOW-BLR-003,2026-08-30T20:54:15Z,-106
75211b3edf6cbfd2bb503506dc3c73550c9179fda0a8f45f75153f013d13c222,TOW-BLR-001,2026-08-31T20:47:00Z,-72
74b278b09e7445e0d793bfc50d90bc456934a28ff41137b470d0b15f24cbc706,TOW-BLR-004,2026-08-31T09:41:37Z,-73
e6951d6c5a3a48fb67ac2286e053646bf0df327033541b173b88a0e682170299,TOW-BLR-001,2026-08-31T08:44:54Z,-52
0381be7abc2a2e33ba7ed09549f3d24cf97c4515c755faf466999b9084c0c563,TOW-BLR-005,2026-08-31T23:27:55Z,-98
1dd27686432c1e2abfc90dd1bd07a714be564682b0b19015c4da9517d8fb08ce,TOW-BLR-005,2026-08-31T10:38:03Z,-78
3108f70e3438057186993335f56bd6c6d9ffe0a74ee099c8be28fdfc35c97a2c,TOW-BLR-001,2026-08-31T08:48:21Z,-104
0381be7abc2a2e33ba7ed09549f3d24cf97c4515c755faf466999b9084c0c563,TOW-BLR-003,2026-08-30T06:08:26Z,-78
75211b3edf6cbfd2bb503506dc3c73550c9179fda0a8f45f75153f013d13c222,TOW-BLR-002,2026-08-30T02:51:00Z,-95
dd7bd4bcfc023cea77828a9d4467d55ac276d5425902f5552381e6e0f98bce8c,TOW-BLR-004,2026-08-31T07:59:51Z,-77
5cc172e6c14565e6dc2547d26145a1e9fc76c7168557933cca12bdaca3113697,TOW-BLR-005,2026-08-30T11:33:34Z,-87
db60cb3d3e926de5e1f1dc5ec39988132f99ed7cfdb2c75b0d98588d668e754a,TOW-BLR-003,2026-08-31T04:12:38Z,-84
04a4b90e332aa366ee3ff9d9f986e3770ce54d4b0b50f60b8194bd7533083d47,TOW-BLR-003,2026-08-31T19:32:12Z,-107
0c464a077072f36c3a1a180c5de7f5080817e7377fbe2dc5b1677c3adebac752,TOW-BLR-003,2026-08-30T04:47:58Z,-89
8679f0fa29e477d1def3ae9e208876db0be8ecedd590b3ba6c5ce9a1caeb22c7,TOW-BLR-005,2026-08-31T04:08:55Z,-92
e1666c1ff291b7c40b69df20c664fa769b46a15bdf7ad72bf1ffd72f63d51649,TOW-BLR-005,2026-08-30T10:56:59Z,-89
acc639aa3e154ebcb8bacfdda9c6cd45fc7fab52b0b141e2e9dcf2f2c3a30288,TOW-BLR-005,2026-08-30T10:17:54Z,-52
763fd87be48fc3c8c3709f9544d328717bb1ddb9678344ebbda99fadce1b5355,TOW-BLR-003,2026-08-31T23:46:20Z,-66
749b8c6b6e329536c169d086aacabc027ba8ca8d5b21588417083626197c27be,TOW-BLR-004,2026-08-30T09:23:23Z,-72
dd7bd4bcfc023cea77828a9d4467d55ac276d5425902f5552381e6e0f98bce8c,TOW-BLR-001,2026-08-30T22:32:35Z,-75
41fb42693e5559e4b7fd8d6cb4b0bbe89b98897c4d2fb30dd85c32276f044277,TOW-BLR-003,2026-08-30T09:18:20Z,-68
527c04e02df3ff3e27eeb14cbb5442e9a0d6cd00c1823792d74d70a748221858,TOW-BLR-005,2026-08-30T06:48:18Z,-69
cf8e4cdc32117c05ae9a7f56eefc46a94eb0db0b2e5cd67fd9a2e41f9eeb0a92,TOW-BLR-004,2026-08-31T13:01:37Z,-87
e514f926f417d960da222d7a1c16d5b31d7dfc71fa5140f104670febd095e2c6,TOW-BLR-003,2026-08-30T22:29:27Z,-99
8cfb6b888a7f0c057eb5a53552975702d7397eeecd4f696e49a7df9588c2e1f8,TOW-BLR-002,2026-08-31T00:53:03Z,-50
241f4bcd27c2cbf458ad7db886b03a52f063f0acae2773adeb9c65f1a5cb3050,TOW-BLR-004,2026-08-30T13:58:53Z,-96
c89efbb027c12f4b909983c4355aec7fcd703fe6189044ce7d0594af3eb770d4,TOW-BLR-002,2026-08-30T05:37:08Z,-92
62bd82e922a8ec6730fed1035ea57162649ffbf5882baf6115b56d0c3c8ff6df,TOW-BLR-001,2026-08-31T12:58:07Z,-61
cfc82faf09a6dc9b02ed746351fd4a85e0d59c3f2a8388a385cbda411989d9c8,TOW-BLR-005,2026-08-30T02:44:55Z,-68
0928f1fd5b5c226c90dc8dfdbecaec4df23667879d91b0de73c8a659b3b51c9d,TOW-BLR-005,2026-08-30T09:32:33Z,-72
41fb42693e5559e4b7fd8d6cb4b0bbe89b98897c4d2fb30dd85c32276f044277,TOW-BLR-002,2026-08-30T11:48:52Z,-99
6f69d588e0a357f690fe95f6b229ebae3116d34f1e5fdead5d1157845ba5d384,TOW-BLR-005,2026-08-30T12:03:15Z,-64
623458811301a7a083ae0d7176fbf402b21877cf81552b4001e222a9f3a990c3,TOW-BLR-001,2026-08-31T05:55:04Z,-87
eac5c4fa0df8925ed6a6c3b93119a5d12212c8ad8c8089cc8abcb4c68da216f1,TOW-BLR-002,2026-08-31T08:20:44Z,-71
41cfb62dc545f52a623ca34ff6274e78e3c806640f9c315637adf5a9f9fca5d1,TOW-BLR-004,2026-08-30T17:02:22Z,-76
5222bb3ec940ad667c5b6286ba827a586041bb986d577e580df048df81c002fe,TOW-BLR-003,2026-08-31T10:09:09Z,-53
6061496b81655335453d7cb834b0c2abbaf8611fc4415969b50985d236ef0a22,TOW-BLR-002,2026-08-31T02:47:07Z,-67
e1c50c60bd295187ed76df05350c2f8dda62be7db7100c9502d042ecb0647bea,TOW-BLR-005,2026-08-31T08:04:59Z,-81
241f4bcd27c2cbf458ad7db886b03a52f063f0acae2773adeb9c65f1a5cb3050,TOW-BLR-003,2026-08-31T03:48:25Z,-78
963a9f6d2ede09f587dc708254327c775a8dbb7ebfa4ee671035859c4dd2b5b9,TOW-BLR-004,2026-08-30T11:48:02Z,-58
5f789fd2c5836252cc417e4829879fb15a3dc5b35c4ee49f7f2be52647303570,TOW-BLR-005,2026-08-30T10:04:40Z,-55
e1666c1ff291b7c40b69df20c664fa769b46a15bdf7ad72bf1ffd72f63d51649,TOW-BLR-001,2026-08-31T22:41:21Z,-80
d4d9b138de4939b5a64d664afbd8ffb6be0bb1d9157e5b907b48f4b8b7fb5816,TOW-BLR-003,2026-08-31T16:22:49Z,-51
774d203000b86f167d2636b3e581ecddd77c2e1843ee17aa0a70e6d8db614c2a,TOW-BLR-005,2026-08-30T09:04:43Z,-92
01d3d1ae9ffe5b587f8d18acb10f48bdc9446b971dba998f10683223125fde60,TOW-BLR-002,2026-08-30T19:51:50Z,-82
6c80697a257233c38023ce9e735e10c89e76b5d5fb9e63a1b96a8ac89bc49c67,TOW-BLR-005,2026-08-30T10:43:46Z,-57
39fc2ded1476bc7aeb30d49ddc847faed054a01822a29d8cfcd965aadea576c3,TOW-BLR-001,2026-08-30T16:10:05Z,-58
2774be5a56fcdf5d04f289fcca9eda5f3f2b4026f2ce4b5f2adf3bbac442febb,TOW-BLR-003,2026-08-30T01:56:31Z,-84
5f73ad762d52353a3814d8344b8c3c3871dac373b2bd5d1d1021399309c4f409,TOW-BLR-004,2026-08-31T12:33:18Z,-87
fb508c4e8555e74ffb3890a20561ff7143dfac94aa360aae5d4b2be53a7da02c,TOW-BLR-004,2026-08-30T05:56:32Z,-87
367c904c22b232e98be959f9aa1f1fe766a88044d97e83bb2cb2b458e7c9235d,TOW-BLR-001,2026-08-30T23:12:21Z,-51
a4488d9cbf53e318e7cd9beaf8a5512f8b50d81b4edfc6b0affdc8a4b4cbb2ba,TOW-BLR-003,2026-08-30T10:38:05Z,-102
ca9fb60d20be57a8aa44f49c9edb466c3cba0cff3de897735d88c52ff4d0dd37,TOW-BLR-003,2026-08-31T10:24:11Z,-66
6f69d588e0a357f690fe95f6b229ebae3116d34f1e5fdead5d1157845ba5d384,TOW-BLR-002,2026-08-31T10:09:34Z,-82
41e7a957c31f1cfac990f14b9802f83af2b2ddbf12f52ea52b7c072dee84689b,TOW-BLR-001,2026-08-30T05:46:08Z,-109
670edd5a5e8d8b447249d6f40218f1b2405bbaf6ff8cc36c0dddc6f501da28bd,TOW-BLR-002,2026-08-30T10:53:15Z,-75
3cee8dbbae85a1deabbf81ebce14a6aa0a7af01250985f09ec3de2f2bcc4b3b7,TOW-BLR-005,2026-08-31T14:25:52Z,-83
a306962ddc4e800a51d884da9e7e0bd2fa08b534c8773d2cdbf06790da9fa65d,TOW-BLR-003,2026-08-30T17:18:15Z,-91
ac4d86152237babe16e522e0f80f243fccc135f73a43438fda309a2c79d06c46,TOW-BLR-001,2026-08-30T17:21:45Z,-84
55768ebde66794472f72ffb0e46b19fb191ed283e65f0f937924db158b9f03cc,TOW-BLR-005,2026-08-31T09:17:09Z,-106
a306962ddc4e800a51d884da9e7e0bd2fa08b534c8773d2cdbf06790da9fa65d,TOW-BLR-004,2026-08-31T19:27:11Z,-76
e514f926f417d960da222d7a1c16d5b31d7dfc71fa5140f104670febd095e2c6,TOW-BLR-005,2026-08-31T17:52:25Z,-95
c2e085ff3106211c72863a7a99360642c5170eadd9a22346a895f4cec806fc92,TOW-BLR-002,2026-08-30T21:12:35Z,-83
7621de8ca83cbcd279167f556516c491dadb09330607c1f0ad30436e496097d6,TOW-BLR-005,2026-08-31T01:41:28Z,-95
542bb7beec17cd7c80e6c9881ec3337cd1aea378ad6dc96ae9e9de99694a2906,TOW-BLR-004,2026-08-30T13:38:23Z,-68
cf8e4cdc32117c05ae9a7f56eefc46a94eb0db0b2e5cd67fd9a2e41f9eeb0a92,TOW-BLR-001,2026-08-31T14:07:08Z,-87
111b3f239d51625aee293406aa6afb86b456d53d1e14d80cc74ba885d322a03a,TOW-BLR-005,2026-08-31T15:37:07Z,-78
cbf710d65baba3fa8d515be70761860ae0362217228a5b27e316882ce252c18d,TOW-BLR-005,2026-08-31T16:21:07Z,-109
e99755126b8fe02eb8684b0457fda5f975195b5929e9f034c715e1ea8947715c,TOW-BLR-004,2026-08-30T03:10:12Z,-70
e99755126b8fe02eb8684b0457fda5f975195b5929e9f034c715e1ea8947715c,TOW-BLR-003,2026-08-30T18:28:12Z,-63
e514f926f417d960da222d7a1c16d5b31d7dfc71fa5140f104670febd095e2c6,TOW-BLR-003,2026-08-30T04:55:10Z,-88
5222bb3ec940ad667c5b6286ba827a586041bb986d577e580df048df81c002fe,TOW-BLR-001,2026-08-31T18:22:22Z,-63
614876d3edf5128ba4d3d15fc68c5a62a99dc6e8d5ecebfdb5f15ea2eaf97dae,TOW-BLR-003,2026-08-30T09:42:52Z,-108
1f79de33c2108975365a7031a039f6022577be75a0a004d91eefb2973f386493,TOW-BLR-005,2026-08-31T00:39:08Z,-58
fee0cfa53d5328eeab6e9c98c28a9a57cd4de2a7597f9c83002a5b4141243e7d,TOW-BLR-002,2026-08-31T09:49:58Z,-66
7db41c47095120834f255ed6a9005c4edc4b430ef019eb6f4df2754c2b3d228a,TOW-BLR-002,2026-08-30T09:49:10Z,-106
c2e085ff3106211c72863a7a99360642c5170eadd9a22346a895f4cec806fc92,TOW-BLR-004,2026-08-30T02:41:35Z,-92
5f789fd2c5836252cc417e4829879fb15a3dc5b35c4ee49f7f2be52647303570,TOW-BLR-001,2026-08-30T14:31:29Z,-54
e799c2d47421751052a9b78f7e997150cd304e0b0c07d742b4490116e4802051,TOW-BLR-003,2026-08-30T22:34:44Z,-78
da46c1b20bb0c378edcaee8832ed4f959a5ebdd74213d9ad63df0f498f6bd2b4,TOW-BLR-005,2026-08-31T10:28:18Z,-94
ca9fb60d20be57a8aa44f49c9edb466c3cba0cff3de897735d88c52ff4d0dd37,TOW-BLR-002,2026-08-30T20:50:02Z,-88
dba1521b6091cf64b9de658c2f1eb1ce93fc8d45c84778661bf95cff148582e0,TOW-BLR-001,2026-08-31T23:44:56Z,-89
6462b2c251ec37a5786c7556a054354f7b7ccc68c7231ead15389dfb39f86d1f,TOW-BLR-001,2026-08-31T02:47:54Z,-83
329ca6ac512e95d4428bdcfcc69d43ded1cd914a94127edefb12ad988ce7ef4b,TOW-BLR-004,2026-08-31T08:01:14Z,-53
3f24dc89df996ef63c8289393b934feed72d9dbb13a7e4e2180dcd25f0f50391,TOW-BLR-004,2026-08-31T00:41:16Z,-99
3404f57309d8e1f7c2250dc78541765cf40b63416cdb7e032ad5ca046e930e24,TOW-BLR-004,2026-08-31T02:44:57Z,-51
d0ce3c85381df18d23eabae9a4e2a2de705ad64e07b750ed3dbc1cfb6aadba42,TOW-BLR-005,2026-08-30T19:25:19Z,-59
01d3d1ae9ffe5b587f8d18acb10f48bdc9446b971dba998f10683223125fde60,TOW-BLR-004,2026-08-30T05:44:50Z,-83
a6b9b064c298e3a2b3f93834e33675a4415900230ca5a96e1e9963baafbf4749,TOW-BLR-002,2026-08-31T15:43:12Z,-92
1dd27686432c1e2abfc90dd1bd07a714be564682b0b19015c4da9517d8fb08ce,TOW-BLR-001,2026-08-30T05:49:49Z,-90
749b8c6b6e329536c169d086aacabc027ba8ca8d5b21588417083626197c27be,TOW-BLR-003,2026-08-30T22:19:06Z,-82
a6b9b064c298e3a2b3f93834e33675a4415900230ca5a96e1e9963baafbf4749,TOW-BLR-004,2026-08-30T12:08:04Z,-66
7c3444809193dd8892bd3d5406741e9e223bd5de3febc017ef431a8d712e364f,TOW-BLR-003,2026-08-31T08:33:32Z,-108
a91a9ad7f674f50c12821a23db77ab9fec0f3a5f7846ac3a035639fd74c19c5b,TOW-BLR-003,2026-08-31T20:46:19Z,-83
d2436884e59a142c599c677d7a8e920706502f134261082705708e2c52ff095c,TOW-BLR-001,2026-08-30T05:27:51Z,-68
55768ebde66794472f72ffb0e46b19fb191ed283e65f0f937924db158b9f03cc,TOW-BLR-004,2026-08-31T02:27:19Z,-78
bdd2bdbaf183327d7ca5b7121c51db5ae24f436a01a4db832ea4d719bbbe7733,TOW-BLR-002,2026-08-30T02:16:03Z,-101
075c081e2edc77d960c5a77903c03dce2ff4a629cdac09a4bfc5c9be3eb03e12,TOW-BLR-005,2026-08-31T07:54:24Z,-108
1e153199ebee9124b76aeb29141d81316036069970aeaae21b359e771d49fbcd,TOW-BLR-001,2026-08-30T17:11:04Z,-61
75211b3edf6cbfd2bb503506dc3c73550c9179fda0a8f45f75153f013d13c222,TOW-BLR-003,2026-08-31T02:22:15Z,-86
8cfb6b888a7f0c057eb5a53552975702d7397eeecd4f696e49a7df9588c2e1f8,TOW-BLR-005,2026-08-30T02:21:29Z,-72
b81ed4ffe6a708d799c3f4f207982b64479e2e81b941b8534a79f725fe6ed2e8,TOW-BLR-004,2026-08-31T03:00:46Z,-87
7c3444809193dd8892bd3d5406741e9e223bd5de3febc017ef431a8d712e364f,TOW-BLR-001,2026-08-31T17:47:30Z,-102
963a9f6d2ede09f587dc708254327c775a8dbb7ebfa4ee671035859c4dd2b5b9,TOW-BLR-003,2026-08-31T04:59:02Z,-90
4489de783f0bdc9c1f46955c8b79e68e5b7268250d1c7cc130a9f14d220b14c8,TOW-BLR-003,2026-08-30T18:10:34Z,-103
716a50353041fe3e7931d2c7ec68810c83d45d3c42a529d39319d45cd8721518,TOW-BLR-002,2026-08-31T12:20:21Z,-77
e99755126b8fe02eb8684b0457fda5f975195b5929e9f034c715e1ea8947715c,TOW-BLR-005,2026-08-30T08:34:30Z,-94
04a4b90e332aa366ee3ff9d9f986e3770ce54d4b0b50f60b8194bd7533083d47,TOW-BLR-003,2026-08-31T08:29:47Z,-97
c8f37c395bad9f7984fa2958e584e0d57d3985a86ed5df2571f601b435eeb661,TOW-BLR-003,2026-08-31T11:46:05Z,-98
ac4d86152237babe16e522e0f80f243fccc135f73a43438fda309a2c79d06c46,TOW-BLR-002,2026-08-30T05:23:32Z,-82
994c4489211698bbcf023b39117e68fd91ff40b8de92e6790b5866888fe1e03e,TOW-BLR-004,2026-08-30T06:23:33Z,-59
27a9f6cf3e784af9957031dd7c4ea3328ee97a45e97e32dcc06d0e81de9a6a44,TOW-BLR-003,2026-08-31T01:17:55Z,-65
e03084bd52a1de59f703c73a314b52bf9f7026848c2545312ce44ccc7b54e5d4,TOW-BLR-005,2026-08-31T15:28:46Z,-92
cf9a64034bf82b056285e0b549e1caf83662ca4ab5f274ced8a32dd562615769,TOW-BLR-003,2026-08-30T11:28:09Z,-65
dd7bd4bcfc023cea77828a9d4467d55ac276d5425902f5552381e6e0f98bce8c,TOW-BLR-002,2026-08-31T02:19:23Z,-78
367c904c22b232e98be959f9aa1f1fe766a88044d97e83bb2cb2b458e7c9235d,TOW-BLR-001,2026-08-30T14:38:05Z,-60
c89efbb027c12f4b909983c4355aec7fcd703fe6189044ce7d0594af3eb770d4,TOW-BLR-002,2026-08-31T11:58:24Z,-109
dc73abbd70e6bdf2430496c0075788d1e3a0785579dbd18e7e606778ebd97d93,TOW-BLR-005,2026-08-31T17:40:19Z,-87
e27215f8478b1d5961a5e2f91bcfe38158ec069c264a9840541ede499ddff6d0,TOW-BLR-005,2026-08-30T09:26:58Z,-71
a9cb35a4fd627463d2028b97d80463eba8976d54e3f9ecdc40b17877be95bf19,TOW-BLR-001,2026-08-30T04:47:15Z,-91
da46c1b20bb0c378edcaee8832ed4f959a5ebdd74213d9ad63df0f498f6bd2b4,TOW-BLR-004,2026-08-31T14:16:47Z,-84
241f4bcd27c2cbf458ad7db886b03a52f063f0acae2773adeb9c65f1a5cb3050,TOW-BLR-004,2026-08-31T17:51:46Z,-106
1e153199ebee9124b76aeb29141d81316036069970aeaae21b359e771d49fbcd,TOW-BLR-003,2026-08-31T22:46:25Z,-106
2774be5a56fcdf5d04f289fcca9eda5f3f2b4026f2ce4b5f2adf3bbac442febb,TOW-BLR-004,2026-08-31T13:40:22Z,-88
1e153199ebee9124b76aeb29141d81316036069970aeaae21b359e771d49fbcd,TOW-BLR-005,2026-08-31T22:35:18Z,-73
f075856bccab281555b78e7b9aa45224d7fdbb1b65f1be673de9702f53dbdc94,TOW-BLR-002,2026-08-31T07:30:08Z,-78
2c81ff0b42af0ac31a2c1bb6367fe9c71a4db98f91ee9dd8dae0d9952724a68b,TOW-BLR-001,2026-08-30T09:02:28Z,-77
b81ed4ffe6a708d799c3f4f207982b64479e2e81b941b8534a79f725fe6ed2e8,TOW-BLR-003,2026-08-30T11:59:23Z,-100
1dd27686432c1e2abfc90dd1bd07a714be564682b0b19015c4da9517d8fb08ce,TOW-BLR-002,2026-08-31T01:11:47Z,-50
3cee8dbbae85a1deabbf81ebce14a6aa0a7af01250985f09ec3de2f2bcc4b3b7,TOW-BLR-005,2026-08-30T20:41:01Z,-56
acc639aa3e154ebcb8bacfdda9c6cd45fc7fab52b0b141e2e9dcf2f2c3a30288,TOW-BLR-003,2026-08-30T14:17:39Z,-70
3f24dc89df996ef63c8289393b934feed72d9dbb13a7e4e2180dcd25f0f50391,TOW-BLR-005,2026-08-30T19:59:05Z,-102
a84d124abd92dfd79e62cfbc455627dac349b078fdb26f691cbf968372549d77,TOW-BLR-003,2026-08-31T20:44:28Z,-76
63e057fde085f12ed5175da4bedf4ca9b785b50614b0d21a48adcd1cd457483f,TOW-BLR-005,2026-08-31T22:40:31Z,-100
071d0773364cfafd218f4938d448a477fb5fc70a27fe41d917e1c8213472908e,TOW-BLR-005,2026-08-30T11:13:41Z,-100
1cb1be4b1497c4012d982486d14c4ff0b1955d00181b6d751e220ee7701403a8,TOW-BLR-005,2026-08-31T20:03:53Z,-89
d41e30e0593ac284cad2c7c08569fbdad3dd2a63b3ed8a6bdb90b74b9290c16d,TOW-BLR-005,2026-08-30T02:59:58Z,-58
b7b24c21128514aa97ef1bd367e3106c0bb05ab8a08d86f1354babd21669850c,TOW-BLR-001,2026-08-30T05:54:52Z,-108
e1c50c60bd295187ed76df05350c2f8dda62be7db7100c9502d042ecb0647bea,TOW-BLR-005,2026-08-30T19:16:17Z,-69
e4e172eaeda63c2c9e8570d599346aca08ee96cdf2e322654453e0a15a2c30cd,TOW-BLR-005,2026-08-31T06:20:05Z,-71
55768ebde66794472f72ffb0e46b19fb191ed283e65f0f937924db158b9f03cc,TOW-BLR-001,2026-08-31T12:15:57Z,-54
a84d124abd92dfd79e62cfbc455627dac349b078fdb26f691cbf968372549d77,TOW-BLR-005,2026-08-30T21:05:35Z,-69
3f24dc89df996ef63c8289393b934feed72d9dbb13a7e4e2180dcd25f0f50391,TOW-BLR-003,2026-08-31T11:10:01Z,-95
9752b374a6dca9438cf640f07ee97b5e9219d13a25c503ca0931f630f408007f,TOW-BLR-004,2026-08-30T21:39:30Z,-81
b97863b8c458045fcb570501b4a5f9f4e0129debab5c1098ac6a64dfc33444b1,TOW-BLR-001,2026-08-30T11:30:39Z,-82
b3e45428dce2593a6b83b43fff29c95eab50acb1cc55b2daeb176a2788b74766,TOW-BLR-004,2026-08-31T09:49:10Z,-97
9498ff38125320e825074439f94b75ab53790c8daa5aad105ebac0d34f2c212e,TOW-BLR-005,2026-08-30T10:27:41Z,-90
dba1521b6091cf64b9de658c2f1eb1ce93fc8d45c84778661bf95cff148582e0,TOW-BLR-003,2026-08-31T01:08:56Z,-85
210e5cb2855dfb9080fd95bf683a00dab57522ed81797bf9e43c65006061b3b2,TOW-BLR-003,2026-08-31T13:29:58Z,-75
179b29b175854ddd9f2dd460353266387174d375bcf69481556bc9e55562f9f7,TOW-BLR-003,2026-08-30T17:36:10Z,-81
ac4d86152237babe16e522e0f80f243fccc135f73a43438fda309a2c79d06c46,TOW-BLR-003,2026-08-31T08:44:18Z,-95
e9024445f21f5d8c0dea88c26cf1d644e07bd5fb795be39b8b55c7ec859cee17,TOW-BLR-001,2026-08-30T03:41:05Z,-92
e1c50c60bd295187ed76df05350c2f8dda62be7db7100c9502d042ecb0647bea,TOW-BLR-004,2026-08-31T20:48:37Z,-84
39bfa5d7a53ae5dc5e6fb7a1daa9c8667bbb8e31e055933cae3b960a780e2fc0,TOW-BLR-002,2026-08-30T23:50:35Z,-51
2d79558bb4e3c15673ad08352dde6e8c13ea6fb69dde51ff483f3ccbb7f795c3,TOW-BLR-003,2026-08-30T13:49:23Z,-62
9640ffa8fd3b6c05321013dd64ca4ba4bcd7e82047fb9c0c01f898481d00e72b,TOW-BLR-004,2026-08-31T13:28:52Z,-81
3404f57309d8e1f7c2250dc78541765cf40b63416cdb7e032ad5ca046e930e24,TOW-BLR-003,2026-08-31T12:13:02Z,-109
63e057fde085f12ed5175da4bedf4ca9b785b50614b0d21a48adcd1cd457483f,TOW-BLR-004,2026-08-31T12:48:19Z,-81
12030bfb87a972728846acb9e72576256886534bdc90af27da64fc64607c03c5,TOW-BLR-002,2026-08-30T15:39:58Z,-73
1f79de33c2108975365a7031a039f6022577be75a0a004d91eefb2973f386493,TOW-BLR-001,2026-08-30T03:40:48Z,-92
8db711f1e9c56e3ec7d23fcbbb50874c31595217047cef55c4464670811dea54,TOW-BLR-005,2026-08-31T23:38:30Z,-67
fce13cdb8a85833a333ee4d1021160f2db2b97c0c5a8e7d11c78875fdaee8c50,TOW-BLR-003,2026-08-31T15:04:50Z,-110
62bd82e922a8ec6730fed1035ea57162649ffbf5882baf6115b56d0c3c8ff6df,TOW-BLR-001,2026-08-31T07:22:45Z,-102
0914bcb9c4e6585bba37c48570774e86f8d87ff884fede75c8d19d9c85ccb3ed,TOW-BLR-003,2026-08-31T02:38:06Z,-62
a92475f03c5c0e704011c75f83e311cba049d04139c488d187645cbe5836ee42,TOW-BLR-003,2026-08-30T03:17:40Z,-85
5f73ad762d52353a3814d8344b8c3c3871dac373b2bd5d1d1021399309c4f409,TOW-BLR-005,2026-08-31T16:54:36Z,-98
dc73abbd70e6bdf2430496c0075788d1e3a0785579dbd18e7e606778ebd97d93,TOW-BLR-005,2026-08-30T21:00:55Z,-106
2779749f7710949a4792cc1cccf83ac4506a22e7344db9bff0318b42e6108519,TOW-BLR-005,2026-08-31T08:47:37Z,-62
5561f501d23467b9e6955b39f1be445c0b050c65c9d2dc64742fe9d371f3ceab,TOW-BLR-003,2026-08-31T21:22:59Z,-67
c8f37c395bad9f7984fa2958e584e0d57d3985a86ed5df2571f601b435eeb661,TOW-BLR-001,2026-08-30T09:22:08Z,-104
07fc1543a0144268c02a1425909a6de96563c05d53b9243010e4c943d0e28120,TOW-BLR-003,2026-08-31T00:41:29Z,-75
3cee8dbbae85a1deabbf81ebce14a6aa0a7af01250985f09ec3de2f2bcc4b3b7,TOW-BLR-003,2026-08-30T10:30:18Z,-98
a6b9b064c298e3a2b3f93834e33675a4415900230ca5a96e1e9963baafbf4749,TOW-BLR-005,2026-08-31T05:13:41Z,-78
e799c2d47421751052a9b78f7e997150cd304e0b0c07d742b4490116e4802051,TOW-BLR-001,2026-08-30T02:50:01Z,-102
58c67f8ed21ef88fc36604b9c2852c28cd1a3a82f119db54c094ff2444e5899e,TOW-BLR-003,2026-08-31T10:29:49Z,-77
664899f7580500b65ee3fb2b483121846c0c74a9d8f1124ee5067346bfc951ce,TOW-BLR-002,2026-08-31T20:08:47Z,-53
28bce8f903d29d7ffd117da4022d6a8f445c0bb61d25d9b3130bfc6b7f07a0b9,TOW-BLR-002,2026-08-30T23:52:54Z,-51
c8f37c395bad9f7984fa2958e584e0d57d3985a86ed5df2571f601b435eeb661,TOW-BLR-003,2026-08-30T11:49:58Z,-85
41e7a957c31f1cfac990f14b9802f83af2b2ddbf12f52ea52b7c072dee84689b,TOW-BLR-003,2026-08-31T19:14:01Z,-89
74b278b09e7445e0d793bfc50d90bc456934a28ff41137b470d0b15f24cbc706,TOW-BLR-005,2026-08-31T14:45:49Z,-79
dd7bd4bcfc023cea77828a9d4467d55ac276d5425902f5552381e6e0f98bce8c,TOW-BLR-005,2026-08-30T21:49:48Z,-80
e26e1dc5e2e6d643677fb2630c682cf53779acc7fd5096db87510ecaa28fc078,TOW-BLR-001,2026-08-31T02:49:22Z,-89
0162aa00917191d22e2948a923eeba8b3127e99535ef6f6cce59372f46292cd2,TOW-BLR-001,2026-08-31T06:19:53Z,-73
ec92a3f62ddb9be57763b65d15f9909e8471fbeceb75ee00f71bff38eee7a199,TOW-BLR-001,2026-08-31T19:27:56Z,-80
7f2aafa15c630696adf2683d461db9bbd05fda0713e55de6b83a58f667d4888f,TOW-BLR-005,2026-08-31T18:03:43Z,-96
0f8c011e3f0544059dbe2826c17ede5deba80e3c137a94288dfb04b168dcdace,TOW-BLR-001,2026-08-31T18:29:27Z,-80
991ad61e050c36e38ee2d725869c32a32440da474d0e54c5f1ed130a6f1ecfe5,TOW-BLR-005,2026-08-31T21:48:15Z,-64
8f6c3567020fe5158954a16a90fe942b05b979cc3d21185db7682c502a185a2e,TOW-BLR-004,2026-08-30T10:45:38Z,-58
27a9f6cf3e784af9957031dd7c4ea3328ee97a45e97e32dcc06d0e81de9a6a44,TOW-BLR-002,2026-08-30T02:17:56Z,-74
e1c50c60bd295187ed76df05350c2f8dda62be7db7100c9502d042ecb0647bea,TOW-BLR-001,2026-08-30T13:53:32Z,-109
623458811301a7a083ae0d7176fbf402b21877cf81552b4001e222a9f3a990c3,TOW-BLR-003,2026-08-31T06:29:40Z,-101
3b107bed1c6ac71d80856e656952a83c8b5583e3c4f3b453df0c29d234693f08,TOW-BLR-002,2026-08-31T05:52:57Z,-78
04a4b90e332aa366ee3ff9d9f986e3770ce54d4b0b50f60b8194bd7533083d47,TOW-BLR-005,2026-08-31T10:20:28Z,-55
075c081e2edc77d960c5a77903c03dce2ff4a629cdac09a4bfc5c9be3eb03e12,TOW-BLR-001,2026-08-30T10:03:17Z,-77
e4e172eaeda63c2c9e8570d599346aca08ee96cdf2e322654453e0a15a2c30cd,TOW-BLR-005,2026-08-30T23:40:09Z,-68
7db41c47095120834f255ed6a9005c4edc4b430ef019eb6f4df2754c2b3d228a,TOW-BLR-005,2026-08-31T03:26:22Z,-90
3f24dc89df996ef63c8289393b934feed72d9dbb13a7e4e2180dcd25f0f50391,TOW-BLR-002,2026-08-31T09:28:18Z,-52
64fdc51f368e71395a7448eb988c56d10bd682b76bb1403d56524552df9a8b1a,TOW-BLR-003,2026-08-31T15:46:42Z,-88
eac5c4fa0df8925ed6a6c3b93119a5d12212c8ad8c8089cc8abcb4c68da216f1,TOW-BLR-003,2026-08-31T20:25:27Z,-80
033cb5d2a369636fca13cc266088ef49b139033d26568e95cfc45648b2f00aff,TOW-BLR-002,2026-08-30T20:18:59Z,-75
67f8aaafd23c1ac8be42715dbd8dcd8206070aaa4abe91897ec5c55283c6408e,TOW-BLR-002,2026-08-30T21:40:17Z,-61
e53081484a5eb1c0f5f73ecf0cd933511de4c4ffc753f057daa54f7c32018d01,TOW-BLR-002,2026-08-31T11:36:29Z,-90
7db41c47095120834f255ed6a9005c4edc4b430ef019eb6f4df2754c2b3d228a,TOW-BLR-003,2026-08-31T16:48:48Z,-51
4a963e06b1fc70d0275420de2b12ed9ca98f83e89daa42cb95678b2dd0d555dd,TOW-BLR-003,2026-08-30T20:57:22Z,-103
542bb7beec17cd7c80e6c9881ec3337cd1aea378ad6dc96ae9e9de99694a2906,TOW-BLR-005,2026-08-31T03:38:54Z,-53
da46c1b20bb0c378edcaee8832ed4f959a5ebdd74213d9ad63df0f498f6bd2b4,TOW-BLR-003,2026-08-30T10:39:57Z,-92
e799c2d47421751052a9b78f7e997150cd304e0b0c07d742b4490116e4802051,TOW-BLR-003,2026-08-30T05:45:17Z,-88
aa44ba1bb9a6b63cc60a0ae6dbcfc2e798000a2af3ce5e5e3d0803a679875a60,TOW-BLR-004,2026-08-31T23:45:59Z,-94
655badaedb0392e0426bcfed45623fff014b93f36c2bfbf9bff47b52c5b15140,TOW-BLR-004,2026-08-30T15:34:55Z,-98
a555bd5f4da0fa7f434ab161a8964c5a8c7a727c3a05eda72767d5e76a703d7d,TOW-BLR-005,2026-08-30T19:44:35Z,-51
070f49e260bfad8f443dd7b6c77454a5ea3a32ddb069aa900164197386693a9f,TOW-BLR-003,2026-08-30T09:59:45Z,-104
41e7a957c31f1cfac990f14b9802f83af2b2ddbf12f52ea52b7c072dee84689b,TOW-BLR-005,2026-08-30T17:25:26Z,-95
06e2f299519cc999898b2f300730199ef511a5aecd416e005ef6eed49149b4b5,TOW-BLR-005,2026-08-30T16:25:58Z,-70
e8f00016406bb08c12dc8c0e43fc32a1da7071e14c3cea997d3566848d75a7b4,TOW-BLR-001,2026-08-30T07:17:46Z,-84
4075c01d70966dc11bef2096198285422fbbd861d184a28bc57ff6fc7fe81f4a,TOW-BLR-004,2026-08-30T07:19:17Z,-67
50910d451937c8598faa62cd6d80123690e3d3e18a319df65da8c93c6497cef1,TOW-BLR-002,2026-08-30T00:22:38Z,-75
37d5bcc2e10e41308171cc736deaeb1ae3801824fe99d46de6a7dd02427f8d16,TOW-BLR-002,2026-08-31T05:37:48Z,-69
4a963e06b1fc70d0275420de2b12ed9ca98f83e89daa42cb95678b2dd0d555dd,TOW-BLR-004,2026-08-31T10:46:00Z,-69
5f789fd2c5836252cc417e4829879fb15a3dc5b35c4ee49f7f2be52647303570,TOW-BLR-003,2026-08-30T23:23:12Z,-92
75211b3edf6cbfd2bb503506dc3c73550c9179fda0a8f45f75153f013d13c222,TOW-BLR-001,2026-08-30T06:30:51Z,-69
542bb7beec17cd7c80e6c9881ec3337cd1aea378ad6dc96ae9e9de99694a2906,TOW-BLR-002,2026-08-31T14:58:06Z,-63
bfc7e0570fc2fd1ef8e941c2837e63172945abb8d7e14746ca0f6e8ccdd960cf,TOW-BLR-001,2026-08-30T12:44:52Z,-84
0914bcb9c4e6585bba37c48570774e86f8d87ff884fede75c8d19d9c85ccb3ed,TOW-BLR-002,2026-08-30T02:38:46Z,-57
da46c1b20bb0c378edcaee8832ed4f959a5ebdd74213d9ad63df0f498f6bd2b4,TOW-BLR-004,2026-08-30T13:34:00Z,-51
655badaedb0392e0426bcfed45623fff014b93f36c2bfbf9bff47b52c5b15140,TOW-BLR-003,2026-08-30T02:43:41Z,-110
67f8aaafd23c1ac8be42715dbd8dcd8206070aaa4abe91897ec5c55283c6408e,TOW-BLR-005,2026-08-31T19:53:35Z,-104
37d5bcc2e10e41308171cc736deaeb1ae3801824fe99d46de6a7dd02427f8d16,TOW-BLR-003,2026-08-30T20:43:16Z,-81
fee0cfa53d5328eeab6e9c98c28a9a57cd4de2a7597f9c83002a5b4141243e7d,TOW-BLR-005,2026-08-31T14:10:46Z,-79
329ca6ac512e95d4428bdcfcc69d43ded1cd914a94127edefb12ad988ce7ef4b,TOW-BLR-002,2026-08-31T12:42:56Z,-81
6462b2c251ec37a5786c7556a054354f7b7ccc68c7231ead15389dfb39f86d1f,TOW-BLR-002,2026-08-30T08:12:09Z,-89
406d6a732b582c4975f346fb213c5d688dba50d22ee577bd17cba7ea3d143772,TOW-BLR-004,2026-08-31T23:12:24Z,-94
c2e085ff3106211c72863a7a99360642c5170eadd9a22346a895f4cec806fc92,TOW-BLR-002,2026-08-30T01:01:32Z,-63
0928f1fd5b5c226c90dc8dfdbecaec4df23667879d91b0de73c8a659b3b51c9d,TOW-BLR-003,2026-08-31T17:20:40Z,-67
614876d3edf5128ba4d3d15fc68c5a62a99dc6e8d5ecebfdb5f15ea2eaf97dae,TOW-BLR-002,2026-08-30T12:46:44Z,-71
a47f789aa388687028705b7f2d4547d8000047bb5ec34c7b31f59fa3ab8539a6,TOW-BLR-004,2026-08-31T07:08:39Z,-78
2e5363d57be11745b6badea9f90e0d46330f696bd5b930c72e77374c42069361,TOW-BLR-001,2026-08-31T05:11:16Z,-68
8679f0fa29e477d1def3ae9e208876db0be8ecedd590b3ba6c5ce9a1caeb22c7,TOW-BLR-002,2026-08-30T10:14:20Z,-80
1dd27686432c1e2abfc90dd1bd07a714be564682b0b19015c4da9517d8fb08ce,TOW-BLR-002,2026-08-30T00:29:50Z,-94
2779749f7710949a4792cc1cccf83ac4506a22e7344db9bff0318b42e6108519,TOW-BLR-002,2026-08-31T08:31:49Z,-62
71cb904b7291d0d2e45d4ff2e2770e09787864e217f69784a47441a4403c066e,TOW-BLR-003,2026-08-30T21:59:13Z,-73
bfc7e0570fc2fd1ef8e941c2837e63172945abb8d7e14746ca0f6e8ccdd960cf,TOW-BLR-005,2026-08-30T00:49:57Z,-94
26796abc3ac290807b505dea3353c73ca9adc03dcb3dcd68e74c4d00e5e068f8,TOW-BLR-003,2026-08-30T17:12:25Z,-107
71545b7cc76f2b684ffbd6fa39c0b37a3cebb903f1ae21d330405c6a682803ab,TOW-BLR-001,2026-08-31T09:53:20Z,-91
9640ffa8fd3b6c05321013dd64ca4ba4bcd7e82047fb9c0c01f898481d00e72b,TOW-BLR-004,2026-08-31T12:35:32Z,-51
615d09c2e16982784eec18d1a485e4dfc8cb3a43bfafca019fdde222c11e4a25,TOW-BLR-003,2026-08-30T08:32:59Z,-70
91692116b5a4bef93f0ce15b1c0fc9ceabdf7d6317836432ce60fdb60300aa5e,TOW-BLR-003,2026-08-31T02:45:49Z,-71
361ac03f9899db5f853e98f211383204a3477b6750123b3aa08990c0bc60193e,TOW-BLR-002,2026-08-30T09:43:34Z,-80
b81ed4ffe6a708d799c3f4f207982b64479e2e81b941b8534a79f725fe6ed2e8,TOW-BLR-004,2026-08-31T20:06:30Z,-87
b3e45428dce2593a6b83b43fff29c95eab50acb1cc55b2daeb176a2788b74766,TOW-BLR-005,2026-08-31T10:17:04Z,-62
7a677870d8c06defbdf456be024b65848db56b7ac4755a7297e78308315ae636,TOW-BLR-002,2026-08-30T18:01:11Z,-67
614876d3edf5128ba4d3d15fc68c5a62a99dc6e8d5ecebfdb5f15ea2eaf97dae,TOW-BLR-005,2026-08-30T05:57:41Z,-77
dd35e063db12ee83e41574ec0d96a0e650341ace34a6c33951a9a571c96e3930,TOW-BLR-005,2026-08-31T02:20:39Z,-106
91692116b5a4bef93f0ce15b1c0fc9ceabdf7d6317836432ce60fdb60300aa5e,TOW-BLR-005,2026-08-30T08:10:14Z,-107
6f69d588e0a357f690fe95f6b229ebae3116d34f1e5fdead5d1157845ba5d384,TOW-BLR-005,2026-08-31T12:48:30Z,-98
542bb7beec17cd7c80e6c9881ec3337cd1aea378ad6dc96ae9e9de99694a2906,TOW-BLR-005,2026-08-30T10:54:42Z,-100
2e5363d57be11745b6badea9f90e0d46330f696bd5b930c72e77374c42069361,TOW-BLR-005,2026-08-31T08:10:25Z,-103
27a9f6cf3e784af9957031dd7c4ea3328ee97a45e97e32dcc06d0e81de9a6a44,TOW-BLR-002,2026-08-31T18:27:48Z,-79
63e057fde085f12ed5175da4bedf4ca9b785b50614b0d21a48adcd1cd457483f,TOW-BLR-005,2026-08-31T08:26:20Z,-59
f89c7a25aa73d2138860ce78ca92d285666572ec069a32f612b59f091d2d2232,TOW-BLR-004,2026-08-30T09:36:28Z,-78
b3e45428dce2593a6b83b43fff29c95eab50acb1cc55b2daeb176a2788b74766,TOW-BLR-004,2026-08-31T17:03:45Z,-107
070f49e260bfad8f443dd7b6c77454a5ea3a32ddb069aa900164197386693a9f,TOW-BLR-004,2026-08-30T22:26:24Z,-64
bdc3ac20257eed8311edda7e668474d29467a33bcdc30a5ac7180a038097af23,TOW-BLR-004,2026-08-30T18:31:44Z,-58
7621de8ca83cbcd279167f556516c491dadb09330607c1f0ad30436e496097d6,TOW-BLR-002,2026-08-31T18:06:40Z,-106
f639adcff8a55ba9d5eae8cb29118e2cf7a99cef509afa19f23e7c9e34413df7,TOW-BLR-004,2026-08-31T01:05:16Z,-66
e03084bd52a1de59f703c73a314b52bf9f7026848c2545312ce44ccc7b54e5d4,TOW-BLR-005,2026-08-30T04:23:15Z,-51
cf9a64034bf82b056285e0b549e1caf83662ca4ab5f274ced8a32dd562615769,TOW-BLR-001,2026-08-31T10:22:30Z,-108
e53081484a5eb1c0f5f73ecf0cd933511de4c4ffc753f057daa54f7c32018d01,TOW-BLR-004,2026-08-30T13:06:21Z,-61
31c0098e266a1dc96abc21f4bd1fa31bf006516ef1520e430ef0b92bba07ae9e,TOW-BLR-004,2026-08-31T03:16:02Z,-53
733e613aa1af193c29f217e1041ea514990da8f1507065bf8b682122676bd98c,TOW-BLR-004,2026-08-31T03:29:18Z,-86
acc639aa3e154ebcb8bacfdda9c6cd45fc7fab52b0b141e2e9dcf2f2c3a30288,TOW-BLR-005,2026-08-30T09:41:02Z,-69
dba1521b6091cf64b9de658c2f1eb1ce93fc8d45c84778661bf95cff148582e0,TOW-BLR-003,2026-08-30T08:38:18Z,-99
7a677870d8c06defbdf456be024b65848db56b7ac4755a7297e78308315ae636,TOW-BLR-004,2026-08-31T14:30:32Z,-102
a91a9ad7f674f50c12821a23db77ab9fec0f3a5f7846ac3a035639fd74c19c5b,TOW-BLR-002,2026-08-30T00:15:10Z,-62
bdc3ac20257eed8311edda7e668474d29467a33bcdc30a5ac7180a038097af23,TOW-BLR-003,2026-08-31T09:42:53Z,-67
0f8c011e3f0544059dbe2826c17ede5deba80e3c137a94288dfb04b168dcdace,TOW-BLR-005,2026-08-31T06:53:02Z,-76
733e613aa1af193c29f217e1041ea514990da8f1507065bf8b682122676bd98c,TOW-BLR-002,2026-08-30T18:01:23Z,-81
3d47fa14eca1ad3c6af4a7630628e3e43d0de0e692c02fb9966106fd91f3e1c2,TOW-BLR-002,2026-08-30T20:04:19Z,-98
4a963e06b1fc70d0275420de2b12ed9ca98f83e89daa42cb95678b2dd0d555dd,TOW-BLR-001,2026-08-30T02:20:45Z,-59
749b8c6b6e329536c169d086aacabc027ba8ca8d5b21588417083626197c27be,TOW-BLR-004,2026-08-31T20:46:38Z,-61
4a963e06b1fc70d0275420de2b12ed9ca98f83e89daa42cb95678b2dd0d555dd,TOW-BLR-001,2026-08-30T17:31:29Z,-97
111b3f239d51625aee293406aa6afb86b456d53d1e14d80cc74ba885d322a03a,TOW-BLR-001,2026-08-31T19:14:58Z,-108
dd35e063db12ee83e41574ec0d96a0e650341ace34a6c33951a9a571c96e3930,TOW-BLR-005,2026-08-30T03:32:40Z,-95
ceb92794371376cce497c125e1859d5da18956b33da07f06cae159d1cb60eeb6,TOW-BLR-001,2026-08-31T05:17:31Z,-82
e8f00016406bb08c12dc8c0e43fc32a1da7071e14c3cea997d3566848d75a7b4,TOW-BLR-005,2026-08-30T15:49:15Z,-62
b7b24c21128514aa97ef1bd367e3106c0bb05ab8a08d86f1354babd21669850c,TOW-BLR-001,2026-08-30T10:12:15Z,-78
30eee72284276f0a5044a80defca7a33cf9def9620a784c6cb88b0f812477240,TOW-BLR-002,2026-08-31T17:57:03Z,-90
2d79558bb4e3c15673ad08352dde6e8c13ea6fb69dde51ff483f3ccbb7f795c3,TOW-BLR-005,2026-08-30T23:21:00Z,-95
4f972994f960f47d30723d1ce7f7ba4b4b54ef39b569eaec30e1bb2d411c90a7,TOW-BLR-002,2026-08-31T13:57:22Z,-96
3b107bed1c6ac71d80856e656952a83c8b5583e3c4f3b453df0c29d234693f08,TOW-BLR-003,2026-08-30T20:02:09Z,-107
60343645662c2c85f86cac66661e9d01cc5ad029bcd47b7c444b994305467266,TOW-BLR-005,2026-08-30T12:45:10Z,-70
eac5c4fa0df8925ed6a6c3b93119a5d12212c8ad8c8089cc8abcb4c68da216f1,TOW-BLR-004,2026-08-31T16:28:32Z,-79
06e2f299519cc999898b2f300730199ef511a5aecd416e005ef6eed49149b4b5,TOW-BLR-003,2026-08-31T22:50:41Z,-68
733e613aa1af193c29f217e1041ea514990da8f1507065bf8b682122676bd98c,TOW-BLR-005,2026-08-30T23:12:34Z,-66
b3e45428dce2593a6b83b43fff29c95eab50acb1cc55b2daeb176a2788b74766,TOW-BLR-004,2026-08-30T10:51:56Z,-91
41fb42693e5559e4b7fd8d6cb4b0bbe89b98897c4d2fb30dd85c32276f044277,TOW-BLR-002,2026-08-31T15:10:14Z,-80
5222bb3ec940ad667c5b6286ba827a586041bb986d577e580df048df81c002fe,TOW-BLR-002,2026-08-30T21:53:56Z,-56
dd7bd4bcfc023cea77828a9d4467d55ac276d5425902f5552381e6e0f98bce8c,TOW-BLR-002,2026-08-31T09:42:59Z,-52
f89c7a25aa73d2138860ce78ca92d285666572ec069a32f612b59f091d2d2232,TOW-BLR-005,2026-08-31T06:03:00Z,-84
60343645662c2c85f86cac66661e9d01cc5ad029bcd47b7c444b994305467266,TOW-BLR-005,2026-08-30T09:45:51Z,-86
faf4897f37a82eaf9e8cb074678fdf8a3179b6174545b37131e9854d06b84f6a,TOW-BLR-003,2026-08-30T14:48:23Z,-89
75211b3edf6cbfd2bb503506dc3c73550c9179fda0a8f45f75153f013d13c222,TOW-BLR-001,2026-08-31T08:45:08Z,-56
d427539d777d7e1658638290cb9fab436f06cc47d74eaa6fe686b199b2b20b25,TOW-BLR-001,2026-08-31T15:00:13Z,-64
6f69d588e0a357f690fe95f6b229ebae3116d34f1e5fdead5d1157845ba5d384,TOW-BLR-002,2026-08-30T03:45:10Z,-93
41fb42693e5559e4b7fd8d6cb4b0bbe89b98897c4d2fb30dd85c32276f044277,TOW-BLR-005,2026-08-31T19:54:12Z,-108
d4d9b138de4939b5a64d664afbd8ffb6be0bb1d9157e5b907b48f4b8b7fb5816,TOW-BLR-001,2026-08-30T13:42:05Z,-59
eebec9b0998a8822dbdf98d57efcfbf13e2008e9a7afd4def57a07fc3a7db792,TOW-BLR-005,2026-08-31T16:41:39Z,-97
7db41c47095120834f255ed6a9005c4edc4b430ef019eb6f4df2754c2b3d228a,TOW-BLR-002,2026-08-31T00:14:44Z,-91
3f24dc89df996ef63c8289393b934feed72d9dbb13a7e4e2180dcd25f0f50391,TOW-BLR-001,2026-08-30T15:25:24Z,-51
61ff510fc7c8d0f3edfbf2e3d961cccbeb1d1f5266d5d648980b41c13d7a2ab5,TOW-BLR-001,2026-08-31T10:52:26Z,-52
faf4897f37a82eaf9e8cb074678fdf8a3179b6174545b37131e9854d06b84f6a,TOW-BLR-005,2026-08-30T14:53:31Z,-85
91692116b5a4bef93f0ce15b1c0fc9ceabdf7d6317836432ce60fdb60300aa5e,TOW-BLR-002,2026-08-31T16:12:04Z,-90
04a4b90e332aa366ee3ff9d9f986e3770ce54d4b0b50f60b8194bd7533083d47,TOW-BLR-003,2026-08-31T03:43:08Z,-81
64fdc51f368e71395a7448eb988c56d10bd682b76bb1403d56524552df9a8b1a,TOW-BLR-003,2026-08-30T22:27:31Z,-94
dc73abbd70e6bdf2430496c0075788d1e3a0785579dbd18e7e606778ebd97d93,TOW-BLR-005,2026-08-31T12:12:38Z,-81
a4488d9cbf53e318e7cd9beaf8a5512f8b50d81b4edfc6b0affdc8a4b4cbb2ba,TOW-BLR-004,2026-08-30T23:19:07Z,-52
27fb3e04a0e726c98b1040e53908e60b10c50f29d312fb808a051d0da28034e6,TOW-BLR-003,2026-08-30T22:47:10Z,-84
f639adcff8a55ba9d5eae8cb29118e2cf7a99cef509afa19f23e7c9e34413df7,TOW-BLR-005,2026-08-30T16:06:45Z,-63
3914a31c587f0090d3fa33ffc0e20d8c98208ac7e2a63abf5b0dae856bcaf132,TOW-BLR-001,2026-08-30T18:59:20Z,-75
4a963e06b1fc70d0275420de2b12ed9ca98f83e89daa42cb95678b2dd0d555dd,TOW-BLR-005,2026-08-31T18:10:18Z,-64
b3e45428dce2593a6b83b43fff29c95eab50acb1cc55b2daeb176a2788b74766,TOW-BLR-003,2026-08-30T11:05:53Z,-98
4075c01d70966dc11bef2096198285422fbbd861d184a28bc57ff6fc7fe81f4a,TOW-BLR-002,2026-08-31T03:39:32Z,-74
6061496b81655335453d7cb834b0c2abbaf8611fc4415969b50985d236ef0a22,TOW-BLR-002,2026-08-31T12:21:28Z,-75
26796abc3ac290807b505dea3353c73ca9adc03dcb3dcd68e74c4d00e5e068f8,TOW-BLR-003,2026-08-30T18:44:16Z,-62
58a6e3dc4206df0cba91aa32a701bea7293f9d9e17d386b2f2b0411cc01d9720,TOW-BLR-004,2026-08-31T22:43:36Z,-63
cc6b3763e91ab45f13b630b1f96b0fac36879a3f0509992d02f2d39a5d256429,TOW-BLR-004,2026-08-30T12:15:01Z,-64
2cd185a0e5165c8705eaac57a82ddd0f7ec3fcb92ea51efe8d13d48444b0ec31,TOW-BLR-003,2026-08-30T12:19:31Z,-102
0f8c011e3f0544059dbe2826c17ede5deba80e3c137a94288dfb04b168dcdace,TOW-BLR-005,2026-08-31T11:33:29Z,-99
91692116b5a4bef93f0ce15b1c0fc9ceabdf7d6317836432ce60fdb60300aa5e,TOW-BLR-005,2026-08-31T22:44:06Z,-107
680ae478d9e8f0a61999e67f1223f32e269acc9daf00ee8e31b0c7a99bfae5d4,TOW-BLR-001,2026-08-30T05:24:45Z,-50
815c8294c15a0369f897299acf164eb0c88d156163b6926d34a6c32225270d1d,TOW-BLR-001,2026-08-30T00:27:53Z,-84
c89efbb027c12f4b909983c4355aec7fcd703fe6189044ce7d0594af3eb770d4,TOW-BLR-002,2026-08-30T04:56:57Z,-65
3108f70e3438057186993335f56bd6c6d9ffe0a74ee099c8be28fdfc35c97a2c,TOW-BLR-001,2026-08-30T15:55:36Z,-78
664899f7580500b65ee3fb2b483121846c0c74a9d8f1124ee5067346bfc951ce,TOW-BLR-003,2026-08-30T04:24:06Z,-71
55768ebde66794472f72ffb0e46b19fb191ed283e65f0f937924db158b9f03cc,TOW-BLR-005,2026-08-31T11:11:09Z,-68
3a1039a2cd5c4b081564377071a122e8f9564962f6ba00fd27656e45042c6349,TOW-BLR-001,2026-08-30T00:28:53Z,-76
e6951d6c5a3a48fb67ac2286e053646bf0df327033541b173b88a0e682170299,TOW-BLR-004,2026-08-30T00:51:46Z,-109
963a9f6d2ede09f587dc708254327c775a8dbb7ebfa4ee671035859c4dd2b5b9,TOW-BLR-003,2026-08-31T15:00:40Z,-92
e514f926f417d960da222d7a1c16d5b31d7dfc71fa5140f104670febd095e2c6,TOW-BLR-005,2026-08-31T07:21:12Z,-59
3cee8dbbae85a1deabbf81ebce14a6aa0a7af01250985f09ec3de2f2bcc4b3b7,TOW-BLR-002,2026-08-30T07:47:33Z,-52
8679f0fa29e477d1def3ae9e208876db0be8ecedd590b3ba6c5ce9a1caeb22c7,TOW-BLR-005,2026-08-30T10:50:32Z,-95
033cb5d2a369636fca13cc266088ef49b139033d26568e95cfc45648b2f00aff,TOW-BLR-005,2026-08-31T14:20:07Z,-94
e26e1dc5e2e6d643677fb2630c682cf53779acc7fd5096db87510ecaa28fc078,TOW-BLR-003,2026-08-30T19:27:57Z,-60
da46c1b20bb0c378edcaee8832ed4f959a5ebdd74213d9ad63df0f498f6bd2b4,TOW-BLR-001,2026-08-31T03:09:53Z,-85
1c23e30dc22cff7d9aa4539a48dbcbb7caf4fdaf6fa0021e39f2c045be36e658,TOW-BLR-005,2026-08-30T17:42:35Z,-66
367c904c22b232e98be959f9aa1f1fe766a88044d97e83bb2cb2b458e7c9235d,TOW-BLR-003,2026-08-30T05:52:13Z,-69
a47f789aa388687028705b7f2d4547d8000047bb5ec34c7b31f59fa3ab8539a6,TOW-BLR-001,2026-08-30T06:48:30Z,-85
733e613aa1af193c29f217e1041ea514990da8f1507065bf8b682122676bd98c,TOW-BLR-004,2026-08-31T16:14:47Z,-80
f89c7a25aa73d2138860ce78ca92d285666572ec069a32f612b59f091d2d2232,TOW-BLR-001,2026-08-30T12:28:47Z,-105
3404f57309d8e1f7c2250dc78541765cf40b63416cdb7e032ad5ca046e930e24,TOW-BLR-004,2026-08-31T22:57:38Z,-60
4075c01d70966dc11bef2096198285422fbbd861d184a28bc57ff6fc7fe81f4a,TOW-BLR-005,2026-08-30T06:56:38Z,-53
963a9f6d2ede09f587dc708254327c775a8dbb7ebfa4ee671035859c4dd2b5b9,TOW-BLR-001,2026-08-30T16:43:51Z,-97
528f9d1c169746b6a29d77cb1f91df1f22d5e7bcf1e58a917a90e4f6a52df000,TOW-BLR-005,2026-08-31T10:37:29Z,-93
f639adcff8a55ba9d5eae8cb29118e2cf7a99cef509afa19f23e7c9e34413df7,TOW-BLR-001,2026-08-30T20:24:58Z,-53
3a489a1f2d50a7145610c51b0f2ba3fb83cb5fe91c12c2961b086df8092a6c88,TOW-BLR-005,2026-08-31T23:55:19Z,-108
645cb5ae33ecbf471ebf101aef4c781e2f0b1a50c071ca9ee7ae5ce4e8f430b8,TOW-BLR-003,2026-08-30T01:08:24Z,-97
e10363f8958cd2b611c6abe035c04cb016a3c8d51154f65f6932a5c26f9ea68c,TOW-BLR-002,2026-08-31T05:00:10Z,-51
226d8826c385168e16b0917b76aa9c3f9bd852ee5d6f16791734803b3fff2069,TOW-BLR-003,2026-08-30T11:49:45Z,-74
5222bb3ec940ad667c5b6286ba827a586041bb986d577e580df048df81c002fe,TOW-BLR-005,2026-08-31T04:20:15Z,-67
615d09c2e16982784eec18d1a485e4dfc8cb3a43bfafca019fdde222c11e4a25,TOW-BLR-005,2026-08-31T00:09:20Z,-86
614876d3edf5128ba4d3d15fc68c5a62a99dc6e8d5ecebfdb5f15ea2eaf97dae,TOW-BLR-002,2026-08-30T05:42:39Z,-78
1b8e2f4669c49257fcbc07db82dff985ebdcea2645c6b93aca03046d5731472a,TOW-BLR-003,2026-08-30T03:54:36Z,-104
39fc2ded1476bc7aeb30d49ddc847faed054a01822a29d8cfcd965aadea576c3,TOW-BLR-002,2026-08-30T05:32:07Z,-89
a6b9b064c298e3a2b3f93834e33675a4415900230ca5a96e1e9963baafbf4749,TOW-BLR-005,2026-08-31T19:22:15Z,-85
374990eb0fbeabeaa27b11dd595064faf7e817abd85676d2ccb3da4f44acbd11,TOW-BLR-003,2026-08-30T02:09:26Z,-70
6462b2c251ec37a5786c7556a054354f7b7ccc68c7231ead15389dfb39f86d1f,TOW-BLR-004,2026-08-31T11:43:28Z,-96
1d8716c4dd38df6890b9e1881e03d3ea4f9f5acb6e7823dbdbcca7fd418f2e2f,TOW-BLR-005,2026-08-31T03:20:15Z,-83
13adb9d8e842415d7c92ad9cb74a600c24d35b08605cd2bbf3860bfcdd42db23,TOW-BLR-005,2026-08-31T03:40:33Z,-105
50910d451937c8598faa62cd6d80123690e3d3e18a319df65da8c93c6497cef1,TOW-BLR-005,2026-08-30T21:30:31Z,-59
39bfa5d7a53ae5dc5e6fb7a1daa9c8667bbb8e31e055933cae3b960a780e2fc0,TOW-BLR-001,2026-08-30T05:58:25Z,-93
b81ed4ffe6a708d799c3f4f207982b64479e2e81b941b8534a79f725fe6ed2e8,TOW-BLR-004,2026-08-31T22:09:33Z,-101
ceb92794371376cce497c125e1859d5da18956b33da07f06cae159d1cb60eeb6,TOW-BLR-004,2026-08-30T23:03:35Z,-87
179b29b175854ddd9f2dd460353266387174d375bcf69481556bc9e55562f9f7,TOW-BLR-001,2026-08-30T00:22:41Z,-50
ec92a3f62ddb9be57763b65d15f9909e8471fbeceb75ee00f71bff38eee7a199,TOW-BLR-004,2026-08-31T02:12:30Z,-62
6462b2c251ec37a5786c7556a054354f7b7ccc68c7231ead15389dfb39f86d1f,TOW-BLR-001,2026-08-30T09:38:55Z,-105
13adb9d8e842415d7c92ad9cb74a600c24d35b08605cd2bbf3860bfcdd42db23,TOW-BLR-004,2026-08-31T08:41:01Z,-75
60343645662c2c85f86cac66661e9d01cc5ad029bcd47b7c444b994305467266,TOW-BLR-005,2026-08-31T05:42:46Z,-104
716a50353041fe3e7931d2c7ec68810c83d45d3c42a529d39319d45cd8721518,TOW-BLR-001,2026-08-31T01:46:16Z,-75
63e057fde085f12ed5175da4bedf4ca9b785b50614b0d21a48adcd1cd457483f,TOW-BLR-005,2026-08-31T19:32:53Z,-60
2e5363d57be11745b6badea9f90e0d46330f696bd5b930c72e77374c42069361,TOW-BLR-004,2026-08-30T00:53:55Z,-92
3b107bed1c6ac71d80856e656952a83c8b5583e3c4f3b453df0c29d234693f08,TOW-BLR-004,2026-08-30T06:10:03Z,-64
528f9d1c169746b6a29d77cb1f91df1f22d5e7bcf1e58a917a90e4f6a52df000,TOW-BLR-005,2026-08-30T17:40:33Z,-74
5cc172e6c14565e6dc2547d26145a1e9fc76c7168557933cca12bdaca3113697,TOW-BLR-002,2026-08-31T03:43:26Z,-100
c89efbb027c12f4b909983c4355aec7fcd703fe6189044ce7d0594af3eb770d4,TOW-BLR-003,2026-08-30T21:55:39Z,-93
8db711f1e9c56e3ec7d23fcbbb50874c31595217047cef55c4464670811dea54,TOW-BLR-002,2026-08-30T04:36:25Z,-100
39fc2ded1476bc7aeb30d49ddc847faed054a01822a29d8cfcd965aadea576c3,TOW-BLR-003,2026-08-31T06:39:49Z,-91
0163aad1b721e6f0eac7043f23aa95135f7e6264d73cb85f4771d5599f9e75bf,TOW-BLR-001,2026-08-31T02:17:46Z,-94
9ba90f668aca95ce3bca5da8ca344e5e8f19a61ad84a6b76b5363cb4bae36980,TOW-BLR-002,2026-08-31T21:30:48Z,-79
a3f6c75cff3ad8beec20e1a0aa71d3f22deffc01ca147e447f33652b2a71efae,TOW-BLR-005,2026-08-30T14:14:21Z,-81
179b29b175854ddd9f2dd460353266387174d375bcf69481556bc9e55562f9f7,TOW-BLR-002,2026-08-30T22:11:04Z,-110
e1c50c60bd295187ed76df05350c2f8dda62be7db7100c9502d042ecb0647bea,TOW-BLR-004,2026-08-31T00:11:28Z,-57
8f6c3567020fe5158954a16a90fe942b05b979cc3d21185db7682c502a185a2e,TOW-BLR-004,2026-08-30T23:59:47Z,-82
97368f3c02f48f75894e4de8193414fce44ead3ef4706afdcafa5d91758315d7,TOW-BLR-004,2026-08-31T23:24:25Z,-72
31c0098e266a1dc96abc21f4bd1fa31bf006516ef1520e430ef0b92bba07ae9e,TOW-BLR-003,2026-08-30T23:21:00Z,-72
e1c50c60bd295187ed76df05350c2f8dda62be7db7100c9502d042ecb0647bea,TOW-BLR-002,2026-08-31T10:52:49Z,-90
645cb5ae33ecbf471ebf101aef4c781e2f0b1a50c071ca9ee7ae5ce4e8f430b8,TOW-BLR-004,2026-08-30T23:14:20Z,-92
2d895a911f5789f518089b46011e7e6e61c0baf1b0808c4cc511b1f00ac3c55b,TOW-BLR-004,2026-08-31T17:56:03Z,-60
faf4897f37a82eaf9e8cb074678fdf8a3179b6174545b37131e9854d06b84f6a,TOW-BLR-003,2026-08-31T03:23:00Z,-93
815c8294c15a0369f897299acf164eb0c88d156163b6926d34a6c32225270d1d,TOW-BLR-004,2026-08-31T02:34:46Z,-103
626a8c724bbe99a359d58cf8b9793fc42a5ea2ccee33814a7d1e2410fe9aefa8,TOW-BLR-005,2026-08-30T14:32:56Z,-73
3a489a1f2d50a7145610c51b0f2ba3fb83cb5fe91c12c2961b086df8092a6c88,TOW-BLR-002,2026-08-31T16:03:25Z,-109
8cfb6b888a7f0c057eb5a53552975702d7397eeecd4f696e49a7df9588c2e1f8,TOW-BLR-004,2026-08-30T15:15:58Z,-82
d0ce3c85381df18d23eabae9a4e2a2de705ad64e07b750ed3dbc1cfb6aadba42,TOW-BLR-003,2026-08-30T05:02:09Z,-58
075c081e2edc77d960c5a77903c03dce2ff4a629cdac09a4bfc5c9be3eb03e12,TOW-BLR-004,2026-08-31T12:21:29Z,-102
c331a6b20a84257bab78df7177103605e5f668c2b4e8c00a9c44bc40b5ef93eb,TOW-BLR-003,2026-08-30T17:37:24Z,-94
1cb1be4b1497c4012d982486d14c4ff0b1955d00181b6d751e220ee7701403a8,TOW-BLR-002,2026-08-31T06:48:40Z,-60
41fb42693e5559e4b7fd8d6cb4b0bbe89b98897c4d2fb30dd85c32276f044277,TOW-BLR-001,2026-08-31T08:42:00Z,-72
7db41c47095120834f255ed6a9005c4edc4b430ef019eb6f4df2754c2b3d228a,TOW-BLR-005,2026-08-31T05:11:08Z,-76
74b278b09e7445e0d793bfc50d90bc456934a28ff41137b470d0b15f24cbc706,TOW-BLR-004,2026-08-31T15:35:13Z,-108
0c464a077072f36c3a1a180c5de7f5080817e7377fbe2dc5b1677c3adebac752,TOW-BLR-003,2026-08-31T15:05:46Z,-72
55768ebde66794472f72ffb0e46b19fb191ed283e65f0f937924db158b9f03cc,TOW-BLR-001,2026-08-30T07:57:50Z,-61
39bfa5d7a53ae5dc5e6fb7a1daa9c8667bbb8e31e055933cae3b960a780e2fc0,TOW-BLR-003,2026-08-30T12:06:44Z,-69
c8f37c395bad9f7984fa2958e584e0d57d3985a86ed5df2571f601b435eeb661,TOW-BLR-001,2026-08-31T17:00:44Z,-69
eac5c4fa0df8925ed6a6c3b93119a5d12212c8ad8c8089cc8abcb4c68da216f1,TOW-BLR-004,2026-08-31T00:08:46Z,-60
2dad7dd62b009098dd3015775fa21a10553632e72f58bf7c8d4349688e85edb7,TOW-BLR-001,2026-08-30T00:46:05Z,-104
26bcfd2aa62a45e60890296e7920204fd45fec2c9f05e144b2aab10bb457ecec,TOW-BLR-002,2026-08-31T13:11:10Z,-63
0418b6bf59aaf6300e9694a040b9ce90c99c0d7ea12dd91359575e72f42b58e3,TOW-BLR-005,2026-08-31T18:16:19Z,-66
2d79558bb4e3c15673ad08352dde6e8c13ea6fb69dde51ff483f3ccbb7f795c3,TOW-BLR-002,2026-08-31T08:27:38Z,-87
07fc1543a0144268c02a1425909a6de96563c05d53b9243010e4c943d0e28120,TOW-BLR-004,2026-08-31T18:51:35Z,-66
ab29fe932a9f2189b8c48828b4965af27e0f4b704a59b256091d92391aa403f1,TOW-BLR-002,2026-08-31T01:07:11Z,-109
0163aad1b721e6f0eac7043f23aa95135f7e6264d73cb85f4771d5599f9e75bf,TOW-BLR-001,2026-08-30T21:30:45Z,-84
b9aa81e06c478c08898599cee4ef2f84fad944b430a6970a238f03f220edbd26,TOW-BLR-001,2026-08-30T08:27:06Z,-57
3cee8dbbae85a1deabbf81ebce14a6aa0a7af01250985f09ec3de2f2bcc4b3b7,TOW-BLR-002,2026-08-31T01:21:52Z,-91
9498ff38125320e825074439f94b75ab53790c8daa5aad105ebac0d34f2c212e,TOW-BLR-004,2026-08-30T15:03:49Z,-77
0163aad1b721e6f0eac7043f23aa95135f7e6264d73cb85f4771d5599f9e75bf,TOW-BLR-003,2026-08-31T10:40:23Z,-104
623458811301a7a083ae0d7176fbf402b21877cf81552b4001e222a9f3a990c3,TOW-BLR-004,2026-08-30T23:13:20Z,-106
67f8aaafd23c1ac8be42715dbd8dcd8206070aaa4abe91897ec5c55283c6408e,TOW-BLR-001,2026-08-30T08:22:48Z,-109
075c081e2edc77d960c5a77903c03dce2ff4a629cdac09a4bfc5c9be3eb03e12,TOW-BLR-003,2026-08-31T23:11:01Z,-104
eac5c4fa0df8925ed6a6c3b93119a5d12212c8ad8c8089cc8abcb4c68da216f1,TOW-BLR-002,2026-08-30T17:45:40Z,-77
994c4489211698bbcf023b39117e68fd91ff40b8de92e6790b5866888fe1e03e,TOW-BLR-005,2026-08-30T11:39:38Z,-89
070f49e260bfad8f443dd7b6c77454a5ea3a32ddb069aa900164197386693a9f,TOW-BLR-004,2026-08-31T09:38:44Z,-96
d0ce3c85381df18d23eabae9a4e2a2de705ad64e07b750ed3dbc1cfb6aadba42,TOW-BLR-004,2026-08-31T21:51:27Z,-99
13adb9d8e842415d7c92ad9cb74a600c24d35b08605cd2bbf3860bfcdd42db23,TOW-BLR-004,2026-08-31T04:48:19Z,-109
2d895a911f5789f518089b46011e7e6e61c0baf1b0808c4cc511b1f00ac3c55b,TOW-BLR-005,2026-08-30T14:22:07Z,-82
071d0773364cfafd218f4938d448a477fb5fc70a27fe41d917e1c8213472908e,TOW-BLR-004,2026-08-31T04:18:50Z,-110
19655e9e203fc8dd4a2cb9c57c67a2bcb90bd417b22c2e9b970eab144ddae4eb,TOW-BLR-002,2026-08-30T14:59:05Z,-93
ea65e1e9e85234a2d75d1068dcd45e323543e123130f0600ce591123eafc8600,TOW-BLR-001,2026-08-31T18:02:28Z,-104
d0ce3c85381df18d23eabae9a4e2a2de705ad64e07b750ed3dbc1cfb6aadba42,TOW-BLR-005,2026-08-30T13:36:50Z,-87
2e5363d57be11745b6badea9f90e0d46330f696bd5b930c72e77374c42069361,TOW-BLR-002,2026-08-31T09:19:04Z,-103
7f2aafa15c630696adf2683d461db9bbd05fda0713e55de6b83a58f667d4888f,TOW-BLR-004,2026-08-31T14:25:37Z,-70
f09defae43936bc24acfcb7f14509d12080824d2ab52b46e006c57e20408aa08,TOW-BLR-005,2026-08-31T04:17:59Z,-71
07fc1543a0144268c02a1425909a6de96563c05d53b9243010e4c943d0e28120,TOW-BLR-005,2026-08-30T08:19:05Z,-88
1f79de33c2108975365a7031a039f6022577be75a0a004d91eefb2973f386493,TOW-BLR-004,2026-08-31T20:57:17Z,-99
e26e1dc5e2e6d643677fb2630c682cf53779acc7fd5096db87510ecaa28fc078,TOW-BLR-003,2026-08-31T20:44:43Z,-73
01d3d1ae9ffe5b587f8d18acb10f48bdc9446b971dba998f10683223125fde60,TOW-BLR-002,2026-08-30T22:48:19Z,-103
5222bb3ec940ad667c5b6286ba827a586041bb986d577e580df048df81c002fe,TOW-BLR-003,2026-08-30T08:30:57Z,-99
db60cb3d3e926de5e1f1dc5ec39988132f99ed7cfdb2c75b0d98588d668e754a,TOW-BLR-002,2026-08-31T13:11:49Z,-86
b9f0f673df45e56702a2054de2329aefb3b6c6fd3ef2940d6ea1133b7f7baa67,TOW-BLR-005,2026-08-30T10:02:21Z,-74
2779749f7710949a4792cc1cccf83ac4506a22e7344db9bff0318b42e6108519,TOW-BLR-004,2026-08-30T13:31:34Z,-79
c331a6b20a84257bab78df7177103605e5f668c2b4e8c00a9c44bc40b5ef93eb,TOW-BLR-005,2026-08-31T22:59:11Z,-51
994c4489211698bbcf023b39117e68fd91ff40b8de92e6790b5866888fe1e03e,TOW-BLR-005,2026-08-30T12:09:02Z,-79
e53081484a5eb1c0f5f73ecf0cd933511de4c4ffc753f057daa54f7c32018d01,TOW-BLR-002,2026-08-30T13:37:26Z,-90
d41e30e0593ac284cad2c7c08569fbdad3dd2a63b3ed8a6bdb90b74b9290c16d,TOW-BLR-004,2026-08-31T21:06:14Z,-107
b7b24c21128514aa97ef1bd367e3106c0bb05ab8a08d86f1354babd21669850c,TOW-BLR-003,2026-08-30T00:41:52Z,-79
31c0098e266a1dc96abc21f4bd1fa31bf006516ef1520e430ef0b92bba07ae9e,TOW-BLR-002,2026-08-31T03:57:28Z,-75
74b278b09e7445e0d793bfc50d90bc456934a28ff41137b470d0b15f24cbc706,TOW-BLR-004,2026-08-31T05:47:32Z,-67
cc6b3763e91ab45f13b630b1f96b0fac36879a3f0509992d02f2d39a5d256429,TOW-BLR-004,2026-08-31T08:19:13Z,-79
4fbb32d4a24fe104c5dd461ac6280dbd58883363fbc54ce5080ba8175198cb11,TOW-BLR-001,2026-08-31T17:10:15Z,-109
2cd185a0e5165c8705eaac57a82ddd0f7ec3fcb92ea51efe8d13d48444b0ec31,TOW-BLR-002,2026-08-30T21:16:09Z,-108
d2436884e59a142c599c677d7a8e920706502f134261082705708e2c52ff095c,TOW-BLR-002,2026-08-31T15:08:50Z,-92
991ad61e050c36e38ee2d725869c32a32440da474d0e54c5f1ed130a6f1ecfe5,TOW-BLR-004,2026-08-31T17:11:21Z,-63
50910d451937c8598faa62cd6d80123690e3d3e18a319df65da8c93c6497cef1,TOW-BLR-004,2026-08-31T16:01:47Z,-78
a306962ddc4e800a51d884da9e7e0bd2fa08b534c8773d2cdbf06790da9fa65d,TOW-BLR-005,2026-08-30T08:18:58Z,-93
04a4b90e332aa366ee3ff9d9f986e3770ce54d4b0b50f60b8194bd7533083d47,TOW-BLR-005,2026-08-31T02:42:50Z,-76
58a6e3dc4206df0cba91aa32a701bea7293f9d9e17d386b2f2b0411cc01d9720,TOW-BLR-001,2026-08-31T08:08:21Z,-76
128a2c7bd4fd5507bb0d446ee5793b54ea77c9ab7beee573ac0798d61385482f,TOW-BLR-004,2026-08-30T07:27:27Z,-63
6f69d588e0a357f690fe95f6b229ebae3116d34f1e5fdead5d1157845ba5d384,TOW-BLR-002,2026-08-30T21:40:42Z,-55
41dbbf390d15565d4044e78d299c7ad4aa57641d70a6b8447037a2b05e72dee5,TOW-BLR-004,2026-08-30T19:08:15Z,-88
dba1521b6091cf64b9de658c2f1eb1ce93fc8d45c84778661bf95cff148582e0,TOW-BLR-001,2026-08-31T07:58:19Z,-55
b4137ecb3d80db814311d6a4053415d0bd71e8b4e4fb32b9f5a39b74d62a8504,TOW-BLR-002,2026-08-30T15:16:58Z,-59
2d895a911f5789f518089b46011e7e6e61c0baf1b0808c4cc511b1f00ac3c55b,TOW-BLR-005,2026-08-31T01:31:55Z,-55
dd7bd4bcfc023cea77828a9d4467d55ac276d5425902f5552381e6e0f98bce8c,TOW-BLR-005,2026-08-31T22:04:37Z,-83
4fbb32d4a24fe104c5dd461ac6280dbd58883363fbc54ce5080ba8175198cb11,TOW-BLR-005,2026-08-30T10:08:19Z,-60
27fb3e04a0e726c98b1040e53908e60b10c50f29d312fb808a051d0da28034e6,TOW-BLR-002,2026-08-30T04:19:20Z,-74
763fd87be48fc3c8c3709f9544d328717bb1ddb9678344ebbda99fadce1b5355,TOW-BLR-005,2026-08-30T20:28:04Z,-72
7a677870d8c06defbdf456be024b65848db56b7ac4755a7297e78308315ae636,TOW-BLR-002,2026-08-30T23:34:03Z,-65
30eee72284276f0a5044a80defca7a33cf9def9620a784c6cb88b0f812477240,TOW-BLR-003,2026-08-31T17:42:19Z,-93
8cfb6b888a7f0c057eb5a53552975702d7397eeecd4f696e49a7df9588c2e1f8,TOW-BLR-005,2026-08-30T06:56:02Z,-102
d562e1c1ff197335e78350043605b9c9a724f1ce41a8440aee5444fa9a2c6168,TOW-BLR-004,2026-08-30T04:19:01Z,-93
b7b24c21128514aa97ef1bd367e3106c0bb05ab8a08d86f1354babd21669850c,TOW-BLR-002,2026-08-30T09:39:44Z,-95
3914a31c587f0090d3fa33ffc0e20d8c98208ac7e2a63abf5b0dae856bcaf132,TOW-BLR-003,2026-08-30T18:01:34Z,-62
d41e30e0593ac284cad2c7c08569fbdad3dd2a63b3ed8a6bdb90b74b9290c16d,TOW-BLR-004,2026-08-31T11:38:28Z,-101
2d79558bb4e3c15673ad08352dde6e8c13ea6fb69dde51ff483f3ccbb7f795c3,TOW-BLR-003,2026-08-31T21:42:57Z,-84
41fb42693e5559e4b7fd8d6cb4b0bbe89b98897c4d2fb30dd85c32276f044277,TOW-BLR-004,2026-08-30T05:29:56Z,-70
2cd185a0e5165c8705eaac57a82ddd0f7ec3fcb92ea51efe8d13d48444b0ec31,TOW-BLR-001,2026-08-31T05:20:04Z,-78
655badaedb0392e0426bcfed45623fff014b93f36c2bfbf9bff47b52c5b15140,TOW-BLR-003,2026-08-31T02:52:29Z,-81
8cfb6b888a7f0c057eb5a53552975702d7397eeecd4f696e49a7df9588c2e1f8,TOW-BLR-004,2026-08-30T23:49:56Z,-73
7621de8ca83cbcd279167f556516c491dadb09330607c1f0ad30436e496097d6,TOW-BLR-001,2026-08-31T09:22:59Z,-70
71545b7cc76f2b684ffbd6fa39c0b37a3cebb903f1ae21d330405c6a682803ab,TOW-BLR-003,2026-08-30T04:36:41Z,-60
64fdc51f368e71395a7448eb988c56d10bd682b76bb1403d56524552df9a8b1a,TOW-BLR-004,2026-08-30T15:51:42Z,-83
a555bd5f4da0fa7f434ab161a8964c5a8c7a727c3a05eda72767d5e76a703d7d,TOW-BLR-002,2026-08-31T12:01:26Z,-93
1dd27686432c1e2abfc90dd1bd07a714be564682b0b19015c4da9517d8fb08ce,TOW-BLR-003,2026-08-31T00:35:40Z,-75
2d79558bb4e3c15673ad08352dde6e8c13ea6fb69dde51ff483f3ccbb7f795c3,TOW-BLR-002,2026-08-31T17:13:30Z,-56
3a1039a2cd5c4b081564377071a122e8f9564962f6ba00fd27656e45042c6349,TOW-BLR-003,2026-08-30T03:31:30Z,-108
a4488d9cbf53e318e7cd9beaf8a5512f8b50d81b4edfc6b0affdc8a4b4cbb2ba,TOW-BLR-004,2026-08-30T01:11:08Z,-103
37d5bcc2e10e41308171cc736deaeb1ae3801824fe99d46de6a7dd02427f8d16,TOW-BLR-002,2026-08-31T08:08:00Z,-81
7621de8ca83cbcd279167f556516c491dadb09330607c1f0ad30436e496097d6,TOW-BLR-004,2026-08-30T14:43:56Z,-66
a4a572481d7efb2b2dc685f091aa115e366949d975bbb259a0bff53e0e49dc3d,TOW-BLR-002,2026-08-31T23:19:52Z,-91
9640ffa8fd3b6c05321013dd64ca4ba4bcd7e82047fb9c0c01f898481d00e72b,TOW-BLR-003,2026-08-30T06:47:48Z,-69
dc73abbd70e6bdf2430496c0075788d1e3a0785579dbd18e7e606778ebd97d93,TOW-BLR-003,2026-08-30T06:00:06Z,-87
71545b7cc76f2b684ffbd6fa39c0b37a3cebb903f1ae21d330405c6a682803ab,TOW-BLR-002,2026-08-30T03:46:15Z,-85
a84d124abd92dfd79e62cfbc455627dac349b078fdb26f691cbf968372549d77,TOW-BLR-003,2026-08-30T17:02:59Z,-83
26796abc3ac290807b505dea3353c73ca9adc03dcb3dcd68e74c4d00e5e068f8,TOW-BLR-001,2026-08-30T06:55:51Z,-110
cdd95be7efebbce1759b91fab7ca6127de9fb4230ad56f5dac8b8b7fff73d9db,TOW-BLR-004,2026-08-30T05:40:31Z,-102
071d0773364cfafd218f4938d448a477fb5fc70a27fe41d917e1c8213472908e,TOW-BLR-002,2026-08-31T13:49:29Z,-67
7c3444809193dd8892bd3d5406741e9e223bd5de3febc017ef431a8d712e364f,TOW-BLR-001,2026-08-30T00:35:13Z,-66
9498ff38125320e825074439f94b75ab53790c8daa5aad105ebac0d34f2c212e,TOW-BLR-001,2026-08-31T06:45:07Z,-66
210e5cb2855dfb9080fd95bf683a00dab57522ed81797bf9e43c65006061b3b2,TOW-BLR-004,2026-08-30T05:09:27Z,-96
2779749f7710949a4792cc1cccf83ac4506a22e7344db9bff0318b42e6108519,TOW-BLR-001,2026-08-30T07:27:30Z,-104
f09defae43936bc24acfcb7f14509d12080824d2ab52b46e006c57e20408aa08,TOW-BLR-003,2026-08-30T21:47:27Z,-102
733e613aa1af193c29f217e1041ea514990da8f1507065bf8b682122676bd98c,TOW-BLR-002,2026-08-31T22:43:05Z,-67
e9024445f21f5d8c0dea88c26cf1d644e07bd5fb795be39b8b55c7ec859cee17,TOW-BLR-001,2026-08-31T14:37:49Z,-74
906a0bc76e88bfe2444e9d7e957f0bb1d037f9869c84ba6e88b051c6053a31dc,TOW-BLR-005,2026-08-31T23:19:58Z,-100
623458811301a7a083ae0d7176fbf402b21877cf81552b4001e222a9f3a990c3,TOW-BLR-003,2026-08-30T15:30:51Z,-70
655badaedb0392e0426bcfed45623fff014b93f36c2bfbf9bff47b52c5b15140,TOW-BLR-002,2026-08-31T05:58:47Z,-71
e01d811a79fc578af3d4139e61bb2d3e543e3069a4328eddce1bac46495508f1,TOW-BLR-004,2026-08-30T15:49:09Z,-105
615d09c2e16982784eec18d1a485e4dfc8cb3a43bfafca019fdde222c11e4a25,TOW-BLR-001,2026-08-30T10:11:43Z,-62
ac4d86152237babe16e522e0f80f243fccc135f73a43438fda309a2c79d06c46,TOW-BLR-005,2026-08-31T03:57:51Z,-88
d562e1c1ff197335e78350043605b9c9a724f1ce41a8440aee5444fa9a2c6168,TOW-BLR-004,2026-08-30T22:54:05Z,-60
c89efbb027c12f4b909983c4355aec7fcd703fe6189044ce7d0594af3eb770d4,TOW-BLR-002,2026-08-30T20:10:05Z,-69
01d3d1ae9ffe5b587f8d18acb10f48bdc9446b971dba998f10683223125fde60,TOW-BLR-002,2026-08-31T16:17:49Z,-72
f8a59b7cf1ffeefddb4cad82da9fb10563f4d8deb34e9d00533fcc65b639ddc9,TOW-BLR-005,2026-08-30T20:44:50Z,-61
3cee8dbbae85a1deabbf81ebce14a6aa0a7af01250985f09ec3de2f2bcc4b3b7,TOW-BLR-001,2026-08-31T23:56:37Z,-54
4f972994f960f47d30723d1ce7f7ba4b4b54ef39b569eaec30e1bb2d411c90a7,TOW-BLR-002,2026-08-31T13:42:04Z,-72
7a055fdd3bd61d3427439dba09a185a5bb286f6a7354ca8b9faac95268f96bf7,TOW-BLR-002,2026-08-31T04:31:35Z,-92
75211b3edf6cbfd2bb503506dc3c73550c9179fda0a8f45f75153f013d13c222,TOW-BLR-001,2026-08-30T17:25:41Z,-79
2779749f7710949a4792cc1cccf83ac4506a22e7344db9bff0318b42e6108519,TOW-BLR-001,2026-08-30T17:33:18Z,-79
55768ebde66794472f72ffb0e46b19fb191ed283e65f0f937924db158b9f03cc,TOW-BLR-005,2026-08-30T05:10:15Z,-77
329ca6ac512e95d4428bdcfcc69d43ded1cd914a94127edefb12ad988ce7ef4b,TOW-BLR-001,2026-08-31T02:17:39Z,-51
541b2920d264e79295106f9481dd0b84153d03d56baa980f48caacdedab79cfe,TOW-BLR-002,2026-08-31T04:10:07Z,-55
a63f135b6223cee83a6aec5fa5b330aa5bee7f690ed3de3fc0b1541db348bac9,TOW-BLR-005,2026-08-31T06:38:46Z,-87
3a489a1f2d50a7145610c51b0f2ba3fb83cb5fe91c12c2961b086df8092a6c88,TOW-BLR-002,2026-08-31T10:17:53Z,-61
b97863b8c458045fcb570501b4a5f9f4e0129debab5c1098ac6a64dfc33444b1,TOW-BLR-001,2026-08-31T18:46:13Z,-106
4ee1d1663fe1c8dba22aff6390d16ec929cd2c6dd08c33a43efdf55d10c2ed5b,TOW-BLR-003,2026-08-30T15:42:35Z,-108
aa44ba1bb9a6b63cc60a0ae6dbcfc2e798000a2af3ce5e5e3d0803a679875a60,TOW-BLR-001,2026-08-31T04:58:46Z,-78
e53081484a5eb1c0f5f73ecf0cd933511de4c4ffc753f057daa54f7c32018d01,TOW-BLR-005,2026-08-31T06:15:03Z,-83
527c04e02df3ff3e27eeb14cbb5442e9a0d6cd00c1823792d74d70a748221858,TOW-BLR-004,2026-08-30T06:00:07Z,-70
7a677870d8c06defbdf456be024b65848db56b7ac4755a7297e78308315ae636,TOW-BLR-005,2026-08-31T20:51:33Z,-101
2b74f741f3b9ec86d66a65850a5ee252863e775fdfc25e7467a62827b45f36b8,TOW-BLR-001,2026-08-30T22:34:00Z,-105
7a055fdd3bd61d3427439dba09a185a5bb286f6a7354ca8b9faac95268f96bf7,TOW-BLR-002,2026-08-30T11:18:51Z,-76
2e5363d57be11745b6badea9f90e0d46330f696bd5b930c72e77374c42069361,TOW-BLR-004,2026-08-31T18:42:10Z,-70
514d2ff67276c76ac8d5d761b8f652d553d046582e35c06ca92e32f042d20fd7,TOW-BLR-001,2026-08-30T22:35:09Z,-66
39fc2ded1476bc7aeb30d49ddc847faed054a01822a29d8cfcd965aadea576c3,TOW-BLR-002,2026-08-30T04:12:59Z,-95
e742f7d717510b229a774a833b4b2c40258e2e69aad964973c15e5a973b3de65,TOW-BLR-004,2026-08-30T08:26:45Z,-81
c8f37c395bad9f7984fa2958e584e0d57d3985a86ed5df2571f601b435eeb661,TOW-BLR-005,2026-08-30T04:00:25Z,-91
71545b7cc76f2b684ffbd6fa39c0b37a3cebb903f1ae21d330405c6a682803ab,TOW-BLR-002,2026-08-30T08:41:51Z,-110
dd7bd4bcfc023cea77828a9d4467d55ac276d5425902f5552381e6e0f98bce8c,TOW-BLR-002,2026-08-30T00:49:35Z,-100
3404f57309d8e1f7c2250dc78541765cf40b63416cdb7e032ad5ca046e930e24,TOW-BLR-003,2026-08-31T14:05:02Z,-77
f278eae79a99880355e00f3a7b18d3230b4cf801de627669e85e616cfb853a31,TOW-BLR-003,2026-08-30T12:09:28Z,-87
1e153199ebee9124b76aeb29141d81316036069970aeaae21b359e771d49fbcd,TOW-BLR-003,2026-08-30T08:35:47Z,-61
528f9d1c169746b6a29d77cb1f91df1f22d5e7bcf1e58a917a90e4f6a52df000,TOW-BLR-001,2026-08-31T00:23:41Z,-59
bfea41177792521cca94d1ee5637e5b077cf5b0d4a50e5861d4fd514573f7464,TOW-BLR-003,2026-08-31T14:08:45Z,-106
7f2aafa15c630696adf2683d461db9bbd05fda0713e55de6b83a58f667d4888f,TOW-BLR-005,2026-08-31T21:41:43Z,-106
3404f57309d8e1f7c2250dc78541765cf40b63416cdb7e032ad5ca046e930e24,TOW-BLR-004,2026-08-31T13:11:38Z,-87
f89c7a25aa73d2138860ce78ca92d285666572ec069a32f612b59f091d2d2232,TOW-BLR-004,2026-08-31T17:16:45Z,-100
d427539d777d7e1658638290cb9fab436f06cc47d74eaa6fe686b199b2b20b25,TOW-BLR-002,2026-08-30T18:34:37Z,-61
774d203000b86f167d2636b3e581ecddd77c2e1843ee17aa0a70e6d8db614c2a,TOW-BLR-005,2026-08-30T08:23:54Z,-96
ceb92794371376cce497c125e1859d5da18956b33da07f06cae159d1cb60eeb6,TOW-BLR-005,2026-08-30T00:11:13Z,-108
a47f789aa388687028705b7f2d4547d8000047bb5ec34c7b31f59fa3ab8539a6,TOW-BLR-001,2026-08-30T17:48:27Z,-108
fce13cdb8a85833a333ee4d1021160f2db2b97c0c5a8e7d11c78875fdaee8c50,TOW-BLR-003,2026-08-31T03:53:15Z,-52
3108f70e3438057186993335f56bd6c6d9ffe0a74ee099c8be28fdfc35c97a2c,TOW-BLR-002,2026-08-30T02:34:30Z,-75
bdd2bdbaf183327d7ca5b7121c51db5ae24f436a01a4db832ea4d719bbbe7733,TOW-BLR-004,2026-08-30T16:20:55Z,-90
39bfa5d7a53ae5dc5e6fb7a1daa9c8667bbb8e31e055933cae3b960a780e2fc0,TOW-BLR-004,2026-08-30T23:17:49Z,-93
a555bd5f4da0fa7f434ab161a8964c5a8c7a727c3a05eda72767d5e76a703d7d,TOW-BLR-001,2026-08-31T17:37:04Z,-87
b4137ecb3d80db814311d6a4053415d0bd71e8b4e4fb32b9f5a39b74d62a8504,TOW-BLR-005,2026-08-30T03:50:07Z,-99
367c904c22b232e98be959f9aa1f1fe766a88044d97e83bb2cb2b458e7c9235d,TOW-BLR-005,2026-08-30T03:20:39Z,-85
111b3f239d51625aee293406aa6afb86b456d53d1e14d80cc74ba885d322a03a,TOW-BLR-004,2026-08-30T20:33:25Z,-61
62bd82e922a8ec6730fed1035ea57162649ffbf5882baf6115b56d0c3c8ff6df,TOW-BLR-003,2026-08-30T23:49:59Z,-105
e6951d6c5a3a48fb67ac2286e053646bf0df327033541b173b88a0e682170299,TOW-BLR-004,2026-08-30T00:34:49Z,-87
5f789fd2c5836252cc417e4829879fb15a3dc5b35c4ee49f7f2be52647303570,TOW-BLR-003,2026-08-31T17:03:18Z,-60
4f972994f960f47d30723d1ce7f7ba4b4b54ef39b569eaec30e1bb2d411c90a7,TOW-BLR-005,2026-08-30T17:39:51Z,-81
d427539d777d7e1658638290cb9fab436f06cc47d74eaa6fe686b199b2b20b25,TOW-BLR-005,2026-08-31T11:55:31Z,-61
04a4b90e332aa366ee3ff9d9f986e3770ce54d4b0b50f60b8194bd7533083d47,TOW-BLR-002,2026-08-31T15:47:57Z,-62
2cd185a0e5165c8705eaac57a82ddd0f7ec3fcb92ea51efe8d13d48444b0ec31,TOW-BLR-002,2026-08-30T10:57:50Z,-110
626a8c724bbe99a359d58cf8b9793fc42a5ea2ccee33814a7d1e2410fe9aefa8,TOW-BLR-004,2026-08-30T01:44:27Z,-96
cfc82faf09a6dc9b02ed746351fd4a85e0d59c3f2a8388a385cbda411989d9c8,TOW-BLR-003,2026-08-31T22:18:28Z,-57
62cba2b3558fe5db259bb5840cd24e7515734f8b42d6f0d656cd4e814e601c9b,TOW-BLR-001,2026-08-31T00:23:42Z,-110
eebec9b0998a8822dbdf98d57efcfbf13e2008e9a7afd4def57a07fc3a7db792,TOW-BLR-004,2026-08-30T22:23:32Z,-104
27fb3e04a0e726c98b1040e53908e60b10c50f29d312fb808a051d0da28034e6,TOW-BLR-005,2026-08-30T17:20:34Z,-84
cc6b3763e91ab45f13b630b1f96b0fac36879a3f0509992d02f2d39a5d256429,TOW-BLR-001,2026-08-30T10:22:02Z,-65
2b74f741f3b9ec86d66a65850a5ee252863e775fdfc25e7467a62827b45f36b8,TOW-BLR-001,2026-08-30T03:11:48Z,-52
e8f00016406bb08c12dc8c0e43fc32a1da7071e14c3cea997d3566848d75a7b4,TOW-BLR-005,2026-08-31T06:04:40Z,-66
615d09c2e16982784eec18d1a485e4dfc8cb3a43bfafca019fdde222c11e4a25,TOW-BLR-003,2026-08-31T09:23:02Z,-63
01d3d1ae9ffe5b587f8d18acb10f48bdc9446b971dba998f10683223125fde60,TOW-BLR-005,2026-08-30T06:57:34Z,-78
31c0098e266a1dc96abc21f4bd1fa31bf006516ef1520e430ef0b92bba07ae9e,TOW-BLR-004,2026-08-30T05:26:56Z,-73
5d293bef5865f720e15fe72cf657194b15cc78aa4780739303867f9c2280f8e5,TOW-BLR-001,2026-08-31T07:40:28Z,-68
d562e1c1ff197335e78350043605b9c9a724f1ce41a8440aee5444fa9a2c6168,TOW-BLR-002,2026-08-30T17:14:28Z,-92
26bcfd2aa62a45e60890296e7920204fd45fec2c9f05e144b2aab10bb457ecec,TOW-BLR-003,2026-08-31T04:36:50Z,-66
6f69d588e0a357f690fe95f6b229ebae3116d34f1e5fdead5d1157845ba5d384,TOW-BLR-003,2026-08-30T23:09:36Z,-82
6462b2c251ec37a5786c7556a054354f7b7ccc68c7231ead15389dfb39f86d1f,TOW-BLR-002,2026-08-30T05:26:18Z,-50
5f789fd2c5836252cc417e4829879fb15a3dc5b35c4ee49f7f2be52647303570,TOW-BLR-002,2026-08-31T18:34:37Z,-104
b81ed4ffe6a708d799c3f4f207982b64479e2e81b941b8534a79f725fe6ed2e8,TOW-BLR-001,2026-08-30T11:58:09Z,-82
e27215f8478b1d5961a5e2f91bcfe38158ec069c264a9840541ede499ddff6d0,TOW-BLR-003,2026-08-31T05:36:04Z,-103
7a677870d8c06defbdf456be024b65848db56b7ac4755a7297e78308315ae636,TOW-BLR-003,2026-08-30T15:07:10Z,-82
ec92a3f62ddb9be57763b65d15f9909e8471fbeceb75ee00f71bff38eee7a199,TOW-BLR-004,2026-08-30T19:17:50Z,-56
b4137ecb3d80db814311d6a4053415d0bd71e8b4e4fb32b9f5a39b74d62a8504,TOW-BLR-001,2026-08-30T11:28:37Z,-59
e01d811a79fc578af3d4139e61bb2d3e543e3069a4328eddce1bac46495508f1,TOW-BLR-003,2026-08-31T19:55:52Z,-108
128a2c7bd4fd5507bb0d446ee5793b54ea77c9ab7beee573ac0798d61385482f,TOW-BLR-003,2026-08-30T10:48:02Z,-105
58c67f8ed21ef88fc36604b9c2852c28cd1a3a82f119db54c094ff2444e5899e,TOW-BLR-002,2026-08-31T01:54:15Z,-85
28bce8f903d29d7ffd117da4022d6a8f445c0bb61d25d9b3130bfc6b7f07a0b9,TOW-BLR-001,2026-08-30T21:45:39Z,-94
815c8294c15a0369f897299acf164eb0c88d156163b6926d34a6c32225270d1d,TOW-BLR-002,2026-08-30T02:15:47Z,-50
a92475f03c5c0e704011c75f83e311cba049d04139c488d187645cbe5836ee42,TOW-BLR-004,2026-08-31T16:28:59Z,-63
5561f501d23467b9e6955b39f1be445c0b050c65c9d2dc64742fe9d371f3ceab,TOW-BLR-002,2026-08-30T06:53:51Z,-81
774d203000b86f167d2636b3e581ecddd77c2e1843ee17aa0a70e6d8db614c2a,TOW-BLR-002,2026-08-30T08:50:38Z,-110
0ca92962e618ad8a2565d59ff2d5a6646f29dacc382693eb5c2de580b1b62e5f,TOW-BLR-002,2026-08-30T09:31:06Z,-98
58a6e3dc4206df0cba91aa32a701bea7293f9d9e17d386b2f2b0411cc01d9720,TOW-BLR-004,2026-08-31T03:06:20Z,-67
060b7ff050c23cec2699264d708ce7f80a94f7fc3e40fab697cb72f0222421a9,TOW-BLR-001,2026-08-31T18:24:12Z,-73
26bcfd2aa62a45e60890296e7920204fd45fec2c9f05e144b2aab10bb457ecec,TOW-BLR-001,2026-08-30T01:35:14Z,-106
33110e1e2edeb3a9f3e629796e97941741f999576247d8073ff1e272bed7fff4,TOW-BLR-004,2026-08-30T09:22:41Z,-105
6c80697a257233c38023ce9e735e10c89e76b5d5fb9e63a1b96a8ac89bc49c67,TOW-BLR-003,2026-08-30T08:55:19Z,-108
9ba90f668aca95ce3bca5da8ca344e5e8f19a61ad84a6b76b5363cb4bae36980,TOW-BLR-004,2026-08-30T03:41:14Z,-100
aa44ba1bb9a6b63cc60a0ae6dbcfc2e798000a2af3ce5e5e3d0803a679875a60,TOW-BLR-005,2026-08-31T07:32:29Z,-58
bfc7e0570fc2fd1ef8e941c2837e63172945abb8d7e14746ca0f6e8ccdd960cf,TOW-BLR-004,2026-08-31T12:07:36Z,-109
733e613aa1af193c29f217e1041ea514990da8f1507065bf8b682122676bd98c,TOW-BLR-004,2026-08-30T12:35:00Z,-88
cdd95be7efebbce1759b91fab7ca6127de9fb4230ad56f5dac8b8b7fff73d9db,TOW-BLR-002,2026-08-30T20:01:24Z,-93
dd35e063db12ee83e41574ec0d96a0e650341ace34a6c33951a9a571c96e3930,TOW-BLR-002,2026-08-30T02:31:23Z,-71
8f6c3567020fe5158954a16a90fe942b05b979cc3d21185db7682c502a185a2e,TOW-BLR-005,2026-08-30T17:53:51Z,-69
c14c122b7d80c0cadc54149e12c9e1f574f2499598653912351b2a668a0aba1d,TOW-BLR-004,2026-08-31T06:00:01Z,-54
5561f501d23467b9e6955b39f1be445c0b050c65c9d2dc64742fe9d371f3ceab,TOW-BLR-004,2026-08-30T04:26:25Z,-105
2b74f741f3b9ec86d66a65850a5ee252863e775fdfc25e7467a62827b45f36b8,TOW-BLR-004,2026-08-30T09:59:35Z,-84
5f789fd2c5836252cc417e4829879fb15a3dc5b35c4ee49f7f2be52647303570,TOW-BLR-005,2026-08-30T18:08:32Z,-70
bdd2bdbaf183327d7ca5b7121c51db5ae24f436a01a4db832ea4d719bbbe7733,TOW-BLR-005,2026-08-30T01:25:19Z,-86
f278eae79a99880355e00f3a7b18d3230b4cf801de627669e85e616cfb853a31,TOW-BLR-003,2026-08-31T10:55:46Z,-76
f278eae79a99880355e00f3a7b18d3230b4cf801de627669e85e616cfb853a31,TOW-BLR-004,2026-08-31T01:03:06Z,-52
7b696387507a0442fa73032f77df22fbfca57d2f62198e30029ec2a03dcc8d57,TOW-BLR-005,2026-08-30T23:25:06Z,-86
6462b2c251ec37a5786c7556a054354f7b7ccc68c7231ead15389dfb39f86d1f,TOW-BLR-002,2026-08-30T01:53:52Z,-90
a3f6c75cff3ad8beec20e1a0aa71d3f22deffc01ca147e447f33652b2a71efae,TOW-BLR-002,2026-08-30T02:08:01Z,-53
0381be7abc2a2e33ba7ed09549f3d24cf97c4515c755faf466999b9084c0c563,TOW-BLR-003,2026-08-30T04:15:59Z,-59
fce13cdb8a85833a333ee4d1021160f2db2b97c0c5a8e7d11c78875fdaee8c50,TOW-BLR-005,2026-08-31T02:01:38Z,-61
c470b561344b949646b98c67f87afddd34b5985b84d8505eb64e1296d27ed7e2,TOW-BLR-002,2026-08-30T11:37:24Z,-104
39bfa5d7a53ae5dc5e6fb7a1daa9c8667bbb8e31e055933cae3b960a780e2fc0,TOW-BLR-002,2026-08-30T19:24:28Z,-76
e26e1dc5e2e6d643677fb2630c682cf53779acc7fd5096db87510ecaa28fc078,TOW-BLR-001,2026-08-30T15:58:37Z,-74
62bd82e922a8ec6730fed1035ea57162649ffbf5882baf6115b56d0c3c8ff6df,TOW-BLR-004,2026-08-31T01:50:09Z,-51
a63f135b6223cee83a6aec5fa5b330aa5bee7f690ed3de3fc0b1541db348bac9,TOW-BLR-002,2026-08-30T12:49:23Z,-95
071d0773364cfafd218f4938d448a477fb5fc70a27fe41d917e1c8213472908e,TOW-BLR-003,2026-08-31T02:07:32Z,-52
071d0773364cfafd218f4938d448a477fb5fc70a27fe41d917e1c8213472908e,TOW-BLR-001,2026-08-31T01:36:31Z,-50
5d293bef5865f720e15fe72cf657194b15cc78aa4780739303867f9c2280f8e5,TOW-BLR-005,2026-08-30T10:20:51Z,-74
e1c50c60bd295187ed76df05350c2f8dda62be7db7100c9502d042ecb0647bea,TOW-BLR-002,2026-08-31T11:50:34Z,-76
44a2ab369bd48f9dade49e6155f2c1e151bcdc5051f2f956afa1431bb13f8be1,TOW-BLR-002,2026-08-31T11:42:44Z,-108
63e057fde085f12ed5175da4bedf4ca9b785b50614b0d21a48adcd1cd457483f,TOW-BLR-001,2026-08-30T16:56:20Z,-72
361ac03f9899db5f853e98f211383204a3477b6750123b3aa08990c0bc60193e,TOW-BLR-001,2026-08-31T14:20:05Z,-80
7621de8ca83cbcd279167f556516c491dadb09330607c1f0ad30436e496097d6,TOW-BLR-003,2026-08-31T20:43:11Z,-98
9752b374a6dca9438cf640f07ee97b5e9219d13a25c503ca0931f630f408007f,TOW-BLR-002,2026-08-31T00:48:47Z,-65
645cb5ae33ecbf471ebf101aef4c781e2f0b1a50c071ca9ee7ae5ce4e8f430b8,TOW-BLR-003,2026-08-30T04:20:12Z,-109
3914a31c587f0090d3fa33ffc0e20d8c98208ac7e2a63abf5b0dae856bcaf132,TOW-BLR-005,2026-08-30T10:18:53Z,-61
a306962ddc4e800a51d884da9e7e0bd2fa08b534c8773d2cdbf06790da9fa65d,TOW-BLR-005,2026-08-31T02:34:13Z,-106
db60cb3d3e926de5e1f1dc5ec39988132f99ed7cfdb2c75b0d98588d668e754a,TOW-BLR-004,2026-08-31T18:40:20Z,-104
0928f1fd5b5c226c90dc8dfdbecaec4df23667879d91b0de73c8a659b3b51c9d,TOW-BLR-003,2026-08-30T23:29:28Z,-102
438def5eabfbb68a3b92db643ef7878613bbc2faa66a7a86b4eba14d00bd1745,TOW-BLR-002,2026-08-31T07:48:42Z,-60
55768ebde66794472f72ffb0e46b19fb191ed283e65f0f937924db158b9f03cc,TOW-BLR-004,2026-08-31T23:16:18Z,-90
994c4489211698bbcf023b39117e68fd91ff40b8de92e6790b5866888fe1e03e,TOW-BLR-005,2026-08-31T20:41:20Z,-60
1d8716c4dd38df6890b9e1881e03d3ea4f9f5acb6e7823dbdbcca7fd418f2e2f,TOW-BLR-002,2026-08-31T18:53:09Z,-58
994c4489211698bbcf023b39117e68fd91ff40b8de92e6790b5866888fe1e03e,TOW-BLR-004,2026-08-30T22:20:31Z,-64
28ca498f1861bf52e0b0fb8af9c1c1d88bda98dbfdef764c0e0834aaa4f210e0,TOW-BLR-003,2026-08-30T09:16:23Z,-99
a91a9ad7f674f50c12821a23db77ab9fec0f3a5f7846ac3a035639fd74c19c5b,TOW-BLR-001,2026-08-31T17:42:45Z,-85
075c081e2edc77d960c5a77903c03dce2ff4a629cdac09a4bfc5c9be3eb03e12,TOW-BLR-005,2026-08-30T02:21:28Z,-99
a6b9b064c298e3a2b3f93834e33675a4415900230ca5a96e1e9963baafbf4749,TOW-BLR-003,2026-08-31T20:31:09Z,-96
55768ebde66794472f72ffb0e46b19fb191ed283e65f0f937924db158b9f03cc,TOW-BLR-005,2026-08-30T07:34:51Z,-51
3404f57309d8e1f7c2250dc78541765cf40b63416cdb7e032ad5ca046e930e24,TOW-BLR-002,2026-08-31T00:06:53Z,-63
226d8826c385168e16b0917b76aa9c3f9bd852ee5d6f16791734803b3fff2069,TOW-BLR-002,2026-08-31T01:15:14Z,-90
4fbb32d4a24fe104c5dd461ac6280dbd58883363fbc54ce5080ba8175198cb11,TOW-BLR-001,2026-08-31T22:32:16Z,-64
a9cb35a4fd627463d2028b97d80463eba8976d54e3f9ecdc40b17877be95bf19,TOW-BLR-003,2026-08-31T08:31:21Z,-110
7f2aafa15c630696adf2683d461db9bbd05fda0713e55de6b83a58f667d4888f,TOW-BLR-002,2026-08-30T18:10:15Z,-66
111b3f239d51625aee293406aa6afb86b456d53d1e14d80cc74ba885d322a03a,TOW-BLR-003,2026-08-30T18:41:21Z,-60
179b29b175854ddd9f2dd460353266387174d375bcf69481556bc9e55562f9f7,TOW-BLR-001,2026-08-30T03:30:21Z,-86
623458811301a7a083ae0d7176fbf402b21877cf81552b4001e222a9f3a990c3,TOW-BLR-004,2026-08-30T12:06:44Z,-54
3b107bed1c6ac71d80856e656952a83c8b5583e3c4f3b453df0c29d234693f08,TOW-BLR-004,2026-08-31T03:34:37Z,-88
3a489a1f2d50a7145610c51b0f2ba3fb83cb5fe91c12c2961b086df8092a6c88,TOW-BLR-004,2026-08-30T07:23:08Z,-57
7db41c47095120834f255ed6a9005c4edc4b430ef019eb6f4df2754c2b3d228a,TOW-BLR-005,2026-08-31T23:24:07Z,-62
e01d811a79fc578af3d4139e61bb2d3e543e3069a4328eddce1bac46495508f1,TOW-BLR-002,2026-08-30T11:50:39Z,-82
b97863b8c458045fcb570501b4a5f9f4e0129debab5c1098ac6a64dfc33444b1,TOW-BLR-001,2026-08-30T21:28:28Z,-109
541b2920d264e79295106f9481dd0b84153d03d56baa980f48caacdedab79cfe,TOW-BLR-003,2026-08-30T07:37:33Z,-106
9498ff38125320e825074439f94b75ab53790c8daa5aad105ebac0d34f2c212e,TOW-BLR-002,2026-08-31T03:20:24Z,-100
9223f782eeb1eef2af92c9ef48f9e721834d0e8fbfef6fafe4c83c0c15b71264,TOW-BLR-001,2026-08-31T15:50:04Z,-50
615d09c2e16982784eec18d1a485e4dfc8cb3a43bfafca019fdde222c11e4a25,TOW-BLR-001,2026-08-31T00:36:31Z,-72
41e7a957c31f1cfac990f14b9802f83af2b2ddbf12f52ea52b7c072dee84689b,TOW-BLR-004,2026-08-30T02:15:24Z,-83
9ba90f668aca95ce3bca5da8ca344e5e8f19a61ad84a6b76b5363cb4bae36980,TOW-BLR-002,2026-08-31T20:13:24Z,-54
39fc2ded1476bc7aeb30d49ddc847faed054a01822a29d8cfcd965aadea576c3,TOW-BLR-002,2026-08-30T03:53:59Z,-104
4075c01d70966dc11bef2096198285422fbbd861d184a28bc57ff6fc7fe81f4a,TOW-BLR-002,2026-08-30T13:50:03Z,-84
cc6a64b393383a4ba1bb601bcf6b3acfae97f5d200518ae28211fdfde0f911f2,TOW-BLR-005,2026-08-31T15:19:50Z,-94
749b8c6b6e329536c169d086aacabc027ba8ca8d5b21588417083626197c27be,TOW-BLR-003,2026-08-30T21:39:21Z,-95
8679f0fa29e477d1def3ae9e208876db0be8ecedd590b3ba6c5ce9a1caeb22c7,TOW-BLR-001,2026-08-31T04:36:36Z,-74
5561f501d23467b9e6955b39f1be445c0b050c65c9d2dc64742fe9d371f3ceab,TOW-BLR-004,2026-08-30T11:11:02Z,-107
dc73abbd70e6bdf2430496c0075788d1e3a0785579dbd18e7e606778ebd97d93,TOW-BLR-001,2026-08-31T07:08:14Z,-105
c14c122b7d80c0cadc54149e12c9e1f574f2499598653912351b2a668a0aba1d,TOW-BLR-005,2026-08-31T10:58:35Z,-98
8679f0fa29e477d1def3ae9e208876db0be8ecedd590b3ba6c5ce9a1caeb22c7,TOW-BLR-001,2026-08-30T15:04:11Z,-100
55768ebde66794472f72ffb0e46b19fb191ed283e65f0f937924db158b9f03cc,TOW-BLR-003,2026-08-30T05:57:59Z,-80
62bd82e922a8ec6730fed1035ea57162649ffbf5882baf6115b56d0c3c8ff6df,TOW-BLR-001,2026-08-30T22:27:12Z,-60
da46c1b20bb0c378edcaee8832ed4f959a5ebdd74213d9ad63df0f498f6bd2b4,TOW-BLR-004,2026-08-31T11:36:53Z,-53
749b8c6b6e329536c169d086aacabc027ba8ca8d5b21588417083626197c27be,TOW-BLR-003,2026-08-30T06:38:10Z,-69
3a489a1f2d50a7145610c51b0f2ba3fb83cb5fe91c12c2961b086df8092a6c88,TOW-BLR-004,2026-08-30T13:27:45Z,-87
a9cb35a4fd627463d2028b97d80463eba8976d54e3f9ecdc40b17877be95bf19,TOW-BLR-004,2026-08-31T02:53:56Z,-99
dd35e063db12ee83e41574ec0d96a0e650341ace34a6c33951a9a571c96e3930,TOW-BLR-001,2026-08-30T19:10:21Z,-82
e27215f8478b1d5961a5e2f91bcfe38158ec069c264a9840541ede499ddff6d0,TOW-BLR-003,2026-08-30T16:28:28Z,-57
71cb904b7291d0d2e45d4ff2e2770e09787864e217f69784a47441a4403c066e,TOW-BLR-005,2026-08-30T04:29:18Z,-101
ea65e1e9e85234a2d75d1068dcd45e323543e123130f0600ce591123eafc8600,TOW-BLR-001,2026-08-30T06:14:27Z,-68
3d47fa14eca1ad3c6af4a7630628e3e43d0de0e692c02fb9966106fd91f3e1c2,TOW-BLR-005,2026-08-31T06:08:44Z,-62
e10363f8958cd2b611c6abe035c04cb016a3c8d51154f65f6932a5c26f9ea68c,TOW-BLR-002,2026-08-31T16:18:43Z,-107
d41e30e0593ac284cad2c7c08569fbdad3dd2a63b3ed8a6bdb90b74b9290c16d,TOW-BLR-004,2026-08-31T14:03:11Z,-84
12030bfb87a972728846acb9e72576256886534bdc90af27da64fc64607c03c5,TOW-BLR-005,2026-08-31T10:34:32Z,-74
0914bcb9c4e6585bba37c48570774e86f8d87ff884fede75c8d19d9c85ccb3ed,TOW-BLR-002,2026-08-31T10:40:49Z,-91
acc639aa3e154ebcb8bacfdda9c6cd45fc7fab52b0b141e2e9dcf2f2c3a30288,TOW-BLR-004,2026-08-30T02:31:43Z,-78
542bb7beec17cd7c80e6c9881ec3337cd1aea378ad6dc96ae9e9de99694a2906,TOW-BLR-005,2026-08-31T17:36:51Z,-67
8f6c3567020fe5158954a16a90fe942b05b979cc3d21185db7682c502a185a2e,TOW-BLR-002,2026-08-30T08:45:31Z,-50
614876d3edf5128ba4d3d15fc68c5a62a99dc6e8d5ecebfdb5f15ea2eaf97dae,TOW-BLR-004,2026-08-30T12:35:19Z,-50
4fbb32d4a24fe104c5dd461ac6280dbd58883363fbc54ce5080ba8175198cb11,TOW-BLR-002,2026-08-30T14:02:01Z,-102
e799c2d47421751052a9b78f7e997150cd304e0b0c07d742b4490116e4802051,TOW-BLR-004,2026-08-30T05:42:23Z,-67
39fc2ded1476bc7aeb30d49ddc847faed054a01822a29d8cfcd965aadea576c3,TOW-BLR-002,2026-08-31T21:40:23Z,-101
6061496b81655335453d7cb834b0c2abbaf8611fc4415969b50985d236ef0a22,TOW-BLR-005,2026-08-30T18:46:43Z,-90
2c81ff0b42af0ac31a2c1bb6367fe9c71a4db98f91ee9dd8dae0d9952724a68b,TOW-BLR-001,2026-08-30T06:20:13Z,-86
60343645662c2c85f86cac66661e9d01cc5ad029bcd47b7c444b994305467266,TOW-BLR-004,2026-08-31T16:11:57Z,-90
a47f789aa388687028705b7f2d4547d8000047bb5ec34c7b31f59fa3ab8539a6,TOW-BLR-003,2026-08-31T13:50:33Z,-81
91692116b5a4bef93f0ce15b1c0fc9ceabdf7d6317836432ce60fdb60300aa5e,TOW-BLR-001,2026-08-31T21:22:10Z,-73
5cc172e6c14565e6dc2547d26145a1e9fc76c7168557933cca12bdaca3113697,TOW-BLR-004,2026-08-30T08:11:36Z,-84
3108f70e3438057186993335f56bd6c6d9ffe0a74ee099c8be28fdfc35c97a2c,TOW-BLR-002,2026-08-31T17:15:29Z,-73
c470b561344b949646b98c67f87afddd34b5985b84d8505eb64e1296d27ed7e2,TOW-BLR-001,2026-08-30T07:41:31Z,-74
c29f10eeeac39ff9da13cd1771e7013daa37b6f9553618953e642c0193b1105d,TOW-BLR-001,2026-08-30T20:49:57Z,-55
7a677870d8c06defbdf456be024b65848db56b7ac4755a7297e78308315ae636,TOW-BLR-003,2026-08-31T05:55:12Z,-94
2779749f7710949a4792cc1cccf83ac4506a22e7344db9bff0318b42e6108519,TOW-BLR-004,2026-08-31T17:39:12Z,-72
0e08c8be934134f5e0143d79626cd666ef6ee835dbea0e2139e4453691d41006,TOW-BLR-001,2026-08-30T12:32:21Z,-93
a92475f03c5c0e704011c75f83e311cba049d04139c488d187645cbe5836ee42,TOW-BLR-002,2026-08-31T21:01:09Z,-72
27a9f6cf3e784af9957031dd7c4ea3328ee97a45e97e32dcc06d0e81de9a6a44,TOW-BLR-004,2026-08-30T02:49:26Z,-85
329ca6ac512e95d4428bdcfcc69d43ded1cd914a94127edefb12ad988ce7ef4b,TOW-BLR-003,2026-08-30T17:17:59Z,-107
1b8e2f4669c49257fcbc07db82dff985ebdcea2645c6b93aca03046d5731472a,TOW-BLR-004,2026-08-30T19:33:27Z,-53
db60cb3d3e926de5e1f1dc5ec39988132f99ed7cfdb2c75b0d98588d668e754a,TOW-BLR-001,2026-08-31T00:36:09Z,-58
2cd185a0e5165c8705eaac57a82ddd0f7ec3fcb92ea51efe8d13d48444b0ec31,TOW-BLR-003,2026-08-30T22:38:33Z,-93
d41e30e0593ac284cad2c7c08569fbdad3dd2a63b3ed8a6bdb90b74b9290c16d,TOW-BLR-004,2026-08-30T07:09:07Z,-55
f2055c8b46b26b9a2e5732e9978e2bc147a79c229c37c88d62397440e84a9adc,TOW-BLR-002,2026-08-30T21:52:49Z,-63
7c3444809193dd8892bd3d5406741e9e223bd5de3febc017ef431a8d712e364f,TOW-BLR-003,2026-08-30T19:37:06Z,-64
b3e45428dce2593a6b83b43fff29c95eab50acb1cc55b2daeb176a2788b74766,TOW-BLR-005,2026-08-31T23:00:28Z,-105
61ff510fc7c8d0f3edfbf2e3d961cccbeb1d1f5266d5d648980b41c13d7a2ab5,TOW-BLR-004,2026-08-30T15:23:34Z,-52
58a6e3dc4206df0cba91aa32a701bea7293f9d9e17d386b2f2b0411cc01d9720,TOW-BLR-004,2026-08-31T11:16:38Z,-62
0418b6bf59aaf6300e9694a040b9ce90c99c0d7ea12dd91359575e72f42b58e3,TOW-BLR-003,2026-08-30T04:05:34Z,-78
0c464a077072f36c3a1a180c5de7f5080817e7377fbe2dc5b1677c3adebac752,TOW-BLR-002,2026-08-30T04:46:41Z,-91
dd7bd4bcfc023cea77828a9d4467d55ac276d5425902f5552381e6e0f98bce8c,TOW-BLR-005,2026-08-31T05:22:24Z,-102
c29f10eeeac39ff9da13cd1771e7013daa37b6f9553618953e642c0193b1105d,TOW-BLR-005,2026-08-31T17:24:34Z,-109
994c4489211698bbcf023b39117e68fd91ff40b8de92e6790b5866888fe1e03e,TOW-BLR-002,2026-08-30T14:36:59Z,-57
f89c7a25aa73d2138860ce78ca92d285666572ec069a32f612b59f091d2d2232,TOW-BLR-002,2026-08-30T02:24:29Z,-81
06e2f299519cc999898b2f300730199ef511a5aecd416e005ef6eed49149b4b5,TOW-BLR-003,2026-08-30T14:29:55Z,-93
d427539d777d7e1658638290cb9fab436f06cc47d74eaa6fe686b199b2b20b25,TOW-BLR-004,2026-08-31T12:46:55Z,-85
c331a6b20a84257bab78df7177103605e5f668c2b4e8c00a9c44bc40b5ef93eb,TOW-BLR-001,2026-08-30T02:13:31Z,-95
db60cb3d3e926de5e1f1dc5ec39988132f99ed7cfdb2c75b0d98588d668e754a,TOW-BLR-004,2026-08-31T19:15:24Z,-82
645cb5ae33ecbf471ebf101aef4c781e2f0b1a50c071ca9ee7ae5ce4e8f430b8,TOW-BLR-004,2026-08-31T18:44:07Z,-75
763fd87be48fc3c8c3709f9544d328717bb1ddb9678344ebbda99fadce1b5355,TOW-BLR-003,2026-08-30T11:54:24Z,-57
cf9a64034bf82b056285e0b549e1caf83662ca4ab5f274ced8a32dd562615769,TOW-BLR-003,2026-08-30T06:34:55Z,-92
3d7121e5d2a5cd54446be0380d569da6dbcb6d7fd71e425f23cf8b5727e0efe8,TOW-BLR-004,2026-08-30T03:36:55Z,-100
1cb1a3f105243c12f43e49ea3b7f2a77275a1fbbb926af3b761ccc42bf7f8bbb,TOW-BLR-005,2026-08-30T15:36:22Z,-56
361ac03f9899db5f853e98f211383204a3477b6750123b3aa08990c0bc60193e,TOW-BLR-002,2026-08-30T15:03:13Z,-93
4489de783f0bdc9c1f46955c8b79e68e5b7268250d1c7cc130a9f14d220b14c8,TOW-BLR-004,2026-08-31T13:22:33Z,-109
b7b24c21128514aa97ef1bd367e3106c0bb05ab8a08d86f1354babd21669850c,TOW-BLR-001,2026-08-31T10:31:21Z,-52
210e5cb2855dfb9080fd95bf683a00dab57522ed81797bf9e43c65006061b3b2,TOW-BLR-002,2026-08-31T19:46:25Z,-59
906a0bc76e88bfe2444e9d7e957f0bb1d037f9869c84ba6e88b051c6053a31dc,TOW-BLR-002,2026-08-30T18:22:42Z,-72
9752b374a6dca9438cf640f07ee97b5e9219d13a25c503ca0931f630f408007f,TOW-BLR-003,2026-08-31T22:48:10Z,-93
ef381ec30b82913c60a6c06d3c429ef4f754d856719fe68096ff9c3cff940bfb,TOW-BLR-004,2026-08-31T01:23:32Z,-81
e1666c1ff291b7c40b69df20c664fa769b46a15bdf7ad72bf1ffd72f63d51649,TOW-BLR-002,2026-08-31T09:59:02Z,-91
eac5c4fa0df8925ed6a6c3b93119a5d12212c8ad8c8089cc8abcb4c68da216f1,TOW-BLR-005,2026-08-31T21:24:34Z,-85
c470b561344b949646b98c67f87afddd34b5985b84d8505eb64e1296d27ed7e2,TOW-BLR-001,2026-08-30T00:32:06Z,-78
749b8c6b6e329536c169d086aacabc027ba8ca8d5b21588417083626197c27be,TOW-BLR-003,2026-08-31T16:53:02Z,-69
a3f6c75cff3ad8beec20e1a0aa71d3f22deffc01ca147e447f33652b2a71efae,TOW-BLR-005,2026-08-30T20:35:02Z,-91
e01d811a79fc578af3d4139e61bb2d3e543e3069a4328eddce1bac46495508f1,TOW-BLR-001,2026-08-31T11:04:44Z,-106
0928f1fd5b5c226c90dc8dfdbecaec4df23667879d91b0de73c8a659b3b51c9d,TOW-BLR-003,2026-08-31T22:38:48Z,-90
dba1521b6091cf64b9de658c2f1eb1ce93fc8d45c84778661bf95cff148582e0,TOW-BLR-003,2026-08-30T19:00:58Z,-69
58c67f8ed21ef88fc36604b9c2852c28cd1a3a82f119db54c094ff2444e5899e,TOW-BLR-003,2026-08-30T13:42:57Z,-101
0418b6bf59aaf6300e9694a040b9ce90c99c0d7ea12dd91359575e72f42b58e3,TOW-BLR-002,2026-08-30T04:08:03Z,-59
a47f789aa388687028705b7f2d4547d8000047bb5ec34c7b31f59fa3ab8539a6,TOW-BLR-005,2026-08-31T05:25:31Z,-68
541b2920d264e79295106f9481dd0b84153d03d56baa980f48caacdedab79cfe,TOW-BLR-002,2026-08-30T01:51:12Z,-69
3404f57309d8e1f7c2250dc78541765cf40b63416cdb7e032ad5ca046e930e24,TOW-BLR-003,2026-08-30T18:53:27Z,-52
b9f0f673df45e56702a2054de2329aefb3b6c6fd3ef2940d6ea1133b7f7baa67,TOW-BLR-004,2026-08-31T04:16:23Z,-63
ca9fb60d20be57a8aa44f49c9edb466c3cba0cff3de897735d88c52ff4d0dd37,TOW-BLR-005,2026-08-31T17:39:17Z,-58
61ff510fc7c8d0f3edfbf2e3d961cccbeb1d1f5266d5d648980b41c13d7a2ab5,TOW-BLR-003,2026-08-30T16:11:31Z,-67
64fdc51f368e71395a7448eb988c56d10bd682b76bb1403d56524552df9a8b1a,TOW-BLR-004,2026-08-31T02:06:17Z,-78
67f8aaafd23c1ac8be42715dbd8dcd8206070aaa4abe91897ec5c55283c6408e,TOW-BLR-002,2026-08-31T23:53:09Z,-54
60343645662c2c85f86cac66661e9d01cc5ad029bcd47b7c444b994305467266,TOW-BLR-002,2026-08-30T21:23:33Z,-104
fce13cdb8a85833a333ee4d1021160f2db2b97c0c5a8e7d11c78875fdaee8c50,TOW-BLR-002,2026-08-30T18:50:04Z,-64
9752b374a6dca9438cf640f07ee97b5e9219d13a25c503ca0931f630f408007f,TOW-BLR-005,2026-08-30T13:19:50Z,-50
27a9f6cf3e784af9957031dd7c4ea3328ee97a45e97e32dcc06d0e81de9a6a44,TOW-BLR-003,2026-08-31T23:39:16Z,-105
361ac03f9899db5f853e98f211383204a3477b6750123b3aa08990c0bc60193e,TOW-BLR-003,2026-08-30T16:15:44Z,-63
d4d9b138de4939b5a64d664afbd8ffb6be0bb1d9157e5b907b48f4b8b7fb5816,TOW-BLR-003,2026-08-31T06:37:04Z,-60
329ca6ac512e95d4428bdcfcc69d43ded1cd914a94127edefb12ad988ce7ef4b,TOW-BLR-003,2026-08-31T03:03:54Z,-94
c470b561344b949646b98c67f87afddd34b5985b84d8505eb64e1296d27ed7e2,TOW-BLR-003,2026-08-31T09:46:12Z,-56
b4137ecb3d80db814311d6a4053415d0bd71e8b4e4fb32b9f5a39b74d62a8504,TOW-BLR-004,2026-08-30T03:54:31Z,-55
c331a6b20a84257bab78df7177103605e5f668c2b4e8c00a9c44bc40b5ef93eb,TOW-BLR-005,2026-08-31T18:15:25Z,-50
8f6c3567020fe5158954a16a90fe942b05b979cc3d21185db7682c502a185a2e,TOW-BLR-001,2026-08-31T10:23:09Z,-54
033cb5d2a369636fca13cc266088ef49b139033d26568e95cfc45648b2f00aff,TOW-BLR-005,2026-08-30T08:43:29Z,-55
27a9f6cf3e784af9957031dd7c4ea3328ee97a45e97e32dcc06d0e81de9a6a44,TOW-BLR-004,2026-08-31T14:34:53Z,-91
3b107bed1c6ac71d80856e656952a83c8b5583e3c4f3b453df0c29d234693f08,TOW-BLR-001,2026-08-30T10:58:45Z,-102
5f789fd2c5836252cc417e4829879fb15a3dc5b35c4ee49f7f2be52647303570,TOW-BLR-003,2026-08-31T05:47:47Z,-74
cf9a64034bf82b056285e0b549e1caf83662ca4ab5f274ced8a32dd562615769,TOW-BLR-004,2026-08-30T10:25:45Z,-90
dba1521b6091cf64b9de658c2f1eb1ce93fc8d45c84778661bf95cff148582e0,TOW-BLR-002,2026-08-30T05:53:04Z,-79
97368f3c02f48f75894e4de8193414fce44ead3ef4706afdcafa5d91758315d7,TOW-BLR-002,2026-08-30T22:49:19Z,-70
f89c7a25aa73d2138860ce78ca92d285666572ec069a32f612b59f091d2d2232,TOW-BLR-001,2026-08-31T08:55:03Z,-93
e4e172eaeda63c2c9e8570d599346aca08ee96cdf2e322654453e0a15a2c30cd,TOW-BLR-002,2026-08-31T17:57:48Z,-62
9640ffa8fd3b6c05321013dd64ca4ba4bcd7e82047fb9c0c01f898481d00e72b,TOW-BLR-004,2026-08-30T06:24:39Z,-102
41e7a957c31f1cfac990f14b9802f83af2b2ddbf12f52ea52b7c072dee84689b,TOW-BLR-004,2026-08-31T22:07:44Z,-83
a92475f03c5c0e704011c75f83e311cba049d04139c488d187645cbe5836ee42,TOW-BLR-004,2026-08-31T10:45:47Z,-86
c01a6992a61aa93d4e9d9f42d82df188c91b3e1f2d06f347a56337292c8a85a7,TOW-BLR-001,2026-08-31T14:52:07Z,-98
9223f782eeb1eef2af92c9ef48f9e721834d0e8fbfef6fafe4c83c0c15b71264,TOW-BLR-003,2026-08-30T01:01:30Z,-53
1dd27686432c1e2abfc90dd1bd07a714be564682b0b19015c4da9517d8fb08ce,TOW-BLR-005,2026-08-30T13:52:38Z,-109
eac5c4fa0df8925ed6a6c3b93119a5d12212c8ad8c8089cc8abcb4c68da216f1,TOW-BLR-001,2026-08-31T21:38:02Z,-64
39bfa5d7a53ae5dc5e6fb7a1daa9c8667bbb8e31e055933cae3b960a780e2fc0,TOW-BLR-002,2026-08-31T01:04:29Z,-91
210e5cb2855dfb9080fd95bf683a00dab57522ed81797bf9e43c65006061b3b2,TOW-BLR-001,2026-08-31T03:55:45Z,-78
e10363f8958cd2b611c6abe035c04cb016a3c8d51154f65f6932a5c26f9ea68c,TOW-BLR-003,2026-08-30T12:09:43Z,-106
58a6e3dc4206df0cba91aa32a701bea7293f9d9e17d386b2f2b0411cc01d9720,TOW-BLR-001,2026-08-30T21:42:51Z,-50
30eee72284276f0a5044a80defca7a33cf9def9620a784c6cb88b0f812477240,TOW-BLR-004,2026-08-31T13:53:10Z,-72
680ae478d9e8f0a61999e67f1223f32e269acc9daf00ee8e31b0c7a99bfae5d4,TOW-BLR-003,2026-08-31T07:34:42Z,-54
e01d811a79fc578af3d4139e61bb2d3e543e3069a4328eddce1bac46495508f1,TOW-BLR-002,2026-08-31T00:57:25Z,-53
cc6b3763e91ab45f13b630b1f96b0fac36879a3f0509992d02f2d39a5d256429,TOW-BLR-003,2026-08-30T13:43:14Z,-100
e1c50c60bd295187ed76df05350c2f8dda62be7db7100c9502d042ecb0647bea,TOW-BLR-004,2026-08-30T01:23:33Z,-96
367c904c22b232e98be959f9aa1f1fe766a88044d97e83bb2cb2b458e7c9235d,TOW-BLR-002,2026-08-30T15:22:42Z,-64
bdc3ac20257eed8311edda7e668474d29467a33bcdc30a5ac7180a038097af23,TOW-BLR-005,2026-08-31T12:44:46Z,-100
ac4d86152237babe16e522e0f80f243fccc135f73a43438fda309a2c79d06c46,TOW-BLR-003,2026-08-31T23:22:15Z,-60
ca9fb60d20be57a8aa44f49c9edb466c3cba0cff3de897735d88c52ff4d0dd37,TOW-BLR-004,2026-08-31T22:37:36Z,-94
50910d451937c8598faa62cd6d80123690e3d3e18a319df65da8c93c6497cef1,TOW-BLR-005,2026-08-31T21:22:31Z,-107
a3f6c75cff3ad8beec20e1a0aa71d3f22deffc01ca147e447f33652b2a71efae,TOW-BLR-001,2026-08-30T07:52:21Z,-69
a63f135b6223cee83a6aec5fa5b330aa5bee7f690ed3de3fc0b1541db348bac9,TOW-BLR-001,2026-08-30T03:30:44Z,-66
a5c9577bb5af38d2ff8147936b242dad7800fc3f454896fb7b89c9679241b18b,TOW-BLR-004,2026-08-31T08:21:14Z,-86
ac4d86152237babe16e522e0f80f243fccc135f73a43438fda309a2c79d06c46,TOW-BLR-005,2026-08-30T18:24:13Z,-80
527c04e02df3ff3e27eeb14cbb5442e9a0d6cd00c1823792d74d70a748221858,TOW-BLR-002,2026-08-30T14:57:49Z,-66
e01d811a79fc578af3d4139e61bb2d3e543e3069a4328eddce1bac46495508f1,TOW-BLR-001,2026-08-30T21:55:35Z,-84
749b8c6b6e329536c169d086aacabc027ba8ca8d5b21588417083626197c27be,TOW-BLR-001,2026-08-31T13:53:15Z,-93
ee7e18675c2c64ba9da01d4ead0588b4e15751d9557b30d41a89ac44de6b3db3,TOW-BLR-005,2026-08-30T09:59:16Z,-84
6f69d588e0a357f690fe95f6b229ebae3116d34f1e5fdead5d1157845ba5d384,TOW-BLR-001,2026-08-31T13:15:08Z,-64
8f6c3567020fe5158954a16a90fe942b05b979cc3d21185db7682c502a185a2e,TOW-BLR-001,2026-08-30T20:35:09Z,-103
f278eae79a99880355e00f3a7b18d3230b4cf801de627669e85e616cfb853a31,TOW-BLR-001,2026-08-31T12:14:39Z,-98
c1a2661f7ff113cb0271c9f8ba51b6cf211909fde3b6355be005d33986875097,TOW-BLR-002,2026-08-30T19:09:02Z,-57
5cc172e6c14565e6dc2547d26145a1e9fc76c7168557933cca12bdaca3113697,TOW-BLR-002,2026-08-31T02:03:47Z,-65
2f629a39127a6e00c862dfee8033366a17e57c8a3efe74a4b98d68e02917fb8c,TOW-BLR-003,2026-08-30T11:40:40Z,-108
5561f501d23467b9e6955b39f1be445c0b050c65c9d2dc64742fe9d371f3ceab,TOW-BLR-004,2026-08-30T15:07:25Z,-66
626a8c724bbe99a359d58cf8b9793fc42a5ea2ccee33814a7d1e2410fe9aefa8,TOW-BLR-004,2026-08-31T00:04:25Z,-95
7621de8ca83cbcd279167f556516c491dadb09330607c1f0ad30436e496097d6,TOW-BLR-001,2026-08-30T06:28:51Z,-52
a306962ddc4e800a51d884da9e7e0bd2fa08b534c8773d2cdbf06790da9fa65d,TOW-BLR-005,2026-08-31T11:58:46Z,-101
8cfb6b888a7f0c057eb5a53552975702d7397eeecd4f696e49a7df9588c2e1f8,TOW-BLR-001,2026-08-31T13:15:40Z,-106
bfc7e0570fc2fd1ef8e941c2837e63172945abb8d7e14746ca0f6e8ccdd960cf,TOW-BLR-001,2026-08-30T18:38:00Z,-69
e8f00016406bb08c12dc8c0e43fc32a1da7071e14c3cea997d3566848d75a7b4,TOW-BLR-004,2026-08-30T21:33:20Z,-94
d72a31c76cd1ced9b3eaee828a621e1aa961ec6970a66d4b73a005fd72745274,TOW-BLR-001,2026-08-30T07:16:04Z,-58
994c4489211698bbcf023b39117e68fd91ff40b8de92e6790b5866888fe1e03e,TOW-BLR-001,2026-08-30T21:09:30Z,-87
bdd2bdbaf183327d7ca5b7121c51db5ae24f436a01a4db832ea4d719bbbe7733,TOW-BLR-003,2026-08-31T07:01:12Z,-63
a5c9577bb5af38d2ff8147936b242dad7800fc3f454896fb7b89c9679241b18b,TOW-BLR-001,2026-08-30T03:20:29Z,-110
1cb1a3f105243c12f43e49ea3b7f2a77275a1fbbb926af3b761ccc42bf7f8bbb,TOW-BLR-002,2026-08-31T23:07:39Z,-100
4075c01d70966dc11bef2096198285422fbbd861d184a28bc57ff6fc7fe81f4a,TOW-BLR-003,2026-08-31T07:52:24Z,-71
71cb904b7291d0d2e45d4ff2e2770e09787864e217f69784a47441a4403c066e,TOW-BLR-001,2026-08-31T03:08:00Z,-58
9498ff38125320e825074439f94b75ab53790c8daa5aad105ebac0d34f2c212e,TOW-BLR-002,2026-08-30T08:17:20Z,-85
cfee4531556fc23e554d508217c12c722036af0deea68f1f7100d32fff96f111,TOW-BLR-004,2026-08-30T19:47:39Z,-57
2779749f7710949a4792cc1cccf83ac4506a22e7344db9bff0318b42e6108519,TOW-BLR-004,2026-08-31T06:42:36Z,-69
a9cb35a4fd627463d2028b97d80463eba8976d54e3f9ecdc40b17877be95bf19,TOW-BLR-002,2026-08-30T08:13:57Z,-102
cc6a64b393383a4ba1bb601bcf6b3acfae97f5d200518ae28211fdfde0f911f2,TOW-BLR-001,2026-08-30T11:36:24Z,-104
b3e45428dce2593a6b83b43fff29c95eab50acb1cc55b2daeb176a2788b74766,TOW-BLR-005,2026-08-31T11:08:50Z,-59
5d293bef5865f720e15fe72cf657194b15cc78aa4780739303867f9c2280f8e5,TOW-BLR-004,2026-08-30T13:11:56Z,-71
733e613aa1af193c29f217e1041ea514990da8f1507065bf8b682122676bd98c,TOW-BLR-003,2026-08-31T20:31:03Z,-109
dba1521b6091cf64b9de658c2f1eb1ce93fc8d45c84778661bf95cff148582e0,TOW-BLR-002,2026-08-31T11:10:36Z,-52
3a1039a2cd5c4b081564377071a122e8f9564962f6ba00fd27656e45042c6349,TOW-BLR-001,2026-08-31T05:56:55Z,-82
f639adcff8a55ba9d5eae8cb29118e2cf7a99cef509afa19f23e7c9e34413df7,TOW-BLR-001,2026-08-30T19:03:00Z,-69
f09defae43936bc24acfcb7f14509d12080824d2ab52b46e006c57e20408aa08,TOW-BLR-001,2026-08-31T14:12:57Z,-61
1b8e2f4669c49257fcbc07db82dff985ebdcea2645c6b93aca03046d5731472a,TOW-BLR-005,2026-08-31T17:08:34Z,-96
3f24dc89df996ef63c8289393b934feed72d9dbb13a7e4e2180dcd25f0f50391,TOW-BLR-003,2026-08-31T13:47:58Z,-77
28ca498f1861bf52e0b0fb8af9c1c1d88bda98dbfdef764c0e0834aaa4f210e0,TOW-BLR-005,2026-08-30T06:56:07Z,-83
749b8c6b6e329536c169d086aacabc027ba8ca8d5b21588417083626197c27be,TOW-BLR-002,2026-08-31T11:05:34Z,-88
749b8c6b6e329536c169d086aacabc027ba8ca8d5b21588417083626197c27be,TOW-BLR-004,2026-08-30T10:49:28Z,-57
a555bd5f4da0fa7f434ab161a8964c5a8c7a727c3a05eda72767d5e76a703d7d,TOW-BLR-005,2026-08-31T20:37:51Z,-107
906a0bc76e88bfe2444e9d7e957f0bb1d037f9869c84ba6e88b051c6053a31dc,TOW-BLR-002,2026-08-31T12:48:51Z,-56
fce13cdb8a85833a333ee4d1021160f2db2b97c0c5a8e7d11c78875fdaee8c50,TOW-BLR-004,2026-08-30T12:02:39Z,-106
ea65e1e9e85234a2d75d1068dcd45e323543e123130f0600ce591123eafc8600,TOW-BLR-004,2026-08-30T23:20:52Z,-95
4075c01d70966dc11bef2096198285422fbbd861d184a28bc57ff6fc7fe81f4a,TOW-BLR-003,2026-08-30T03:39:59Z,-78
367c904c22b232e98be959f9aa1f1fe766a88044d97e83bb2cb2b458e7c9235d,TOW-BLR-005,2026-08-31T22:50:41Z,-86
a92475f03c5c0e704011c75f83e311cba049d04139c488d187645cbe5836ee42,TOW-BLR-002,2026-08-30T05:44:24Z,-81
7c3444809193dd8892bd3d5406741e9e223bd5de3febc017ef431a8d712e364f,TOW-BLR-005,2026-08-31T08:37:46Z,-105
a47f789aa388687028705b7f2d4547d8000047bb5ec34c7b31f59fa3ab8539a6,TOW-BLR-004,2026-08-31T08:33:16Z,-90
b4137ecb3d80db814311d6a4053415d0bd71e8b4e4fb32b9f5a39b74d62a8504,TOW-BLR-004,2026-08-31T23:34:37Z,-109
774d203000b86f167d2636b3e581ecddd77c2e1843ee17aa0a70e6d8db614c2a,TOW-BLR-004,2026-08-31T06:01:32Z,-108
60343645662c2c85f86cac66661e9d01cc5ad029bcd47b7c444b994305467266,TOW-BLR-005,2026-08-30T00:00:44Z,-58
63e057fde085f12ed5175da4bedf4ca9b785b50614b0d21a48adcd1cd457483f,TOW-BLR-005,2026-08-31T21:04:44Z,-70
4f972994f960f47d30723d1ce7f7ba4b4b54ef39b569eaec30e1bb2d411c90a7,TOW-BLR-005,2026-08-31T16:56:52Z,-97
26796abc3ac290807b505dea3353c73ca9adc03dcb3dcd68e74c4d00e5e068f8,TOW-BLR-004,2026-08-31T00:49:12Z,-87
a555bd5f4da0fa7f434ab161a8964c5a8c7a727c3a05eda72767d5e76a703d7d,TOW-BLR-001,2026-08-30T16:13:56Z,-56
664899f7580500b65ee3fb2b483121846c0c74a9d8f1124ee5067346bfc951ce,TOW-BLR-003,2026-08-31T16:47:20Z,-61
8f6c3567020fe5158954a16a90fe942b05b979cc3d21185db7682c502a185a2e,TOW-BLR-005,2026-08-31T10:27:09Z,-65
1cb1be4b1497c4012d982486d14c4ff0b1955d00181b6d751e220ee7701403a8,TOW-BLR-003,2026-08-31T08:57:08Z,-103
8679f0fa29e477d1def3ae9e208876db0be8ecedd590b3ba6c5ce9a1caeb22c7,TOW-BLR-002,2026-08-30T00:09:35Z,-89
1f79de33c2108975365a7031a039f6022577be75a0a004d91eefb2973f386493,TOW-BLR-003,2026-08-31T15:52:53Z,-77
db60cb3d3e926de5e1f1dc5ec39988132f99ed7cfdb2c75b0d98588d668e754a,TOW-BLR-001,2026-08-30T03:20:00Z,-53
4fbb32d4a24fe104c5dd461ac6280dbd58883363fbc54ce5080ba8175198cb11,TOW-BLR-004,2026-08-30T10:13:37Z,-58
c2e085ff3106211c72863a7a99360642c5170eadd9a22346a895f4cec806fc92,TOW-BLR-004,2026-08-30T07:47:19Z,-94
c8f37c395bad9f7984fa2958e584e0d57d3985a86ed5df2571f601b435eeb661,TOW-BLR-002,2026-08-30T13:39:23Z,-103
626a8c724bbe99a359d58cf8b9793fc42a5ea2ccee33814a7d1e2410fe9aefa8,TOW-BLR-004,2026-08-30T15:41:55Z,-81
a555bd5f4da0fa7f434ab161a8964c5a8c7a727c3a05eda72767d5e76a703d7d,TOW-BLR-002,2026-08-31T00:36:27Z,-104
614876d3edf5128ba4d3d15fc68c5a62a99dc6e8d5ecebfdb5f15ea2eaf97dae,TOW-BLR-004,2026-08-30T03:23:09Z,-51
c331a6b20a84257bab78df7177103605e5f668c2b4e8c00a9c44bc40b5ef93eb,TOW-BLR-005,2026-08-30T08:58:21Z,-61
cf9a64034bf82b056285e0b549e1caf83662ca4ab5f274ced8a32dd562615769,TOW-BLR-004,2026-08-31T09:18:21Z,-68
e10363f8958cd2b611c6abe035c04cb016a3c8d51154f65f6932a5c26f9ea68c,TOW-BLR-005,2026-08-30T09:48:14Z,-79
c01a6992a61aa93d4e9d9f42d82df188c91b3e1f2d06f347a56337292c8a85a7,TOW-BLR-005,2026-08-30T03:32:12Z,-75
4a963e06b1fc70d0275420de2b12ed9ca98f83e89daa42cb95678b2dd0d555dd,TOW-BLR-004,2026-08-31T18:36:25Z,-80
aa44ba1bb9a6b63cc60a0ae6dbcfc2e798000a2af3ce5e5e3d0803a679875a60,TOW-BLR-005,2026-08-30T12:54:12Z,-66
c1f42731b9907abe4e81947ee7799751d8ecf8eca65cdf787ee9db2935d743cc,TOW-BLR-002,2026-08-30T09:20:54Z,-104
e99755126b8fe02eb8684b0457fda5f975195b5929e9f034c715e1ea8947715c,TOW-BLR-005,2026-08-31T20:08:21Z,-54
1dd27686432c1e2abfc90dd1bd07a714be564682b0b19015c4da9517d8fb08ce,TOW-BLR-005,2026-08-31T04:00:37Z,-84
c1a2661f7ff113cb0271c9f8ba51b6cf211909fde3b6355be005d33986875097,TOW-BLR-002,2026-08-30T19:55:21Z,-85
d562e1c1ff197335e78350043605b9c9a724f1ce41a8440aee5444fa9a2c6168,TOW-BLR-003,2026-08-30T21:25:15Z,-82
9752b374a6dca9438cf640f07ee97b5e9219d13a25c503ca0931f630f408007f,TOW-BLR-002,2026-08-30T10:03:43Z,-84
a6b9b064c298e3a2b3f93834e33675a4415900230ca5a96e1e9963baafbf4749,TOW-BLR-005,2026-08-30T21:45:58Z,-57
527c04e02df3ff3e27eeb14cbb5442e9a0d6cd00c1823792d74d70a748221858,TOW-BLR-005,2026-08-30T22:51:29Z,-65
2d895a911f5789f518089b46011e7e6e61c0baf1b0808c4cc511b1f00ac3c55b,TOW-BLR-005,2026-08-31T22:03:47Z,-97
5f789fd2c5836252cc417e4829879fb15a3dc5b35c4ee49f7f2be52647303570,TOW-BLR-002,2026-08-31T21:27:01Z,-65
30eee72284276f0a5044a80defca7a33cf9def9620a784c6cb88b0f812477240,TOW-BLR-003,2026-08-30T09:39:39Z,-65
4489de783f0bdc9c1f46955c8b79e68e5b7268250d1c7cc130a9f14d220b14c8,TOW-BLR-002,2026-08-31T12:41:32Z,-76
62cba2b3558fe5db259bb5840cd24e7515734f8b42d6f0d656cd4e814e601c9b,TOW-BLR-003,2026-08-30T08:24:12Z,-62
1f79de33c2108975365a7031a039f6022577be75a0a004d91eefb2973f386493,TOW-BLR-005,2026-08-31T10:58:46Z,-73
542bb7beec17cd7c80e6c9881ec3337cd1aea378ad6dc96ae9e9de99694a2906,TOW-BLR-004,2026-08-31T14:52:39Z,-92
4e26399f07d5c3403b31e87dd87650d4abc371ed9d6089c9431eb9b401687ff8,TOW-BLR-004,2026-08-30T00:55:47Z,-77
179b29b175854ddd9f2dd460353266387174d375bcf69481556bc9e55562f9f7,TOW-BLR-001,2026-08-31T03:44:02Z,-101
5f73ad762d52353a3814d8344b8c3c3871dac373b2bd5d1d1021399309c4f409,TOW-BLR-001,2026-08-30T14:33:23Z,-93
ea65e1e9e85234a2d75d1068dcd45e323543e123130f0600ce591123eafc8600,TOW-BLR-002,2026-08-30T20:52:14Z,-67
e1666c1ff291b7c40b69df20c664fa769b46a15bdf7ad72bf1ffd72f63d51649,TOW-BLR-002,2026-08-30T04:31:01Z,-66
f278eae79a99880355e00f3a7b18d3230b4cf801de627669e85e616cfb853a31,TOW-BLR-003,2026-08-30T14:51:17Z,-62
cfc82faf09a6dc9b02ed746351fd4a85e0d59c3f2a8388a385cbda411989d9c8,TOW-BLR-001,2026-08-31T02:07:06Z,-58
2774be5a56fcdf5d04f289fcca9eda5f3f2b4026f2ce4b5f2adf3bbac442febb,TOW-BLR-001,2026-08-31T20:51:49Z,-55
0162aa00917191d22e2948a923eeba8b3127e99535ef6f6cce59372f46292cd2,TOW-BLR-005,2026-08-30T16:20:00Z,-63
75211b3edf6cbfd2bb503506dc3c73550c9179fda0a8f45f75153f013d13c222,TOW-BLR-005,2026-08-31T04:19:04Z,-95
7a055fdd3bd61d3427439dba09a185a5bb286f6a7354ca8b9faac95268f96bf7,TOW-BLR-003,2026-08-30T03:25:15Z,-51
733e613aa1af193c29f217e1041ea514990da8f1507065bf8b682122676bd98c,TOW-BLR-004,2026-08-31T06:20:00Z,-60
438def5eabfbb68a3b92db643ef7878613bbc2faa66a7a86b4eba14d00bd1745,TOW-BLR-003,2026-08-31T16:12:16Z,-107
4ee1d1663fe1c8dba22aff6390d16ec929cd2c6dd08c33a43efdf55d10c2ed5b,TOW-BLR-003,2026-08-30T14:47:18Z,-71
21308ebc339ed29ba2719c3421b30cf3d970d86d5452bf72124521884c6e130e,TOW-BLR-004,2026-08-30T16:25:26Z,-52
c331a6b20a84257bab78df7177103605e5f668c2b4e8c00a9c44bc40b5ef93eb,TOW-BLR-003,2026-08-31T18:50:41Z,-76
ceb92794371376cce497c125e1859d5da18956b33da07f06cae159d1cb60eeb6,TOW-BLR-005,2026-08-30T14:18:23Z,-61
bfc7e0570fc2fd1ef8e941c2837e63172945abb8d7e14746ca0f6e8ccdd960cf,TOW-BLR-002,2026-08-30T21:25:16Z,-82
645cb5ae33ecbf471ebf101aef4c781e2f0b1a50c071ca9ee7ae5ce4e8f430b8,TOW-BLR-001,2026-08-30T13:36:54Z,-99
2d895a911f5789f518089b46011e7e6e61c0baf1b0808c4cc511b1f00ac3c55b,TOW-BLR-005,2026-08-30T08:41:27Z,-86
e799c2d47421751052a9b78f7e997150cd304e0b0c07d742b4490116e4802051,TOW-BLR-004,2026-08-30T20:19:27Z,-75
7f2aafa15c630696adf2683d461db9bbd05fda0713e55de6b83a58f667d4888f,TOW-BLR-002,2026-08-30T11:43:06Z,-73
62bd82e922a8ec6730fed1035ea57162649ffbf5882baf6115b56d0c3c8ff6df,TOW-BLR-003,2026-08-30T00:24:39Z,-89
e27215f8478b1d5961a5e2f91bcfe38158ec069c264a9840541ede499ddff6d0,TOW-BLR-002,2026-08-30T02:54:30Z,-101
37d5bcc2e10e41308171cc736deaeb1ae3801824fe99d46de6a7dd02427f8d16,TOW-BLR-003,2026-08-31T19:27:48Z,-107
04a4b90e332aa366ee3ff9d9f986e3770ce54d4b0b50f60b8194bd7533083d47,TOW-BLR-005,2026-08-30T21:55:45Z,-79
0c464a077072f36c3a1a180c5de7f5080817e7377fbe2dc5b1677c3adebac752,TOW-BLR-005,2026-08-31T16:03:41Z,-88
b97863b8c458045fcb570501b4a5f9f4e0129debab5c1098ac6a64dfc33444b1,TOW-BLR-003,2026-08-31T14:15:29Z,-96
3f24dc89df996ef63c8289393b934feed72d9dbb13a7e4e2180dcd25f0f50391,TOW-BLR-002,2026-08-31T13:54:33Z,-106
cbf710d65baba3fa8d515be70761860ae0362217228a5b27e316882ce252c18d,TOW-BLR-005,2026-08-30T11:36:18Z,-84
3a489a1f2d50a7145610c51b0f2ba3fb83cb5fe91c12c2961b086df8092a6c88,TOW-BLR-005,2026-08-31T05:22:33Z,-105
763fd87be48fc3c8c3709f9544d328717bb1ddb9678344ebbda99fadce1b5355,TOW-BLR-002,2026-08-30T15:32:09Z,-68
4075c01d70966dc11bef2096198285422fbbd861d184a28bc57ff6fc7fe81f4a,TOW-BLR-003,2026-08-31T02:16:20Z,-92
128a2c7bd4fd5507bb0d446ee5793b54ea77c9ab7beee573ac0798d61385482f,TOW-BLR-005,2026-08-31T14:37:47Z,-80
070f49e260bfad8f443dd7b6c77454a5ea3a32ddb069aa900164197386693a9f,TOW-BLR-001,2026-08-30T08:21:13Z,-68
3d47fa14eca1ad3c6af4a7630628e3e43d0de0e692c02fb9966106fd91f3e1c2,TOW-BLR-004,2026-08-30T17:30:05Z,-53
fee0cfa53d5328eeab6e9c98c28a9a57cd4de2a7597f9c83002a5b4141243e7d,TOW-BLR-005,2026-08-31T21:13:45Z,-95
e747d03e9c44baba2eb35f2a03b141dc9fb150e979435990e40d4d2588df5cb3,TOW-BLR-001,2026-08-30T23:22:11Z,-86
91692116b5a4bef93f0ce15b1c0fc9ceabdf7d6317836432ce60fdb60300aa5e,TOW-BLR-001,2026-08-31T04:05:55Z,-94
cfc82faf09a6dc9b02ed746351fd4a85e0d59c3f2a8388a385cbda411989d9c8,TOW-BLR-003,2026-08-30T01:47:56Z,-52
0418b6bf59aaf6300e9694a040b9ce90c99c0d7ea12dd91359575e72f42b58e3,TOW-BLR-003,2026-08-31T13:27:03Z,-59
7a055fdd3bd61d3427439dba09a185a5bb286f6a7354ca8b9faac95268f96bf7,TOW-BLR-004,2026-08-31T11:26:52Z,-108
c14c122b7d80c0cadc54149e12c9e1f574f2499598653912351b2a668a0aba1d,TOW-BLR-002,2026-08-30T23:19:28Z,-78
01d3d1ae9ffe5b587f8d18acb10f48bdc9446b971dba998f10683223125fde60,TOW-BLR-001,2026-08-30T12:11:21Z,-61
7a677870d8c06defbdf456be024b65848db56b7ac4755a7297e78308315ae636,TOW-BLR-005,2026-08-30T00:32:01Z,-70
e03084bd52a1de59f703c73a314b52bf9f7026848c2545312ce44ccc7b54e5d4,TOW-BLR-002,2026-08-31T21:50:23Z,-61
cdd95be7efebbce1759b91fab7ca6127de9fb4230ad56f5dac8b8b7fff73d9db,TOW-BLR-004,2026-08-30T07:34:03Z,-97
7a677870d8c06defbdf456be024b65848db56b7ac4755a7297e78308315ae636,TOW-BLR-004,2026-08-31T23:04:52Z,-58
3cee8dbbae85a1deabbf81ebce14a6aa0a7af01250985f09ec3de2f2bcc4b3b7,TOW-BLR-001,2026-08-30T11:11:45Z,-109
1c23e30dc22cff7d9aa4539a48dbcbb7caf4fdaf6fa0021e39f2c045be36e658,TOW-BLR-003,2026-08-30T02:45:31Z,-105
b97863b8c458045fcb570501b4a5f9f4e0129debab5c1098ac6a64dfc33444b1,TOW-BLR-001,2026-08-30T12:57:39Z,-60
e1666c1ff291b7c40b69df20c664fa769b46a15bdf7ad72bf1ffd72f63d51649,TOW-BLR-005,2026-08-30T05:07:45Z,-74
58a6e3dc4206df0cba91aa32a701bea7293f9d9e17d386b2f2b0411cc01d9720,TOW-BLR-002,2026-08-30T18:50:03Z,-84
e99755126b8fe02eb8684b0457fda5f975195b5929e9f034c715e1ea8947715c,TOW-BLR-004,2026-08-31T21:53:27Z,-85
2dad7dd62b009098dd3015775fa21a10553632e72f58bf7c8d4349688e85edb7,TOW-BLR-003,2026-08-30T01:13:47Z,-86
0162aa00917191d22e2948a923eeba8b3127e99535ef6f6cce59372f46292cd2,TOW-BLR-001,2026-08-31T14:56:43Z,-110
fee0cfa53d5328eeab6e9c98c28a9a57cd4de2a7597f9c83002a5b4141243e7d,TOW-BLR-005,2026-08-30T04:36:17Z,-62
1b8e2f4669c49257fcbc07db82dff985ebdcea2645c6b93aca03046d5731472a,TOW-BLR-005,2026-08-30T03:18:51Z,-66
075c081e2edc77d960c5a77903c03dce2ff4a629cdac09a4bfc5c9be3eb03e12,TOW-BLR-001,2026-08-31T02:02:48Z,-51
ab29fe932a9f2189b8c48828b4965af27e0f4b704a59b256091d92391aa403f1,TOW-BLR-001,2026-08-30T21:06:18Z,-60
e01d811a79fc578af3d4139e61bb2d3e543e3069a4328eddce1bac46495508f1,TOW-BLR-003,2026-08-31T20:10:07Z,-105
41cfb62dc545f52a623ca34ff6274e78e3c806640f9c315637adf5a9f9fca5d1,TOW-BLR-004,2026-08-31T03:46:25Z,-85
58a6e3dc4206df0cba91aa32a701bea7293f9d9e17d386b2f2b0411cc01d9720,TOW-BLR-001,2026-08-31T10:30:53Z,-100
64fdc51f368e71395a7448eb988c56d10bd682b76bb1403d56524552df9a8b1a,TOW-BLR-002,2026-08-30T09:55:51Z,-63
07fc1543a0144268c02a1425909a6de96563c05d53b9243010e4c943d0e28120,TOW-BLR-005,2026-08-30T21:28:46Z,-70
e9024445f21f5d8c0dea88c26cf1d644e07bd5fb795be39b8b55c7ec859cee17,TOW-BLR-003,2026-08-31T23:10:53Z,-87
e747d03e9c44baba2eb35f2a03b141dc9fb150e979435990e40d4d2588df5cb3,TOW-BLR-001,2026-08-31T16:18:23Z,-55
60343645662c2c85f86cac66661e9d01cc5ad029bcd47b7c444b994305467266,TOW-BLR-002,2026-08-30T08:58:25Z,-108
c01a6992a61aa93d4e9d9f42d82df188c91b3e1f2d06f347a56337292c8a85a7,TOW-BLR-005,2026-08-31T19:26:49Z,-85
7a677870d8c06defbdf456be024b65848db56b7ac4755a7297e78308315ae636,TOW-BLR-005,2026-08-30T06:11:55Z,-91
e4e172eaeda63c2c9e8570d599346aca08ee96cdf2e322654453e0a15a2c30cd,TOW-BLR-003,2026-08-30T15:25:05Z,-84
6c80697a257233c38023ce9e735e10c89e76b5d5fb9e63a1b96a8ac89bc49c67,TOW-BLR-005,2026-08-30T10:22:23Z,-100
13adb9d8e842415d7c92ad9cb74a600c24d35b08605cd2bbf3860bfcdd42db23,TOW-BLR-002,2026-08-31T20:55:12Z,-57
e1666c1ff291b7c40b69df20c664fa769b46a15bdf7ad72bf1ffd72f63d51649,TOW-BLR-002,2026-08-30T08:20:47Z,-99
cf8e4cdc32117c05ae9a7f56eefc46a94eb0db0b2e5cd67fd9a2e41f9eeb0a92,TOW-BLR-005,2026-08-30T03:57:37Z,-56
ea65e1e9e85234a2d75d1068dcd45e323543e123130f0600ce591123eafc8600,TOW-BLR-005,2026-08-31T09:35:17Z,-69
5561f501d23467b9e6955b39f1be445c0b050c65c9d2dc64742fe9d371f3ceab,TOW-BLR-001,2026-08-30T21:09:52Z,-68
111b3f239d51625aee293406aa6afb86b456d53d1e14d80cc74ba885d322a03a,TOW-BLR-003,2026-08-30T07:09:03Z,-98
bfc7e0570fc2fd1ef8e941c2837e63172945abb8d7e14746ca0f6e8ccdd960cf,TOW-BLR-005,2026-08-31T11:28:34Z,-50
4075c01d70966dc11bef2096198285422fbbd861d184a28bc57ff6fc7fe81f4a,TOW-BLR-003,2026-08-30T09:20:10Z,-68
26796abc3ac290807b505dea3353c73ca9adc03dcb3dcd68e74c4d00e5e068f8,TOW-BLR-002,2026-08-30T07:17:06Z,-92
8f6c3567020fe5158954a16a90fe942b05b979cc3d21185db7682c502a185a2e,TOW-BLR-001,2026-08-30T14:05:24Z,-90
3a1039a2cd5c4b081564377071a122e8f9564962f6ba00fd27656e45042c6349,TOW-BLR-004,2026-08-30T23:54:33Z,-71
1cb1be4b1497c4012d982486d14c4ff0b1955d00181b6d751e220ee7701403a8,TOW-BLR-003,2026-08-31T18:32:16Z,-101
7b696387507a0442fa73032f77df22fbfca57d2f62198e30029ec2a03dcc8d57,TOW-BLR-005,2026-08-31T02:32:29Z,-59
f09defae43936bc24acfcb7f14509d12080824d2ab52b46e006c57e20408aa08,TOW-BLR-004,2026-08-30T12:16:47Z,-110
f09defae43936bc24acfcb7f14509d12080824d2ab52b46e006c57e20408aa08,TOW-BLR-002,2026-08-30T16:07:51Z,-65
ceb92794371376cce497c125e1859d5da18956b33da07f06cae159d1cb60eeb6,TOW-BLR-004,2026-08-30T20:08:49Z,-57
dc73abbd70e6bdf2430496c0075788d1e3a0785579dbd18e7e606778ebd97d93,TOW-BLR-002,2026-08-31T00:08:37Z,-54
7db41c47095120834f255ed6a9005c4edc4b430ef019eb6f4df2754c2b3d228a,TOW-BLR-004,2026-08-31T08:25:47Z,-88
04a4b90e332aa366ee3ff9d9f986e3770ce54d4b0b50f60b8194bd7533083d47,TOW-BLR-003,2026-08-31T11:27:36Z,-75
179b29b175854ddd9f2dd460353266387174d375bcf69481556bc9e55562f9f7,TOW-BLR-002,2026-08-31T23:00:27Z,-72
acc639aa3e154ebcb8bacfdda9c6cd45fc7fab52b0b141e2e9dcf2f2c3a30288,TOW-BLR-003,2026-08-30T10:11:40Z,-53
7a677870d8c06defbdf456be024b65848db56b7ac4755a7297e78308315ae636,TOW-BLR-002,2026-08-30T19:10:05Z,-64
a9cb35a4fd627463d2028b97d80463eba8976d54e3f9ecdc40b17877be95bf19,TOW-BLR-001,2026-08-30T05:29:25Z,-53
e514f926f417d960da222d7a1c16d5b31d7dfc71fa5140f104670febd095e2c6,TOW-BLR-005,2026-08-31T21:59:37Z,-109
e26e1dc5e2e6d643677fb2630c682cf53779acc7fd5096db87510ecaa28fc078,TOW-BLR-005,2026-08-31T18:09:15Z,-85
241f4bcd27c2cbf458ad7db886b03a52f063f0acae2773adeb9c65f1a5cb3050,TOW-BLR-005,2026-08-30T15:29:33Z,-52
ca9fb60d20be57a8aa44f49c9edb466c3cba0cff3de897735d88c52ff4d0dd37,TOW-BLR-005,2026-08-30T18:58:39Z,-76
cf9a64034bf82b056285e0b549e1caf83662ca4ab5f274ced8a32dd562615769,TOW-BLR-005,2026-08-31T10:22:39Z,-69
04a4b90e332aa366ee3ff9d9f986e3770ce54d4b0b50f60b8194bd7533083d47,TOW-BLR-002,2026-08-31T02:38:17Z,-85
367c904c22b232e98be959f9aa1f1fe766a88044d97e83bb2cb2b458e7c9235d,TOW-BLR-005,2026-08-30T21:11:23Z,-102
d72a31c76cd1ced9b3eaee828a621e1aa961ec6970a66d4b73a005fd72745274,TOW-BLR-005,2026-08-31T13:10:01Z,-105
da46c1b20bb0c378edcaee8832ed4f959a5ebdd74213d9ad63df0f498f6bd2b4,TOW-BLR-003,2026-08-31T12:34:00Z,-110
749b8c6b6e329536c169d086aacabc027ba8ca8d5b21588417083626197c27be,TOW-BLR-002,2026-08-31T20:42:45Z,-67
4fbb32d4a24fe104c5dd461ac6280dbd58883363fbc54ce5080ba8175198cb11,TOW-BLR-005,2026-08-30T10:13:17Z,-82
9640ffa8fd3b6c05321013dd64ca4ba4bcd7e82047fb9c0c01f898481d00e72b,TOW-BLR-002,2026-08-31T17:14:27Z,-50
7b696387507a0442fa73032f77df22fbfca57d2f62198e30029ec2a03dcc8d57,TOW-BLR-002,2026-08-31T11:12:27Z,-50
1d8716c4dd38df6890b9e1881e03d3ea4f9f5acb6e7823dbdbcca7fd418f2e2f,TOW-BLR-001,2026-08-30T15:56:02Z,-62
3a1039a2cd5c4b081564377071a122e8f9564962f6ba00fd27656e45042c6349,TOW-BLR-002,2026-08-30T04:34:38Z,-94
d427539d777d7e1658638290cb9fab436f06cc47d74eaa6fe686b199b2b20b25,TOW-BLR-002,2026-08-30T03:07:01Z,-68
27fb3e04a0e726c98b1040e53908e60b10c50f29d312fb808a051d0da28034e6,TOW-BLR-005,2026-08-31T02:18:19Z,-86
fce13cdb8a85833a333ee4d1021160f2db2b97c0c5a8e7d11c78875fdaee8c50,TOW-BLR-004,2026-08-30T03:22:53Z,-108
4489de783f0bdc9c1f46955c8b79e68e5b7268250d1c7cc130a9f14d220b14c8,TOW-BLR-003,2026-08-30T07:30:59Z,-65
12030bfb87a972728846acb9e72576256886534bdc90af27da64fc64607c03c5,TOW-BLR-005,2026-08-31T22:08:05Z,-57
d2436884e59a142c599c677d7a8e920706502f134261082705708e2c52ff095c,TOW-BLR-003,2026-08-31T18:08:04Z,-76
5d293bef5865f720e15fe72cf657194b15cc78aa4780739303867f9c2280f8e5,TOW-BLR-002,2026-08-31T03:25:39Z,-69
41fb42693e5559e4b7fd8d6cb4b0bbe89b98897c4d2fb30dd85c32276f044277,TOW-BLR-003,2026-08-31T18:47:36Z,-69
615d09c2e16982784eec18d1a485e4dfc8cb3a43bfafca019fdde222c11e4a25,TOW-BLR-001,2026-08-31T13:37:20Z,-94
41fb42693e5559e4b7fd8d6cb4b0bbe89b98897c4d2fb30dd85c32276f044277,TOW-BLR-002,2026-08-31T13:36:03Z,-85
1f79de33c2108975365a7031a039f6022577be75a0a004d91eefb2973f386493,TOW-BLR-003,2026-08-31T11:27:07Z,-60
0163aad1b721e6f0eac7043f23aa95135f7e6264d73cb85f4771d5599f9e75bf,TOW-BLR-005,2026-08-30T00:28:49Z,-78
0914bcb9c4e6585bba37c48570774e86f8d87ff884fede75c8d19d9c85ccb3ed,TOW-BLR-002,2026-08-31T08:01:56Z,-100
f2055c8b46b26b9a2e5732e9978e2bc147a79c229c37c88d62397440e84a9adc,TOW-BLR-001,2026-08-31T13:28:03Z,-69
2b74f741f3b9ec86d66a65850a5ee252863e775fdfc25e7467a62827b45f36b8,TOW-BLR-002,2026-08-30T10:56:24Z,-99
9640ffa8fd3b6c05321013dd64ca4ba4bcd7e82047fb9c0c01f898481d00e72b,TOW-BLR-003,2026-08-31T19:50:16Z,-65
815c8294c15a0369f897299acf164eb0c88d156163b6926d34a6c32225270d1d,TOW-BLR-001,2026-08-30T16:46:23Z,-84
0381be7abc2a2e33ba7ed09549f3d24cf97c4515c755faf466999b9084c0c563,TOW-BLR-003,2026-08-30T08:15:11Z,-80
0162aa00917191d22e2948a923eeba8b3127e99535ef6f6cce59372f46292cd2,TOW-BLR-004,2026-08-31T10:52:52Z,-97
071d0773364cfafd218f4938d448a477fb5fc70a27fe41d917e1c8213472908e,TOW-BLR-002,2026-08-31T23:07:55Z,-57
3b107bed1c6ac71d80856e656952a83c8b5583e3c4f3b453df0c29d234693f08,TOW-BLR-001,2026-08-30T17:44:36Z,-108
1e153199ebee9124b76aeb29141d81316036069970aeaae21b359e771d49fbcd,TOW-BLR-005,2026-08-31T19:08:00Z,-100
31c0098e266a1dc96abc21f4bd1fa31bf006516ef1520e430ef0b92bba07ae9e,TOW-BLR-005,2026-08-30T02:51:13Z,-53
542bb7beec17cd7c80e6c9881ec3337cd1aea378ad6dc96ae9e9de99694a2906,TOW-BLR-002,2026-08-30T04:04:16Z,-100
26bcfd2aa62a45e60890296e7920204fd45fec2c9f05e144b2aab10bb457ecec,TOW-BLR-002,2026-08-31T13:37:14Z,-85
f8a59b7cf1ffeefddb4cad82da9fb10563f4d8deb34e9d00533fcc65b639ddc9,TOW-BLR-005,2026-08-31T22:25:48Z,-109
4e26399f07d5c3403b31e87dd87650d4abc371ed9d6089c9431eb9b401687ff8,TOW-BLR-003,2026-08-30T06:14:38Z,-97
dd35e063db12ee83e41574ec0d96a0e650341ace34a6c33951a9a571c96e3930,TOW-BLR-005,2026-08-31T10:19:38Z,-55
0163aad1b721e6f0eac7043f23aa95135f7e6264d73cb85f4771d5599f9e75bf,TOW-BLR-002,2026-08-30T15:58:24Z,-57
3b107bed1c6ac71d80856e656952a83c8b5583e3c4f3b453df0c29d234693f08,TOW-BLR-005,2026-08-30T10:23:31Z,-60
c470b561344b949646b98c67f87afddd34b5985b84d8505eb64e1296d27ed7e2,TOW-BLR-002,2026-08-31T21:22:51Z,-68
7a055fdd3bd61d3427439dba09a185a5bb286f6a7354ca8b9faac95268f96bf7,TOW-BLR-003,2026-08-30T12:12:47Z,-64
e01d811a79fc578af3d4139e61bb2d3e543e3069a4328eddce1bac46495508f1,TOW-BLR-003,2026-08-31T09:01:14Z,-72
071d0773364cfafd218f4938d448a477fb5fc70a27fe41d917e1c8213472908e,TOW-BLR-001,2026-08-30T16:44:04Z,-86
2779749f7710949a4792cc1cccf83ac4506a22e7344db9bff0318b42e6108519,TOW-BLR-002,2026-08-30T07:54:21Z,-109
5f789fd2c5836252cc417e4829879fb15a3dc5b35c4ee49f7f2be52647303570,TOW-BLR-005,2026-08-31T12:43:34Z,-67
b9f0f673df45e56702a2054de2329aefb3b6c6fd3ef2940d6ea1133b7f7baa67,TOW-BLR-002,2026-08-31T20:05:31Z,-104
645cb5ae33ecbf471ebf101aef4c781e2f0b1a50c071ca9ee7ae5ce4e8f430b8,TOW-BLR-004,2026-08-31T20:45:52Z,-72
ca9fb60d20be57a8aa44f49c9edb466c3cba0cff3de897735d88c52ff4d0dd37,TOW-BLR-005,2026-08-31T12:39:04Z,-62
b4137ecb3d80db814311d6a4053415d0bd71e8b4e4fb32b9f5a39b74d62a8504,TOW-BLR-001,2026-08-31T11:06:56Z,-68
210e5cb2855dfb9080fd95bf683a00dab57522ed81797bf9e43c65006061b3b2,TOW-BLR-005,2026-08-31T15:16:10Z,-58
7621de8ca83cbcd279167f556516c491dadb09330607c1f0ad30436e496097d6,TOW-BLR-004,2026-08-31T14:00:50Z,-84
d427539d777d7e1658638290cb9fab436f06cc47d74eaa6fe686b199b2b20b25,TOW-BLR-001,2026-08-31T14:34:48Z,-83
f2055c8b46b26b9a2e5732e9978e2bc147a79c229c37c88d62397440e84a9adc,TOW-BLR-004,2026-08-31T03:45:38Z,-88
e10363f8958cd2b611c6abe035c04cb016a3c8d51154f65f6932a5c26f9ea68c,TOW-BLR-005,2026-08-30T07:06:55Z,-83
31c0098e266a1dc96abc21f4bd1fa31bf006516ef1520e430ef0b92bba07ae9e,TOW-BLR-003,2026-08-31T10:44:39Z,-61
e8f00016406bb08c12dc8c0e43fc32a1da7071e14c3cea997d3566848d75a7b4,TOW-BLR-001,2026-08-30T20:37:36Z,-72
4e26399f07d5c3403b31e87dd87650d4abc371ed9d6089c9431eb9b401687ff8,TOW-BLR-005,2026-08-31T05:45:24Z,-94
61ff510fc7c8d0f3edfbf2e3d961cccbeb1d1f5266d5d648980b41c13d7a2ab5,TOW-BLR-001,2026-08-30T00:31:04Z,-74
5cc172e6c14565e6dc2547d26145a1e9fc76c7168557933cca12bdaca3113697,TOW-BLR-001,2026-08-31T13:50:52Z,-110
41fb42693e5559e4b7fd8d6cb4b0bbe89b98897c4d2fb30dd85c32276f044277,TOW-BLR-002,2026-08-30T23:00:11Z,-84
dc73abbd70e6bdf2430496c0075788d1e3a0785579dbd18e7e606778ebd97d93,TOW-BLR-001,2026-08-30T11:16:14Z,-83
4489de783f0bdc9c1f46955c8b79e68e5b7268250d1c7cc130a9f14d220b14c8,TOW-BLR-005,2026-08-30T18:28:08Z,-94
1cb1a3f105243c12f43e49ea3b7f2a77275a1fbbb926af3b761ccc42bf7f8bbb,TOW-BLR-005,2026-08-31T06:50:34Z,-74
c560197b9883fc6dc7bc02134561f285436b6ef7c206d7b6feace00057691273,TOW-BLR-005,2026-08-30T20:03:56Z,-67
da46c1b20bb0c378edcaee8832ed4f959a5ebdd74213d9ad63df0f498f6bd2b4,TOW-BLR-002,2026-08-31T06:05:25Z,-75
f278eae79a99880355e00f3a7b18d3230b4cf801de627669e85e616cfb853a31,TOW-BLR-005,2026-08-31T11:07:56Z,-99
d427539d777d7e1658638290cb9fab436f06cc47d74eaa6fe686b199b2b20b25,TOW-BLR-005,2026-08-31T16:24:26Z,-80
e1666c1ff291b7c40b69df20c664fa769b46a15bdf7ad72bf1ffd72f63d51649,TOW-BLR-003,2026-08-31T18:03:47Z,-88
04a4b90e332aa366ee3ff9d9f986e3770ce54d4b0b50f60b8194bd7533083d47,TOW-BLR-004,2026-08-30T10:03:13Z,-56
b7b24c21128514aa97ef1bd367e3106c0bb05ab8a08d86f1354babd21669850c,TOW-BLR-001,2026-08-30T16:43:53Z,-82
f278eae79a99880355e00f3a7b18d3230b4cf801de627669e85e616cfb853a31,TOW-BLR-002,2026-08-30T07:18:07Z,-97
7a055fdd3bd61d3427439dba09a185a5bb286f6a7354ca8b9faac95268f96bf7,TOW-BLR-004,2026-08-31T00:38:39Z,-59
5561f501d23467b9e6955b39f1be445c0b050c65c9d2dc64742fe9d371f3ceab,TOW-BLR-005,2026-08-30T03:47:25Z,-100
e99755126b8fe02eb8684b0457fda5f975195b5929e9f034c715e1ea8947715c,TOW-BLR-001,2026-08-30T06:37:58Z,-58
3914a31c587f0090d3fa33ffc0e20d8c98208ac7e2a63abf5b0dae856bcaf132,TOW-BLR-004,2026-08-31T19:42:30Z,-83
e742f7d717510b229a774a833b4b2c40258e2e69aad964973c15e5a973b3de65,TOW-BLR-001,2026-08-30T19:09:27Z,-96
d427539d777d7e1658638290cb9fab436f06cc47d74eaa6fe686b199b2b20b25,TOW-BLR-001,2026-08-31T20:20:53Z,-108
bfc7e0570fc2fd1ef8e941c2837e63172945abb8d7e14746ca0f6e8ccdd960cf,TOW-BLR-004,2026-08-31T05:10:26Z,-71
26796abc3ac290807b505dea3353c73ca9adc03dcb3dcd68e74c4d00e5e068f8,TOW-BLR-005,2026-08-30T20:51:36Z,-65
d562e1c1ff197335e78350043605b9c9a724f1ce41a8440aee5444fa9a2c6168,TOW-BLR-005,2026-08-30T04:11:03Z,-50
04a4b90e332aa366ee3ff9d9f986e3770ce54d4b0b50f60b8194bd7533083d47,TOW-BLR-002,2026-08-31T22:37:28Z,-79
623458811301a7a083ae0d7176fbf402b21877cf81552b4001e222a9f3a990c3,TOW-BLR-001,2026-08-30T14:41:16Z,-56
1cb1be4b1497c4012d982486d14c4ff0b1955d00181b6d751e220ee7701403a8,TOW-BLR-005,2026-08-30T20:49:34Z,-98
41dbbf390d15565d4044e78d299c7ad4aa57641d70a6b8447037a2b05e72dee5,TOW-BLR-005,2026-08-31T13:10:37Z,-77
cc6a64b393383a4ba1bb601bcf6b3acfae97f5d200518ae28211fdfde0f911f2,TOW-BLR-002,2026-08-31T20:47:48Z,-100
0162aa00917191d22e2948a923eeba8b3127e99535ef6f6cce59372f46292cd2,TOW-BLR-001,2026-08-31T02:11:43Z,-95
26796abc3ac290807b505dea3353c73ca9adc03dcb3dcd68e74c4d00e5e068f8,TOW-BLR-001,2026-08-30T11:27:53Z,-105
d2436884e59a142c599c677d7a8e920706502f134261082705708e2c52ff095c,TOW-BLR-004,2026-08-31T01:42:50Z,-68
da46c1b20bb0c378edcaee8832ed4f959a5ebdd74213d9ad63df0f498f6bd2b4,TOW-BLR-004,2026-08-31T18:40:37Z,-98
0418b6bf59aaf6300e9694a040b9ce90c99c0d7ea12dd91359575e72f42b58e3,TOW-BLR-001,2026-08-30T04:59:47Z,-52
63e057fde085f12ed5175da4bedf4ca9b785b50614b0d21a48adcd1cd457483f,TOW-BLR-005,2026-08-30T20:42:58Z,-64
6f69d588e0a357f690fe95f6b229ebae3116d34f1e5fdead5d1157845ba5d384,TOW-BLR-005,2026-08-31T18:26:52Z,-88
3d47fa14eca1ad3c6af4a7630628e3e43d0de0e692c02fb9966106fd91f3e1c2,TOW-BLR-003,2026-08-30T16:28:42Z,-72
d562e1c1ff197335e78350043605b9c9a724f1ce41a8440aee5444fa9a2c6168,TOW-BLR-002,2026-08-31T09:06:52Z,-51
a92475f03c5c0e704011c75f83e311cba049d04139c488d187645cbe5836ee42,TOW-BLR-005,2026-08-30T00:20:19Z,-94
994c4489211698bbcf023b39117e68fd91ff40b8de92e6790b5866888fe1e03e,TOW-BLR-004,2026-08-31T12:51:47Z,-104
070f49e260bfad8f443dd7b6c77454a5ea3a32ddb069aa900164197386693a9f,TOW-BLR-001,2026-08-31T12:38:22Z,-92
9498ff38125320e825074439f94b75ab53790c8daa5aad105ebac0d34f2c212e,TOW-BLR-001,2026-08-31T13:22:35Z,-94
4e26399f07d5c3403b31e87dd87650d4abc371ed9d6089c9431eb9b401687ff8,TOW-BLR-005,2026-08-31T17:51:44Z,-94
62cba2b3558fe5db259bb5840cd24e7515734f8b42d6f0d656cd4e814e601c9b,TOW-BLR-004,2026-08-31T03:27:29Z,-74
0163aad1b721e6f0eac7043f23aa95135f7e6264d73cb85f4771d5599f9e75bf,TOW-BLR-002,2026-08-31T00:44:00Z,-61
1c23e30dc22cff7d9aa4539a48dbcbb7caf4fdaf6fa0021e39f2c045be36e658,TOW-BLR-004,2026-08-31T18:43:53Z,-55
3d7121e5d2a5cd54446be0380d569da6dbcb6d7fd71e425f23cf8b5727e0efe8,TOW-BLR-004,2026-08-30T08:27:59Z,-94
111b3f239d51625aee293406aa6afb86b456d53d1e14d80cc74ba885d322a03a,TOW-BLR-004,2026-08-31T22:08:30Z,-60
361ac03f9899db5f853e98f211383204a3477b6750123b3aa08990c0bc60193e,TOW-BLR-002,2026-08-30T22:59:26Z,-84
3f24dc89df996ef63c8289393b934feed72d9dbb13a7e4e2180dcd25f0f50391,TOW-BLR-003,2026-08-31T13:36:38Z,-76
906a0bc76e88bfe2444e9d7e957f0bb1d037f9869c84ba6e88b051c6053a31dc,TOW-BLR-003,2026-08-30T18:04:39Z,-92
63e057fde085f12ed5175da4bedf4ca9b785b50614b0d21a48adcd1cd457483f,TOW-BLR-004,2026-08-31T00:54:11Z,-106
e6951d6c5a3a48fb67ac2286e053646bf0df327033541b173b88a0e682170299,TOW-BLR-002,2026-08-31T10:42:06Z,-90
1f79de33c2108975365a7031a039f6022577be75a0a004d91eefb2973f386493,TOW-BLR-002,2026-08-31T17:46:35Z,-93
f075856bccab281555b78e7b9aa45224d7fdbb1b65f1be673de9702f53dbdc94,TOW-BLR-002,2026-08-31T12:20:09Z,-63
5f789fd2c5836252cc417e4829879fb15a3dc5b35c4ee49f7f2be52647303570,TOW-BLR-002,2026-08-30T17:37:33Z,-55
7f2aafa15c630696adf2683d461db9bbd05fda0713e55de6b83a58f667d4888f,TOW-BLR-002,2026-08-30T16:41:25Z,-98
6061496b81655335453d7cb834b0c2abbaf8611fc4415969b50985d236ef0a22,TOW-BLR-002,2026-08-31T21:02:41Z,-88
b81ed4ffe6a708d799c3f4f207982b64479e2e81b941b8534a79f725fe6ed2e8,TOW-BLR-001,2026-08-30T08:43:45Z,-52
acc639aa3e154ebcb8bacfdda9c6cd45fc7fab52b0b141e2e9dcf2f2c3a30288,TOW-BLR-004,2026-08-31T20:41:51Z,-110
514d2ff67276c76ac8d5d761b8f652d553d046582e35c06ca92e32f042d20fd7,TOW-BLR-005,2026-08-30T03:04:39Z,-56
0163aad1b721e6f0eac7043f23aa95135f7e6264d73cb85f4771d5599f9e75bf,TOW-BLR-003,2026-08-31T21:11:44Z,-90
8db711f1e9c56e3ec7d23fcbbb50874c31595217047cef55c4464670811dea54,TOW-BLR-005,2026-08-30T20:00:19Z,-79
f075856bccab281555b78e7b9aa45224d7fdbb1b65f1be673de9702f53dbdc94,TOW-BLR-005,2026-08-30T20:24:30Z,-85
361ac03f9899db5f853e98f211383204a3477b6750123b3aa08990c0bc60193e,TOW-BLR-005,2026-08-30T09:20:18Z,-107
680ae478d9e8f0a61999e67f1223f32e269acc9daf00ee8e31b0c7a99bfae5d4,TOW-BLR-004,2026-08-31T10:49:48Z,-50
cfc82faf09a6dc9b02ed746351fd4a85e0d59c3f2a8388a385cbda411989d9c8,TOW-BLR-001,2026-08-31T12:35:20Z,-88
07fc1543a0144268c02a1425909a6de96563c05d53b9243010e4c943d0e28120,TOW-BLR-002,2026-08-31T09:17:31Z,-103
cc6a64b393383a4ba1bb601bcf6b3acfae97f5d200518ae28211fdfde0f911f2,TOW-BLR-005,2026-08-31T09:30:04Z,-90
28ca498f1861bf52e0b0fb8af9c1c1d88bda98dbfdef764c0e0834aaa4f210e0,TOW-BLR-001,2026-08-30T00:51:38Z,-67
e4e172eaeda63c2c9e8570d599346aca08ee96cdf2e322654453e0a15a2c30cd,TOW-BLR-004,2026-08-31T18:18:27Z,-104
2e5363d57be11745b6badea9f90e0d46330f696bd5b930c72e77374c42069361,TOW-BLR-003,2026-08-31T20:37:16Z,-55
26bcfd2aa62a45e60890296e7920204fd45fec2c9f05e144b2aab10bb457ecec,TOW-BLR-002,2026-08-31T15:56:42Z,-94
fb508c4e8555e74ffb3890a20561ff7143dfac94aa360aae5d4b2be53a7da02c,TOW-BLR-003,2026-08-31T10:19:20Z,-71
9498ff38125320e825074439f94b75ab53790c8daa5aad105ebac0d34f2c212e,TOW-BLR-003,2026-08-30T13:23:31Z,-79
ef381ec30b82913c60a6c06d3c429ef4f754d856719fe68096ff9c3cff940bfb,TOW-BLR-002,2026-08-31T06:31:02Z,-66
ea65e1e9e85234a2d75d1068dcd45e323543e123130f0600ce591123eafc8600,TOW-BLR-003,2026-08-31T02:35:03Z,-56
cfee4531556fc23e554d508217c12c722036af0deea68f1f7100d32fff96f111,TOW-BLR-003,2026-08-31T08:49:15Z,-99
542bb7beec17cd7c80e6c9881ec3337cd1aea378ad6dc96ae9e9de99694a2906,TOW-BLR-002,2026-08-31T17:56:06Z,-67
f2055c8b46b26b9a2e5732e9978e2bc147a79c229c37c88d62397440e84a9adc,TOW-BLR-001,2026-08-30T19:39:25Z,-59
fb508c4e8555e74ffb3890a20561ff7143dfac94aa360aae5d4b2be53a7da02c,TOW-BLR-005,2026-08-31T07:28:23Z,-56
733e613aa1af193c29f217e1041ea514990da8f1507065bf8b682122676bd98c,TOW-BLR-002,2026-08-30T10:37:12Z,-59
e747d03e9c44baba2eb35f2a03b141dc9fb150e979435990e40d4d2588df5cb3,TOW-BLR-002,2026-08-31T10:26:30Z,-59
906a0bc76e88bfe2444e9d7e957f0bb1d037f9869c84ba6e88b051c6053a31dc,TOW-BLR-002,2026-08-31T06:41:39Z,-79
31c0098e266a1dc96abc21f4bd1fa31bf006516ef1520e430ef0b92bba07ae9e,TOW-BLR-005,2026-08-31T14:53:00Z,-64
f09defae43936bc24acfcb7f14509d12080824d2ab52b46e006c57e20408aa08,TOW-BLR-004,2026-08-30T21:50:52Z,-94
070f49e260bfad8f443dd7b6c77454a5ea3a32ddb069aa900164197386693a9f,TOW-BLR-005,2026-08-30T03:28:26Z,-85
a4488d9cbf53e318e7cd9beaf8a5512f8b50d81b4edfc6b0affdc8a4b4cbb2ba,TOW-BLR-002,2026-08-30T04:22:18Z,-97
e26e1dc5e2e6d643677fb2630c682cf53779acc7fd5096db87510ecaa28fc078,TOW-BLR-003,2026-08-31T10:42:01Z,-57
060b7ff050c23cec2699264d708ce7f80a94f7fc3e40fab697cb72f0222421a9,TOW-BLR-001,2026-08-31T08:45:26Z,-63
97368f3c02f48f75894e4de8193414fce44ead3ef4706afdcafa5d91758315d7,TOW-BLR-003,2026-08-31T02:17:04Z,-87
070f49e260bfad8f443dd7b6c77454a5ea3a32ddb069aa900164197386693a9f,TOW-BLR-005,2026-08-30T18:45:58Z,-88
bdc3ac20257eed8311edda7e668474d29467a33bcdc30a5ac7180a038097af23,TOW-BLR-004,2026-08-30T08:49:41Z,-88
21308ebc339ed29ba2719c3421b30cf3d970d86d5452bf72124521884c6e130e,TOW-BLR-005,2026-08-30T14:29:15Z,-74
2d79558bb4e3c15673ad08352dde6e8c13ea6fb69dde51ff483f3ccbb7f795c3,TOW-BLR-005,2026-08-30T12:42:34Z,-61
41cfb62dc545f52a623ca34ff6274e78e3c806640f9c315637adf5a9f9fca5d1,TOW-BLR-003,2026-08-30T23:40:20Z,-67
7a055fdd3bd61d3427439dba09a185a5bb286f6a7354ca8b9faac95268f96bf7,TOW-BLR-004,2026-08-31T08:32:40Z,-54
acc639aa3e154ebcb8bacfdda9c6cd45fc7fab52b0b141e2e9dcf2f2c3a30288,TOW-BLR-004,2026-08-31T20:41:08Z,-92
d72a31c76cd1ced9b3eaee828a621e1aa961ec6970a66d4b73a005fd72745274,TOW-BLR-002,2026-08-30T12:12:08Z,-70
9752b374a6dca9438cf640f07ee97b5e9219d13a25c503ca0931f630f408007f,TOW-BLR-003,2026-08-31T06:42:56Z,-70
c8f37c395bad9f7984fa2958e584e0d57d3985a86ed5df2571f601b435eeb661,TOW-BLR-005,2026-08-31T05:28:28Z,-56
a4a572481d7efb2b2dc685f091aa115e366949d975bbb259a0bff53e0e49dc3d,TOW-BLR-001,2026-08-30T05:45:38Z,-100
9498ff38125320e825074439f94b75ab53790c8daa5aad105ebac0d34f2c212e,TOW-BLR-002,2026-08-30T22:49:37Z,-90
26796abc3ac290807b505dea3353c73ca9adc03dcb3dcd68e74c4d00e5e068f8,TOW-BLR-003,2026-08-30T19:28:36Z,-72
75211b3edf6cbfd2bb503506dc3c73550c9179fda0a8f45f75153f013d13c222,TOW-BLR-004,2026-08-30T19:45:06Z,-54
7c3444809193dd8892bd3d5406741e9e223bd5de3febc017ef431a8d712e364f,TOW-BLR-003,2026-08-31T18:44:17Z,-77
12030bfb87a972728846acb9e72576256886534bdc90af27da64fc64607c03c5,TOW-BLR-004,2026-08-31T06:08:44Z,-100
13adb9d8e842415d7c92ad9cb74a600c24d35b08605cd2bbf3860bfcdd42db23,TOW-BLR-001,2026-08-30T09:06:18Z,-64
fb508c4e8555e74ffb3890a20561ff7143dfac94aa360aae5d4b2be53a7da02c,TOW-BLR-003,2026-08-30T05:49:48Z,-97
4fbb32d4a24fe104c5dd461ac6280dbd58883363fbc54ce5080ba8175198cb11,TOW-BLR-004,2026-08-30T07:30:03Z,-104
e03084bd52a1de59f703c73a314b52bf9f7026848c2545312ce44ccc7b54e5d4,TOW-BLR-004,2026-08-31T15:56:08Z,-107
716a50353041fe3e7931d2c7ec68810c83d45d3c42a529d39319d45cd8721518,TOW-BLR-004,2026-08-31T14:09:18Z,-62
01d3d1ae9ffe5b587f8d18acb10f48bdc9446b971dba998f10683223125fde60,TOW-BLR-001,2026-08-30T19:06:40Z,-71
b81ed4ffe6a708d799c3f4f207982b64479e2e81b941b8534a79f725fe6ed2e8,TOW-BLR-001,2026-08-31T23:41:00Z,-51
a9cb35a4fd627463d2028b97d80463eba8976d54e3f9ecdc40b17877be95bf19,TOW-BLR-004,2026-08-30T22:31:39Z,-96
39bfa5d7a53ae5dc5e6fb7a1daa9c8667bbb8e31e055933cae3b960a780e2fc0,TOW-BLR-003,2026-08-31T08:16:11Z,-70
1e153199ebee9124b76aeb29141d81316036069970aeaae21b359e771d49fbcd,TOW-BLR-002,2026-08-31T14:21:22Z,-57
991ad61e050c36e38ee2d725869c32a32440da474d0e54c5f1ed130a6f1ecfe5,TOW-BLR-001,2026-08-30T02:33:35Z,-68
1d8716c4dd38df6890b9e1881e03d3ea4f9f5acb6e7823dbdbcca7fd418f2e2f,TOW-BLR-003,2026-08-31T10:40:21Z,-81
438def5eabfbb68a3b92db643ef7878613bbc2faa66a7a86b4eba14d00bd1745,TOW-BLR-005,2026-08-30T19:50:11Z,-75
7c3444809193dd8892bd3d5406741e9e223bd5de3febc017ef431a8d712e364f,TOW-BLR-002,2026-08-31T15:16:11Z,-99
071d0773364cfafd218f4938d448a477fb5fc70a27fe41d917e1c8213472908e,TOW-BLR-005,2026-08-31T09:14:40Z,-70
655badaedb0392e0426bcfed45623fff014b93f36c2bfbf9bff47b52c5b15140,TOW-BLR-005,2026-08-31T07:40:26Z,-77
55768ebde66794472f72ffb0e46b19fb191ed283e65f0f937924db158b9f03cc,TOW-BLR-005,2026-08-30T22:32:55Z,-52
3d47fa14eca1ad3c6af4a7630628e3e43d0de0e692c02fb9966106fd91f3e1c2,TOW-BLR-004,2026-08-31T15:17:50Z,-96
9752b374a6dca9438cf640f07ee97b5e9219d13a25c503ca0931f630f408007f,TOW-BLR-001,2026-08-31T08:10:31Z,-91
c560197b9883fc6dc7bc02134561f285436b6ef7c206d7b6feace00057691273,TOW-BLR-004,2026-08-30T18:55:06Z,-101
4f972994f960f47d30723d1ce7f7ba4b4b54ef39b569eaec30e1bb2d411c90a7,TOW-BLR-001,2026-08-30T00:00:24Z,-77
e26e1dc5e2e6d643677fb2630c682cf53779acc7fd5096db87510ecaa28fc078,TOW-BLR-002,2026-08-31T01:02:27Z,-92
fce13cdb8a85833a333ee4d1021160f2db2b97c0c5a8e7d11c78875fdaee8c50,TOW-BLR-005,2026-08-30T00:36:20Z,-66
aa44ba1bb9a6b63cc60a0ae6dbcfc2e798000a2af3ce5e5e3d0803a679875a60,TOW-BLR-004,2026-08-31T10:44:20Z,-91
906a0bc76e88bfe2444e9d7e957f0bb1d037f9869c84ba6e88b051c6053a31dc,TOW-BLR-004,2026-08-30T21:19:47Z,-72
e8f00016406bb08c12dc8c0e43fc32a1da7071e14c3cea997d3566848d75a7b4,TOW-BLR-001,2026-08-31T15:55:10Z,-87
61ff510fc7c8d0f3edfbf2e3d961cccbeb1d1f5266d5d648980b41c13d7a2ab5,TOW-BLR-004,2026-08-31T16:49:05Z,-83
da46c1b20bb0c378edcaee8832ed4f959a5ebdd74213d9ad63df0f498f6bd2b4,TOW-BLR-002,2026-08-30T11:53:20Z,-65
2d895a911f5789f518089b46011e7e6e61c0baf1b0808c4cc511b1f00ac3c55b,TOW-BLR-004,2026-08-31T03:33:04Z,-96
7f2aafa15c630696adf2683d461db9bbd05fda0713e55de6b83a58f667d4888f,TOW-BLR-001,2026-08-31T06:44:47Z,-70
5222bb3ec940ad667c5b6286ba827a586041bb986d577e580df048df81c002fe,TOW-BLR-005,2026-08-31T20:39:10Z,-59
62cba2b3558fe5db259bb5840cd24e7515734f8b42d6f0d656cd4e814e601c9b,TOW-BLR-003,2026-08-30T20:43:46Z,-69
1b8e2f4669c49257fcbc07db82dff985ebdcea2645c6b93aca03046d5731472a,TOW-BLR-005,2026-08-30T19:34:30Z,-84
61ff510fc7c8d0f3edfbf2e3d961cccbeb1d1f5266d5d648980b41c13d7a2ab5,TOW-BLR-001,2026-08-30T13:16:56Z,-102
30eee72284276f0a5044a80defca7a33cf9def9620a784c6cb88b0f812477240,TOW-BLR-001,2026-08-31T22:22:37Z,-81
8f6c3567020fe5158954a16a90fe942b05b979cc3d21185db7682c502a185a2e,TOW-BLR-004,2026-08-30T19:48:58Z,-66
ee7e18675c2c64ba9da01d4ead0588b4e15751d9557b30d41a89ac44de6b3db3,TOW-BLR-004,2026-08-30T13:40:27Z,-90
e514f926f417d960da222d7a1c16d5b31d7dfc71fa5140f104670febd095e2c6,TOW-BLR-002,2026-08-30T03:36:50Z,-76
bdc3ac20257eed8311edda7e668474d29467a33bcdc30a5ac7180a038097af23,TOW-BLR-002,2026-08-30T07:26:50Z,-92
71cb904b7291d0d2e45d4ff2e2770e09787864e217f69784a47441a4403c066e,TOW-BLR-002,2026-08-31T07:55:28Z,-64
906a0bc76e88bfe2444e9d7e957f0bb1d037f9869c84ba6e88b051c6053a31dc,TOW-BLR-002,2026-08-30T06:34:04Z,-101
4ee1d1663fe1c8dba22aff6390d16ec929cd2c6dd08c33a43efdf55d10c2ed5b,TOW-BLR-004,2026-08-30T15:48:54Z,-89
b9f0f673df45e56702a2054de2329aefb3b6c6fd3ef2940d6ea1133b7f7baa67,TOW-BLR-003,2026-08-31T12:17:31Z,-87
d72a31c76cd1ced9b3eaee828a621e1aa961ec6970a66d4b73a005fd72745274,TOW-BLR-001,2026-08-31T00:02:52Z,-105
d41e30e0593ac284cad2c7c08569fbdad3dd2a63b3ed8a6bdb90b74b9290c16d,TOW-BLR-002,2026-08-30T04:04:50Z,-93
04a4b90e332aa366ee3ff9d9f986e3770ce54d4b0b50f60b8194bd7533083d47,TOW-BLR-004,2026-08-30T05:11:53Z,-76
fce13cdb8a85833a333ee4d1021160f2db2b97c0c5a8e7d11c78875fdaee8c50,TOW-BLR-002,2026-08-30T13:59:42Z,-53
d41e30e0593ac284cad2c7c08569fbdad3dd2a63b3ed8a6bdb90b74b9290c16d,TOW-BLR-003,2026-08-31T03:47:08Z,-57
4ee1d1663fe1c8dba22aff6390d16ec929cd2c6dd08c33a43efdf55d10c2ed5b,TOW-BLR-001,2026-08-30T18:07:43Z,-86
50910d451937c8598faa62cd6d80123690e3d3e18a319df65da8c93c6497cef1,TOW-BLR-004,2026-08-30T17:59:52Z,-63
41dbbf390d15565d4044e78d299c7ad4aa57641d70a6b8447037a2b05e72dee5,TOW-BLR-002,2026-08-31T09:33:25Z,-63
50910d451937c8598faa62cd6d80123690e3d3e18a319df65da8c93c6497cef1,TOW-BLR-001,2026-08-31T13:56:53Z,-68
e4e172eaeda63c2c9e8570d599346aca08ee96cdf2e322654453e0a15a2c30cd,TOW-BLR-004,2026-08-31T04:20:06Z,-67
d562e1c1ff197335e78350043605b9c9a724f1ce41a8440aee5444fa9a2c6168,TOW-BLR-003,2026-08-30T23:31:29Z,-100
060b7ff050c23cec2699264d708ce7f80a94f7fc3e40fab697cb72f0222421a9,TOW-BLR-001,2026-08-31T16:01:09Z,-77
ac4d86152237babe16e522e0f80f243fccc135f73a43438fda309a2c79d06c46,TOW-BLR-003,2026-08-31T11:02:31Z,-70
67f8aaafd23c1ac8be42715dbd8dcd8206070aaa4abe91897ec5c55283c6408e,TOW-BLR-002,2026-08-31T02:14:43Z,-54
5f73ad762d52353a3814d8344b8c3c3871dac373b2bd5d1d1021399309c4f409,TOW-BLR-002,2026-08-30T08:13:23Z,-95
c331a6b20a84257bab78df7177103605e5f668c2b4e8c00a9c44bc40b5ef93eb,TOW-BLR-004,2026-08-30T23:37:49Z,-110
4fbb32d4a24fe104c5dd461ac6280dbd58883363fbc54ce5080ba8175198cb11,TOW-BLR-003,2026-08-31T18:34:34Z,-103
da46c1b20bb0c378edcaee8832ed4f959a5ebdd74213d9ad63df0f498f6bd2b4,TOW-BLR-002,2026-08-30T00:39:00Z,-108
c1f42731b9907abe4e81947ee7799751d8ecf8eca65cdf787ee9db2935d743cc,TOW-BLR-004,2026-08-31T19:24:53Z,-101
db60cb3d3e926de5e1f1dc5ec39988132f99ed7cfdb2c75b0d98588d668e754a,TOW-BLR-001,2026-08-30T18:06:41Z,-100
3404f57309d8e1f7c2250dc78541765cf40b63416cdb7e032ad5ca046e930e24,TOW-BLR-001,2026-08-31T21:02:54Z,-89
626a8c724bbe99a359d58cf8b9793fc42a5ea2ccee33814a7d1e2410fe9aefa8,TOW-BLR-001,2026-08-30T04:21:09Z,-88
75211b3edf6cbfd2bb503506dc3c73550c9179fda0a8f45f75153f013d13c222,TOW-BLR-002,2026-08-31T15:03:21Z,-60
179b29b175854ddd9f2dd460353266387174d375bcf69481556bc9e55562f9f7,TOW-BLR-002,2026-08-31T11:31:25Z,-96
541b2920d264e79295106f9481dd0b84153d03d56baa980f48caacdedab79cfe,TOW-BLR-005,2026-08-31T22:56:30Z,-62
3d47fa14eca1ad3c6af4a7630628e3e43d0de0e692c02fb9966106fd91f3e1c2,TOW-BLR-004,2026-08-30T14:03:04Z,-109
28ca498f1861bf52e0b0fb8af9c1c1d88bda98dbfdef764c0e0834aaa4f210e0,TOW-BLR-004,2026-08-31T02:04:51Z,-64
31c0098e266a1dc96abc21f4bd1fa31bf006516ef1520e430ef0b92bba07ae9e,TOW-BLR-003,2026-08-30T02:52:31Z,-79
19655e9e203fc8dd4a2cb9c57c67a2bcb90bd417b22c2e9b970eab144ddae4eb,TOW-BLR-004,2026-08-31T16:42:24Z,-92
cfc82faf09a6dc9b02ed746351fd4a85e0d59c3f2a8388a385cbda411989d9c8,TOW-BLR-004,2026-08-30T13:49:08Z,-74
13adb9d8e842415d7c92ad9cb74a600c24d35b08605cd2bbf3860bfcdd42db23,TOW-BLR-005,2026-08-31T01:18:58Z,-90
9223f782eeb1eef2af92c9ef48f9e721834d0e8fbfef6fafe4c83c0c15b71264,TOW-BLR-004,2026-08-30T20:02:54Z,-55
6f69d588e0a357f690fe95f6b229ebae3116d34f1e5fdead5d1157845ba5d384,TOW-BLR-005,2026-08-31T16:22:44Z,-100
111b3f239d51625aee293406aa6afb86b456d53d1e14d80cc74ba885d322a03a,TOW-BLR-005,2026-08-30T11:17:18Z,-82
c14c122b7d80c0cadc54149e12c9e1f574f2499598653912351b2a668a0aba1d,TOW-BLR-003,2026-08-31T15:26:18Z,-87
664899f7580500b65ee3fb2b483121846c0c74a9d8f1124ee5067346bfc951ce,TOW-BLR-001,2026-08-31T22:27:34Z,-78
733e613aa1af193c29f217e1041ea514990da8f1507065bf8b682122676bd98c,TOW-BLR-002,2026-08-30T01:21:47Z,-71
a47f789aa388687028705b7f2d4547d8000047bb5ec34c7b31f59fa3ab8539a6,TOW-BLR-003,2026-08-31T21:09:41Z,-95
1dd27686432c1e2abfc90dd1bd07a714be564682b0b19015c4da9517d8fb08ce,TOW-BLR-001,2026-08-31T23:56:06Z,-76
815c8294c15a0369f897299acf164eb0c88d156163b6926d34a6c32225270d1d,TOW-BLR-004,2026-08-30T13:49:33Z,-77
27a9f6cf3e784af9957031dd7c4ea3328ee97a45e97e32dcc06d0e81de9a6a44,TOW-BLR-004,2026-08-31T16:09:23Z,-101
c8f37c395bad9f7984fa2958e584e0d57d3985a86ed5df2571f601b435eeb661,TOW-BLR-003,2026-08-30T23:29:27Z,-84
fee0cfa53d5328eeab6e9c98c28a9a57cd4de2a7597f9c83002a5b4141243e7d,TOW-BLR-003,2026-08-30T08:02:37Z,-104
5cc172e6c14565e6dc2547d26145a1e9fc76c7168557933cca12bdaca3113697,TOW-BLR-001,2026-08-30T03:11:15Z,-57
3cee8dbbae85a1deabbf81ebce14a6aa0a7af01250985f09ec3de2f2bcc4b3b7,TOW-BLR-002,2026-08-30T13:00:29Z,-55
41dbbf390d15565d4044e78d299c7ad4aa57641d70a6b8447037a2b05e72dee5,TOW-BLR-002,2026-08-30T07:47:43Z,-79
033cb5d2a369636fca13cc266088ef49b139033d26568e95cfc45648b2f00aff,TOW-BLR-001,2026-08-30T02:19:00Z,-74
fee0cfa53d5328eeab6e9c98c28a9a57cd4de2a7597f9c83002a5b4141243e7d,TOW-BLR-004,2026-08-31T23:54:30Z,-79
680ae478d9e8f0a61999e67f1223f32e269acc9daf00ee8e31b0c7a99bfae5d4,TOW-BLR-005,2026-08-31T18:59:03Z,-94
06e2f299519cc999898b2f300730199ef511a5aecd416e005ef6eed49149b4b5,TOW-BLR-003,2026-08-30T16:04:21Z,-72
c2e085ff3106211c72863a7a99360642c5170eadd9a22346a895f4cec806fc92,TOW-BLR-001,2026-08-30T00:57:10Z,-51
b9aa81e06c478c08898599cee4ef2f84fad944b430a6970a238f03f220edbd26,TOW-BLR-002,2026-08-31T23:45:00Z,-79
37d5bcc2e10e41308171cc736deaeb1ae3801824fe99d46de6a7dd02427f8d16,TOW-BLR-001,2026-08-31T10:04:58Z,-59
55768ebde66794472f72ffb0e46b19fb191ed283e65f0f937924db158b9f03cc,TOW-BLR-001,2026-08-31T02:16:54Z,-75
1b8e2f4669c49257fcbc07db82dff985ebdcea2645c6b93aca03046d5731472a,TOW-BLR-004,2026-08-31T02:52:29Z,-60
dd7bd4bcfc023cea77828a9d4467d55ac276d5425902f5552381e6e0f98bce8c,TOW-BLR-001,2026-08-31T20:55:25Z,-93
963a9f6d2ede09f587dc708254327c775a8dbb7ebfa4ee671035859c4dd2b5b9,TOW-BLR-001,2026-08-30T05:07:31Z,-57
4f972994f960f47d30723d1ce7f7ba4b4b54ef39b569eaec30e1bb2d411c90a7,TOW-BLR-001,2026-08-30T15:43:16Z,-77
8679f0fa29e477d1def3ae9e208876db0be8ecedd590b3ba6c5ce9a1caeb22c7,TOW-BLR-001,2026-08-30T16:49:19Z,-76
2779749f7710949a4792cc1cccf83ac4506a22e7344db9bff0318b42e6108519,TOW-BLR-002,2026-08-30T14:03:45Z,-77
1cb1be4b1497c4012d982486d14c4ff0b1955d00181b6d751e220ee7701403a8,TOW-BLR-002,2026-08-31T17:30:29Z,-70
e1c50c60bd295187ed76df05350c2f8dda62be7db7100c9502d042ecb0647bea,TOW-BLR-002,2026-08-31T16:39:47Z,-63
60343645662c2c85f86cac66661e9d01cc5ad029bcd47b7c444b994305467266,TOW-BLR-004,2026-08-30T07:40:59Z,-61
55768ebde66794472f72ffb0e46b19fb191ed283e65f0f937924db158b9f03cc,TOW-BLR-005,2026-08-31T02:03:57Z,-67
1c23e30dc22cff7d9aa4539a48dbcbb7caf4fdaf6fa0021e39f2c045be36e658,TOW-BLR-004,2026-08-30T07:34:49Z,-100
0c464a077072f36c3a1a180c5de7f5080817e7377fbe2dc5b1677c3adebac752,TOW-BLR-002,2026-08-31T16:02:50Z,-85
74b278b09e7445e0d793bfc50d90bc456934a28ff41137b470d0b15f24cbc706,TOW-BLR-003,2026-08-31T23:52:48Z,-100
64fdc51f368e71395a7448eb988c56d10bd682b76bb1403d56524552df9a8b1a,TOW-BLR-005,2026-08-31T08:15:32Z,-51
1f79de33c2108975365a7031a039f6022577be75a0a004d91eefb2973f386493,TOW-BLR-003,2026-08-31T16:03:20Z,-90
62bd82e922a8ec6730fed1035ea57162649ffbf5882baf6115b56d0c3c8ff6df,TOW-BLR-003,2026-08-31T06:01:33Z,-62
c331a6b20a84257bab78df7177103605e5f668c2b4e8c00a9c44bc40b5ef93eb,TOW-BLR-004,2026-08-30T23:33:10Z,-72
5222bb3ec940ad667c5b6286ba827a586041bb986d577e580df048df81c002fe,TOW-BLR-005,2026-08-31T15:43:52Z,-97
41fb42693e5559e4b7fd8d6cb4b0bbe89b98897c4d2fb30dd85c32276f044277,TOW-BLR-005,2026-08-30T18:30:07Z,-87
d562e1c1ff197335e78350043605b9c9a724f1ce41a8440aee5444fa9a2c6168,TOW-BLR-004,2026-08-31T08:35:09Z,-85
7621de8ca83cbcd279167f556516c491dadb09330607c1f0ad30436e496097d6,TOW-BLR-001,2026-08-30T20:42:55Z,-72
e514f926f417d960da222d7a1c16d5b31d7dfc71fa5140f104670febd095e2c6,TOW-BLR-005,2026-08-30T09:50:11Z,-54
4f972994f960f47d30723d1ce7f7ba4b4b54ef39b569eaec30e1bb2d411c90a7,TOW-BLR-001,2026-08-30T21:52:10Z,-96
cdd95be7efebbce1759b91fab7ca6127de9fb4230ad56f5dac8b8b7fff73d9db,TOW-BLR-003,2026-08-30T01:34:48Z,-61
58a6e3dc4206df0cba91aa32a701bea7293f9d9e17d386b2f2b0411cc01d9720,TOW-BLR-003,2026-08-31T16:18:59Z,-78
60343645662c2c85f86cac66661e9d01cc5ad029bcd47b7c444b994305467266,TOW-BLR-005,2026-08-31T17:37:24Z,-101
8679f0fa29e477d1def3ae9e208876db0be8ecedd590b3ba6c5ce9a1caeb22c7,TOW-BLR-001,2026-08-31T09:31:23Z,-88
b81ed4ffe6a708d799c3f4f207982b64479e2e81b941b8534a79f725fe6ed2e8,TOW-BLR-002,2026-08-30T19:17:45Z,-87
329ca6ac512e95d4428bdcfcc69d43ded1cd914a94127edefb12ad988ce7ef4b,TOW-BLR-005,2026-08-30T18:11:38Z,-96
670edd5a5e8d8b447249d6f40218f1b2405bbaf6ff8cc36c0dddc6f501da28bd,TOW-BLR-003,2026-08-30T06:41:32Z,-74
cfee4531556fc23e554d508217c12c722036af0deea68f1f7100d32fff96f111,TOW-BLR-005,2026-08-30T15:49:59Z,-64
226d8826c385168e16b0917b76aa9c3f9bd852ee5d6f16791734803b3fff2069,TOW-BLR-003,2026-08-31T11:08:13Z,-99
3a1039a2cd5c4b081564377071a122e8f9564962f6ba00fd27656e45042c6349,TOW-BLR-005,2026-08-30T06:56:39Z,-72
fee0cfa53d5328eeab6e9c98c28a9a57cd4de2a7597f9c83002a5b4141243e7d,TOW-BLR-003,2026-08-30T02:43:16Z,-64
9752b374a6dca9438cf640f07ee97b5e9219d13a25c503ca0931f630f408007f,TOW-BLR-005,2026-08-31T03:47:00Z,-105
c29f10eeeac39ff9da13cd1771e7013daa37b6f9553618953e642c0193b1105d,TOW-BLR-001,2026-08-31T00:20:58Z,-88
0914bcb9c4e6585bba37c48570774e86f8d87ff884fede75c8d19d9c85ccb3ed,TOW-BLR-004,2026-08-31T06:19:48Z,-51
21308ebc339ed29ba2719c3421b30cf3d970d86d5452bf72124521884c6e130e,TOW-BLR-001,2026-08-30T16:30:32Z,-63
26796abc3ac290807b505dea3353c73ca9adc03dcb3dcd68e74c4d00e5e068f8,TOW-BLR-005,2026-08-30T00:49:57Z,-70
c29f10eeeac39ff9da13cd1771e7013daa37b6f9553618953e642c0193b1105d,TOW-BLR-004,2026-08-30T03:56:29Z,-91
680ae478d9e8f0a61999e67f1223f32e269acc9daf00ee8e31b0c7a99bfae5d4,TOW-BLR-001,2026-08-30T23:15:06Z,-76
7b696387507a0442fa73032f77df22fbfca57d2f62198e30029ec2a03dcc8d57,TOW-BLR-002,2026-08-30T23:47:56Z,-78
cc6a64b393383a4ba1bb601bcf6b3acfae97f5d200518ae28211fdfde0f911f2,TOW-BLR-002,2026-08-30T11:09:19Z,-107
0162aa00917191d22e2948a923eeba8b3127e99535ef6f6cce59372f46292cd2,TOW-BLR-004,2026-08-31T08:26:55Z,-62
a3f6c75cff3ad8beec20e1a0aa71d3f22deffc01ca147e447f33652b2a71efae,TOW-BLR-005,2026-08-31T12:45:11Z,-105
361ac03f9899db5f853e98f211383204a3477b6750123b3aa08990c0bc60193e,TOW-BLR-004,2026-08-30T21:06:04Z,-60
07fc1543a0144268c02a1425909a6de96563c05d53b9243010e4c943d0e28120,TOW-BLR-002,2026-08-30T09:37:32Z,-89
01d3d1ae9ffe5b587f8d18acb10f48bdc9446b971dba998f10683223125fde60,TOW-BLR-004,2026-08-31T17:36:39Z,-63
06e2f299519cc999898b2f300730199ef511a5aecd416e005ef6eed49149b4b5,TOW-BLR-005,2026-08-31T05:04:05Z,-94
01d3d1ae9ffe5b587f8d18acb10f48bdc9446b971dba998f10683223125fde60,TOW-BLR-004,2026-08-31T12:32:29Z,-83
04a4b90e332aa366ee3ff9d9f986e3770ce54d4b0b50f60b8194bd7533083d47,TOW-BLR-002,2026-08-30T09:49:15Z,-80
070f49e260bfad8f443dd7b6c77454a5ea3a32ddb069aa900164197386693a9f,TOW-BLR-002,2026-08-31T11:31:29Z,-85
4489de783f0bdc9c1f46955c8b79e68e5b7268250d1c7cc130a9f14d220b14c8,TOW-BLR-005,2026-08-30T14:16:46Z,-75
41e7a957c31f1cfac990f14b9802f83af2b2ddbf12f52ea52b7c072dee84689b,TOW-BLR-005,2026-08-30T17:55:51Z,-95
b97863b8c458045fcb570501b4a5f9f4e0129debab5c1098ac6a64dfc33444b1,TOW-BLR-003,2026-08-31T07:18:59Z,-90
e01d811a79fc578af3d4139e61bb2d3e543e3069a4328eddce1bac46495508f1,TOW-BLR-005,2026-08-30T06:31:26Z,-103
cf8e4cdc32117c05ae9a7f56eefc46a94eb0db0b2e5cd67fd9a2e41f9eeb0a92,TOW-BLR-004,2026-08-31T06:50:28Z,-87
763fd87be48fc3c8c3709f9544d328717bb1ddb9678344ebbda99fadce1b5355,TOW-BLR-002,2026-08-30T23:21:19Z,-88
a3f6c75cff3ad8beec20e1a0aa71d3f22deffc01ca147e447f33652b2a71efae,TOW-BLR-001,2026-08-30T22:11:46Z,-100
763fd87be48fc3c8c3709f9544d328717bb1ddb9678344ebbda99fadce1b5355,TOW-BLR-005,2026-08-31T08:12:02Z,-71
3914a31c587f0090d3fa33ffc0e20d8c98208ac7e2a63abf5b0dae856bcaf132,TOW-BLR-004,2026-08-30T03:16:04Z,-51
815c8294c15a0369f897299acf164eb0c88d156163b6926d34a6c32225270d1d,TOW-BLR-002,2026-08-30T14:32:26Z,-67
db60cb3d3e926de5e1f1dc5ec39988132f99ed7cfdb2c75b0d98588d668e754a,TOW-BLR-002,2026-08-30T06:14:55Z,-103
ceb92794371376cce497c125e1859d5da18956b33da07f06cae159d1cb60eeb6,TOW-BLR-001,2026-08-30T17:41:53Z,-50
8f6c3567020fe5158954a16a90fe942b05b979cc3d21185db7682c502a185a2e,TOW-BLR-002,2026-08-30T20:56:54Z,-110
9498ff38125320e825074439f94b75ab53790c8daa5aad105ebac0d34f2c212e,TOW-BLR-001,2026-08-30T22:13:04Z,-82
fce13cdb8a85833a333ee4d1021160f2db2b97c0c5a8e7d11c78875fdaee8c50,TOW-BLR-001,2026-08-31T00:09:59Z,-97
ceb92794371376cce497c125e1859d5da18956b33da07f06cae159d1cb60eeb6,TOW-BLR-005,2026-08-30T15:25:41Z,-97
3a489a1f2d50a7145610c51b0f2ba3fb83cb5fe91c12c2961b086df8092a6c88,TOW-BLR-005,2026-08-30T18:50:05Z,-75
0163aad1b721e6f0eac7043f23aa95135f7e6264d73cb85f4771d5599f9e75bf,TOW-BLR-005,2026-08-30T10:17:33Z,-66
cc6a64b393383a4ba1bb601bcf6b3acfae97f5d200518ae28211fdfde0f911f2,TOW-BLR-001,2026-08-31T03:25:25Z,-73
6c80697a257233c38023ce9e735e10c89e76b5d5fb9e63a1b96a8ac89bc49c67,TOW-BLR-005,2026-08-30T03:09:58Z,-94
991ad61e050c36e38ee2d725869c32a32440da474d0e54c5f1ed130a6f1ecfe5,TOW-BLR-001,2026-08-30T20:40:52Z,-98
0c464a077072f36c3a1a180c5de7f5080817e7377fbe2dc5b1677c3adebac752,TOW-BLR-005,2026-08-30T19:45:14Z,-107
e27215f8478b1d5961a5e2f91bcfe38158ec069c264a9840541ede499ddff6d0,TOW-BLR-001,2026-08-30T04:50:58Z,-86
749b8c6b6e329536c169d086aacabc027ba8ca8d5b21588417083626197c27be,TOW-BLR-003,2026-08-31T02:13:49Z,-55
179b29b175854ddd9f2dd460353266387174d375bcf69481556bc9e55562f9f7,TOW-BLR-001,2026-08-30T21:17:55Z,-55
a9cb35a4fd627463d2028b97d80463eba8976d54e3f9ecdc40b17877be95bf19,TOW-BLR-004,2026-08-30T16:49:59Z,-86
7a055fdd3bd61d3427439dba09a185a5bb286f6a7354ca8b9faac95268f96bf7,TOW-BLR-001,2026-08-30T22:58:14Z,-79
b7b24c21128514aa97ef1bd367e3106c0bb05ab8a08d86f1354babd21669850c,TOW-BLR-005,2026-08-31T14:42:25Z,-105
13adb9d8e842415d7c92ad9cb74a600c24d35b08605cd2bbf3860bfcdd42db23,TOW-BLR-002,2026-08-31T12:27:22Z,-81
070f49e260bfad8f443dd7b6c77454a5ea3a32ddb069aa900164197386693a9f,TOW-BLR-001,2026-08-30T02:53:40Z,-95
aa44ba1bb9a6b63cc60a0ae6dbcfc2e798000a2af3ce5e5e3d0803a679875a60,TOW-BLR-005,2026-08-30T22:12:14Z,-89
cc6b3763e91ab45f13b630b1f96b0fac36879a3f0509992d02f2d39a5d256429,TOW-BLR-004,2026-08-30T11:25:57Z,-109
3d47fa14eca1ad3c6af4a7630628e3e43d0de0e692c02fb9966106fd91f3e1c2,TOW-BLR-003,2026-08-31T01:52:40Z,-70
4f972994f960f47d30723d1ce7f7ba4b4b54ef39b569eaec30e1bb2d411c90a7,TOW-BLR-002,2026-08-31T12:30:00Z,-93
0381be7abc2a2e33ba7ed09549f3d24cf97c4515c755faf466999b9084c0c563,TOW-BLR-001,2026-08-31T21:34:07Z,-94
4e26399f07d5c3403b31e87dd87650d4abc371ed9d6089c9431eb9b401687ff8,TOW-BLR-004,2026-08-30T02:08:44Z,-50
60343645662c2c85f86cac66661e9d01cc5ad029bcd47b7c444b994305467266,TOW-BLR-003,2026-08-30T16:25:35Z,-101
9498ff38125320e825074439f94b75ab53790c8daa5aad105ebac0d34f2c212e,TOW-BLR-004,2026-08-31T23:50:10Z,-102
e742f7d717510b229a774a833b4b2c40258e2e69aad964973c15e5a973b3de65,TOW-BLR-004,2026-08-31T13:55:03Z,-67
c8f37c395bad9f7984fa2958e584e0d57d3985a86ed5df2571f601b435eeb661,TOW-BLR-002,2026-08-31T06:23:21Z,-95
542bb7beec17cd7c80e6c9881ec3337cd1aea378ad6dc96ae9e9de99694a2906,TOW-BLR-002,2026-08-31T07:03:15Z,-91
a4a572481d7efb2b2dc685f091aa115e366949d975bbb259a0bff53e0e49dc3d,TOW-BLR-005,2026-08-30T23:58:40Z,-82
cfc82faf09a6dc9b02ed746351fd4a85e0d59c3f2a8388a385cbda411989d9c8,TOW-BLR-002,2026-08-30T15:03:20Z,-69
c89efbb027c12f4b909983c4355aec7fcd703fe6189044ce7d0594af3eb770d4,TOW-BLR-005,2026-08-31T15:25:12Z,-67
d0ce3c85381df18d23eabae9a4e2a2de705ad64e07b750ed3dbc1cfb6aadba42,TOW-BLR-002,2026-08-30T10:03:24Z,-91
28ca498f1861bf52e0b0fb8af9c1c1d88bda98dbfdef764c0e0834aaa4f210e0,TOW-BLR-005,2026-08-30T09:50:55Z,-83
a4a572481d7efb2b2dc685f091aa115e366949d975bbb259a0bff53e0e49dc3d,TOW-BLR-002,2026-08-31T23:47:07Z,-51
7b696387507a0442fa73032f77df22fbfca57d2f62198e30029ec2a03dcc8d57,TOW-BLR-002,2026-08-30T23:07:09Z,-106
60343645662c2c85f86cac66661e9d01cc5ad029bcd47b7c444b994305467266,TOW-BLR-005,2026-08-30T08:37:14Z,-99
541b2920d264e79295106f9481dd0b84153d03d56baa980f48caacdedab79cfe,TOW-BLR-002,2026-08-30T02:08:48Z,-62
541b2920d264e79295106f9481dd0b84153d03d56baa980f48caacdedab79cfe,TOW-BLR-004,2026-08-31T05:56:47Z,-91
7c3444809193dd8892bd3d5406741e9e223bd5de3febc017ef431a8d712e364f,TOW-BLR-003,2026-08-30T11:03:54Z,-61
61ff510fc7c8d0f3edfbf2e3d961cccbeb1d1f5266d5d648980b41c13d7a2ab5,TOW-BLR-001,2026-08-30T09:34:43Z,-99
716a50353041fe3e7931d2c7ec68810c83d45d3c42a529d39319d45cd8721518,TOW-BLR-005,2026-08-31T20:55:28Z,-93
c1a2661f7ff113cb0271c9f8ba51b6cf211909fde3b6355be005d33986875097,TOW-BLR-005,2026-08-31T20:35:27Z,-96
a3f6c75cff3ad8beec20e1a0aa71d3f22deffc01ca147e447f33652b2a71efae,TOW-BLR-002,2026-08-30T16:48:52Z,-67
716a50353041fe3e7931d2c7ec68810c83d45d3c42a529d39319d45cd8721518,TOW-BLR-003,2026-08-30T05:47:14Z,-66
c29f10eeeac39ff9da13cd1771e7013daa37b6f9553618953e642c0193b1105d,TOW-BLR-004,2026-08-30T09:45:50Z,-78
62bd82e922a8ec6730fed1035ea57162649ffbf5882baf6115b56d0c3c8ff6df,TOW-BLR-005,2026-08-31T10:08:03Z,-65
4489de783f0bdc9c1f46955c8b79e68e5b7268250d1c7cc130a9f14d220b14c8,TOW-BLR-003,2026-08-30T13:23:48Z,-56
e99755126b8fe02eb8684b0457fda5f975195b5929e9f034c715e1ea8947715c,TOW-BLR-004,2026-08-31T10:30:16Z,-102
406d6a732b582c4975f346fb213c5d688dba50d22ee577bd17cba7ea3d143772,TOW-BLR-002,2026-08-30T16:28:36Z,-108
2f629a39127a6e00c862dfee8033366a17e57c8a3efe74a4b98d68e02917fb8c,TOW-BLR-001,2026-08-30T19:39:01Z,-50
3b107bed1c6ac71d80856e656952a83c8b5583e3c4f3b453df0c29d234693f08,TOW-BLR-002,2026-08-30T14:46:11Z,-62
27fb3e04a0e726c98b1040e53908e60b10c50f29d312fb808a051d0da28034e6,TOW-BLR-001,2026-08-30T12:53:39Z,-51
3f24dc89df996ef63c8289393b934feed72d9dbb13a7e4e2180dcd25f0f50391,TOW-BLR-004,2026-08-31T20:55:58Z,-79
28ca498f1861bf52e0b0fb8af9c1c1d88bda98dbfdef764c0e0834aaa4f210e0,TOW-BLR-003,2026-08-31T09:19:02Z,-54
39bfa5d7a53ae5dc5e6fb7a1daa9c8667bbb8e31e055933cae3b960a780e2fc0,TOW-BLR-004,2026-08-31T05:28:53Z,-61
e799c2d47421751052a9b78f7e997150cd304e0b0c07d742b4490116e4802051,TOW-BLR-005,2026-08-31T03:41:52Z,-64
f09defae43936bc24acfcb7f14509d12080824d2ab52b46e006c57e20408aa08,TOW-BLR-004,2026-08-31T20:31:42Z,-50
1b8e2f4669c49257fcbc07db82dff985ebdcea2645c6b93aca03046d5731472a,TOW-BLR-005,2026-08-31T19:14:22Z,-76
680ae478d9e8f0a61999e67f1223f32e269acc9daf00ee8e31b0c7a99bfae5d4,TOW-BLR-001,2026-08-31T13:54:45Z,-104
2774be5a56fcdf5d04f289fcca9eda5f3f2b4026f2ce4b5f2adf3bbac442febb,TOW-BLR-004,2026-08-30T03:05:19Z,-54
faf4897f37a82eaf9e8cb074678fdf8a3179b6174545b37131e9854d06b84f6a,TOW-BLR-005,2026-08-31T15:09:59Z,-85
2d895a911f5789f518089b46011e7e6e61c0baf1b0808c4cc511b1f00ac3c55b,TOW-BLR-001,2026-08-31T16:36:37Z,-86
0418b6bf59aaf6300e9694a040b9ce90c99c0d7ea12dd91359575e72f42b58e3,TOW-BLR-001,2026-08-30T13:49:28Z,-92
623458811301a7a083ae0d7176fbf402b21877cf81552b4001e222a9f3a990c3,TOW-BLR-004,2026-08-30T22:10:37Z,-61
a555bd5f4da0fa7f434ab161a8964c5a8c7a727c3a05eda72767d5e76a703d7d,TOW-BLR-003,2026-08-31T09:35:39Z,-100
ef381ec30b82913c60a6c06d3c429ef4f754d856719fe68096ff9c3cff940bfb,TOW-BLR-003,2026-08-31T20:38:49Z,-52
5f73ad762d52353a3814d8344b8c3c3871dac373b2bd5d1d1021399309c4f409,TOW-BLR-005,2026-08-30T10:21:27Z,-81
6f69d588e0a357f690fe95f6b229ebae3116d34f1e5fdead5d1157845ba5d384,TOW-BLR-004,2026-08-30T06:35:08Z,-64
ab29fe932a9f2189b8c48828b4965af27e0f4b704a59b256091d92391aa403f1,TOW-BLR-001,2026-08-30T13:05:25Z,-61
c470b561344b949646b98c67f87afddd34b5985b84d8505eb64e1296d27ed7e2,TOW-BLR-005,2026-08-30T09:51:09Z,-85
3b107bed1c6ac71d80856e656952a83c8b5583e3c4f3b453df0c29d234693f08,TOW-BLR-003,2026-08-31T08:49:57Z,-109
645cb5ae33ecbf471ebf101aef4c781e2f0b1a50c071ca9ee7ae5ce4e8f430b8,TOW-BLR-004,2026-08-31T18:59:07Z,-53
58c67f8ed21ef88fc36604b9c2852c28cd1a3a82f119db54c094ff2444e5899e,TOW-BLR-002,2026-08-31T09:06:32Z,-105
e1666c1ff291b7c40b69df20c664fa769b46a15bdf7ad72bf1ffd72f63d51649,TOW-BLR-003,2026-08-31T23:13:40Z,-52
58c67f8ed21ef88fc36604b9c2852c28cd1a3a82f119db54c094ff2444e5899e,TOW-BLR-002,2026-08-30T08:59:46Z,-105
a5c9577bb5af38d2ff8147936b242dad7800fc3f454896fb7b89c9679241b18b,TOW-BLR-004,2026-08-31T22:10:18Z,-87
01d3d1ae9ffe5b587f8d18acb10f48bdc9446b971dba998f10683223125fde60,TOW-BLR-005,2026-08-31T03:58:06Z,-64
0c464a077072f36c3a1a180c5de7f5080817e7377fbe2dc5b1677c3adebac752,TOW-BLR-005,2026-08-31T20:34:11Z,-50
9640ffa8fd3b6c05321013dd64ca4ba4bcd7e82047fb9c0c01f898481d00e72b,TOW-BLR-004,2026-08-31T16:04:29Z,-86
f639adcff8a55ba9d5eae8cb29118e2cf7a99cef509afa19f23e7c9e34413df7,TOW-BLR-002,2026-08-31T00:24:28Z,-74
d4d9b138de4939b5a64d664afbd8ffb6be0bb1d9157e5b907b48f4b8b7fb5816,TOW-BLR-002,2026-08-30T11:48:19Z,-55
3914a31c587f0090d3fa33ffc0e20d8c98208ac7e2a63abf5b0dae856bcaf132,TOW-BLR-002,2026-08-30T03:44:10Z,-84
ec92a3f62ddb9be57763b65d15f9909e8471fbeceb75ee00f71bff38eee7a199,TOW-BLR-003,2026-08-31T08:29:43Z,-92
a84d124abd92dfd79e62cfbc455627dac349b078fdb26f691cbf968372549d77,TOW-BLR-002,2026-08-30T08:33:36Z,-53
210e5cb2855dfb9080fd95bf683a00dab57522ed81797bf9e43c65006061b3b2,TOW-BLR-002,2026-08-30T00:15:26Z,-71
514d2ff67276c76ac8d5d761b8f652d553d046582e35c06ca92e32f042d20fd7,TOW-BLR-003,2026-08-30T00:53:20Z,-81
3404f57309d8e1f7c2250dc78541765cf40b63416cdb7e032ad5ca046e930e24,TOW-BLR-004,2026-08-31T15:34:35Z,-59
c01a6992a61aa93d4e9d9f42d82df188c91b3e1f2d06f347a56337292c8a85a7,TOW-BLR-005,2026-08-31T11:55:59Z,-95
128a2c7bd4fd5507bb0d446ee5793b54ea77c9ab7beee573ac0798d61385482f,TOW-BLR-005,2026-08-31T10:38:25Z,-81
2f629a39127a6e00c862dfee8033366a17e57c8a3efe74a4b98d68e02917fb8c,TOW-BLR-004,2026-08-30T05:46:55Z,-72
f8a59b7cf1ffeefddb4cad82da9fb10563f4d8deb34e9d00533fcc65b639ddc9,TOW-BLR-001,2026-08-30T17:49:10Z,-54
5561f501d23467b9e6955b39f1be445c0b050c65c9d2dc64742fe9d371f3ceab,TOW-BLR-003,2026-08-31T21:07:47Z,-70
60343645662c2c85f86cac66661e9d01cc5ad029bcd47b7c444b994305467266,TOW-BLR-002,2026-08-30T03:33:43Z,-99
3914a31c587f0090d3fa33ffc0e20d8c98208ac7e2a63abf5b0dae856bcaf132,TOW-BLR-001,2026-08-31T23:34:12Z,-88
ca9fb60d20be57a8aa44f49c9edb466c3cba0cff3de897735d88c52ff4d0dd37,TOW-BLR-002,2026-08-30T02:21:41Z,-68
2d79558bb4e3c15673ad08352dde6e8c13ea6fb69dde51ff483f3ccbb7f795c3,TOW-BLR-005,2026-08-30T21:43:54Z,-89
b9aa81e06c478c08898599cee4ef2f84fad944b430a6970a238f03f220edbd26,TOW-BLR-001,2026-08-30T03:34:13Z,-104
b3e45428dce2593a6b83b43fff29c95eab50acb1cc55b2daeb176a2788b74766,TOW-BLR-002,2026-08-30T11:44:53Z,-67
41cfb62dc545f52a623ca34ff6274e78e3c806640f9c315637adf5a9f9fca5d1,TOW-BLR-005,2026-08-31T19:19:27Z,-74
cbf710d65baba3fa8d515be70761860ae0362217228a5b27e316882ce252c18d,TOW-BLR-005,2026-08-30T12:55:09Z,-81
655badaedb0392e0426bcfed45623fff014b93f36c2bfbf9bff47b52c5b15140,TOW-BLR-005,2026-08-31T02:13:41Z,-51
ca9fb60d20be57a8aa44f49c9edb466c3cba0cff3de897735d88c52ff4d0dd37,TOW-BLR-001,2026-08-30T21:47:38Z,-90
d427539d777d7e1658638290cb9fab436f06cc47d74eaa6fe686b199b2b20b25,TOW-BLR-004,2026-08-30T04:55:38Z,-62
bfea41177792521cca94d1ee5637e5b077cf5b0d4a50e5861d4fd514573f7464,TOW-BLR-005,2026-08-30T04:43:39Z,-92
fce13cdb8a85833a333ee4d1021160f2db2b97c0c5a8e7d11c78875fdaee8c50,TOW-BLR-002,2026-08-30T08:53:07Z,-66
dba1521b6091cf64b9de658c2f1eb1ce93fc8d45c84778661bf95cff148582e0,TOW-BLR-003,2026-08-30T23:58:20Z,-77
3b107bed1c6ac71d80856e656952a83c8b5583e3c4f3b453df0c29d234693f08,TOW-BLR-005,2026-08-30T15:16:49Z,-66
e4e172eaeda63c2c9e8570d599346aca08ee96cdf2e322654453e0a15a2c30cd,TOW-BLR-005,2026-08-30T04:14:12Z,-104
542bb7beec17cd7c80e6c9881ec3337cd1aea378ad6dc96ae9e9de99694a2906,TOW-BLR-005,2026-08-30T06:23:02Z,-80
bfc7e0570fc2fd1ef8e941c2837e63172945abb8d7e14746ca0f6e8ccdd960cf,TOW-BLR-005,2026-08-30T20:54:44Z,-83
c1a2661f7ff113cb0271c9f8ba51b6cf211909fde3b6355be005d33986875097,TOW-BLR-003,2026-08-30T18:54:28Z,-77
2d79558bb4e3c15673ad08352dde6e8c13ea6fb69dde51ff483f3ccbb7f795c3,TOW-BLR-005,2026-08-31T01:46:00Z,-51
210e5cb2855dfb9080fd95bf683a00dab57522ed81797bf9e43c65006061b3b2,TOW-BLR-005,2026-08-31T16:58:11Z,-79
5cc172e6c14565e6dc2547d26145a1e9fc76c7168557933cca12bdaca3113697,TOW-BLR-004,2026-08-31T11:51:47Z,-59
f075856bccab281555b78e7b9aa45224d7fdbb1b65f1be673de9702f53dbdc94,TOW-BLR-005,2026-08-30T16:56:46Z,-65
30eee72284276f0a5044a80defca7a33cf9def9620a784c6cb88b0f812477240,TOW-BLR-002,2026-08-30T00:06:54Z,-103
716a50353041fe3e7931d2c7ec68810c83d45d3c42a529d39319d45cd8721518,TOW-BLR-004,2026-08-31T21:32:40Z,-60
b4137ecb3d80db814311d6a4053415d0bd71e8b4e4fb32b9f5a39b74d62a8504,TOW-BLR-002,2026-08-31T20:48:19Z,-84
3b107bed1c6ac71d80856e656952a83c8b5583e3c4f3b453df0c29d234693f08,TOW-BLR-001,2026-08-31T00:18:21Z,-88
070f49e260bfad8f443dd7b6c77454a5ea3a32ddb069aa900164197386693a9f,TOW-BLR-002,2026-08-30T00:49:21Z,-70
5f789fd2c5836252cc417e4829879fb15a3dc5b35c4ee49f7f2be52647303570,TOW-BLR-003,2026-08-30T18:31:34Z,-60
111b3f239d51625aee293406aa6afb86b456d53d1e14d80cc74ba885d322a03a,TOW-BLR-003,2026-08-30T21:51:57Z,-78
5561f501d23467b9e6955b39f1be445c0b050c65c9d2dc64742fe9d371f3ceab,TOW-BLR-003,2026-08-30T00:26:47Z,-103
e01d811a79fc578af3d4139e61bb2d3e543e3069a4328eddce1bac46495508f1,TOW-BLR-003,2026-08-31T00:51:25Z,-85
bfc7e0570fc2fd1ef8e941c2837e63172945abb8d7e14746ca0f6e8ccdd960cf,TOW-BLR-005,2026-08-31T20:51:18Z,-109
6061496b81655335453d7cb834b0c2abbaf8611fc4415969b50985d236ef0a22,TOW-BLR-002,2026-08-30T14:07:40Z,-89
6061496b81655335453d7cb834b0c2abbaf8611fc4415969b50985d236ef0a22,TOW-BLR-003,2026-08-31T10:53:15Z,-52
0e08c8be934134f5e0143d79626cd666ef6ee835dbea0e2139e4453691d41006,TOW-BLR-001,2026-08-31T23:00:53Z,-102
0163aad1b721e6f0eac7043f23aa95135f7e6264d73cb85f4771d5599f9e75bf,TOW-BLR-002,2026-08-31T21:40:16Z,-81
cf9a64034bf82b056285e0b549e1caf83662ca4ab5f274ced8a32dd562615769,TOW-BLR-005,2026-08-31T00:24:06Z,-81
f278eae79a99880355e00f3a7b18d3230b4cf801de627669e85e616cfb853a31,TOW-BLR-004,2026-08-30T04:04:45Z,-57
5cc172e6c14565e6dc2547d26145a1e9fc76c7168557933cca12bdaca3113697,TOW-BLR-003,2026-08-31T17:08:16Z,-64
eac5c4fa0df8925ed6a6c3b93119a5d12212c8ad8c8089cc8abcb4c68da216f1,TOW-BLR-003,2026-08-31T16:25:36Z,-76
e514f926f417d960da222d7a1c16d5b31d7dfc71fa5140f104670febd095e2c6,TOW-BLR-002,2026-08-31T18:02:41Z,-67
4075c01d70966dc11bef2096198285422fbbd861d184a28bc57ff6fc7fe81f4a,TOW-BLR-003,2026-08-30T04:49:17Z,-101
2b74f741f3b9ec86d66a65850a5ee252863e775fdfc25e7467a62827b45f36b8,TOW-BLR-001,2026-08-31T00:41:46Z,-86
a84d124abd92dfd79e62cfbc455627dac349b078fdb26f691cbf968372549d77,TOW-BLR-005,2026-08-30T12:05:07Z,-74
c1a2661f7ff113cb0271c9f8ba51b6cf211909fde3b6355be005d33986875097,TOW-BLR-004,2026-08-30T13:38:40Z,-72
a5c9577bb5af38d2ff8147936b242dad7800fc3f454896fb7b89c9679241b18b,TOW-BLR-003,2026-08-30T22:54:04Z,-65
41dbbf390d15565d4044e78d299c7ad4aa57641d70a6b8447037a2b05e72dee5,TOW-BLR-003,2026-08-31T06:08:13Z,-105
3404f57309d8e1f7c2250dc78541765cf40b63416cdb7e032ad5ca046e930e24,TOW-BLR-002,2026-08-31T03:03:28Z,-82
6f69d588e0a357f690fe95f6b229ebae3116d34f1e5fdead5d1157845ba5d384,TOW-BLR-003,2026-08-30T15:44:19Z,-77
4f972994f960f47d30723d1ce7f7ba4b4b54ef39b569eaec30e1bb2d411c90a7,TOW-BLR-002,2026-08-30T08:10:20Z,-87
f278eae79a99880355e00f3a7b18d3230b4cf801de627669e85e616cfb853a31,TOW-BLR-001,2026-08-30T14:42:58Z,-52
63e057fde085f12ed5175da4bedf4ca9b785b50614b0d21a48adcd1cd457483f,TOW-BLR-004,2026-08-31T12:50:43Z,-109
d0ce3c85381df18d23eabae9a4e2a2de705ad64e07b750ed3dbc1cfb6aadba42,TOW-BLR-004,2026-08-31T12:24:46Z,-101
61ff510fc7c8d0f3edfbf2e3d961cccbeb1d1f5266d5d648980b41c13d7a2ab5,TOW-BLR-003,2026-08-31T11:12:19Z,-64
d4d9b138de4939b5a64d664afbd8ffb6be0bb1d9157e5b907b48f4b8b7fb5816,TOW-BLR-005,2026-08-30T22:35:58Z,-61
2e5363d57be11745b6badea9f90e0d46330f696bd5b930c72e77374c42069361,TOW-BLR-002,2026-08-30T07:09:16Z,-58
3cee8dbbae85a1deabbf81ebce14a6aa0a7af01250985f09ec3de2f2bcc4b3b7,TOW-BLR-005,2026-08-30T09:39:51Z,-97
bfc7e0570fc2fd1ef8e941c2837e63172945abb8d7e14746ca0f6e8ccdd960cf,TOW-BLR-001,2026-08-31T09:27:00Z,-86
58c67f8ed21ef88fc36604b9c2852c28cd1a3a82f119db54c094ff2444e5899e,TOW-BLR-005,2026-08-30T08:26:05Z,-110
44a2ab369bd48f9dade49e6155f2c1e151bcdc5051f2f956afa1431bb13f8be1,TOW-BLR-001,2026-08-31T19:16:28Z,-55
e742f7d717510b229a774a833b4b2c40258e2e69aad964973c15e5a973b3de65,TOW-BLR-003,2026-08-31T09:59:48Z,-54
f639adcff8a55ba9d5eae8cb29118e2cf7a99cef509afa19f23e7c9e34413df7,TOW-BLR-001,2026-08-31T13:54:26Z,-61
1cb1be4b1497c4012d982486d14c4ff0b1955d00181b6d751e220ee7701403a8,TOW-BLR-003,2026-08-30T01:38:13Z,-74
eebec9b0998a8822dbdf98d57efcfbf13e2008e9a7afd4def57a07fc3a7db792,TOW-BLR-003,2026-08-31T22:31:10Z,-53
e4e172eaeda63c2c9e8570d599346aca08ee96cdf2e322654453e0a15a2c30cd,TOW-BLR-003,2026-08-30T14:36:14Z,-98
e53081484a5eb1c0f5f73ecf0cd933511de4c4ffc753f057daa54f7c32018d01,TOW-BLR-003,2026-08-31T14:45:32Z,-90
50910d451937c8598faa62cd6d80123690e3d3e18a319df65da8c93c6497cef1,TOW-BLR-004,2026-08-30T08:34:01Z,-93
3108f70e3438057186993335f56bd6c6d9ffe0a74ee099c8be28fdfc35c97a2c,TOW-BLR-002,2026-08-30T19:55:32Z,-103
4ee1d1663fe1c8dba22aff6390d16ec929cd2c6dd08c33a43efdf55d10c2ed5b,TOW-BLR-005,2026-08-31T16:45:02Z,-78
774d203000b86f167d2636b3e581ecddd77c2e1843ee17aa0a70e6d8db614c2a,TOW-BLR-002,2026-08-31T15:30:20Z,-88
5561f501d23467b9e6955b39f1be445c0b050c65c9d2dc64742fe9d371f3ceab,TOW-BLR-003,2026-08-30T19:44:14Z,-101
9ba90f668aca95ce3bca5da8ca344e5e8f19a61ad84a6b76b5363cb4bae36980,TOW-BLR-003,2026-08-31T17:48:12Z,-95
991ad61e050c36e38ee2d725869c32a32440da474d0e54c5f1ed130a6f1ecfe5,TOW-BLR-001,2026-08-30T22:40:25Z,-71
cf9a64034bf82b056285e0b549e1caf83662ca4ab5f274ced8a32dd562615769,TOW-BLR-003,2026-08-31T15:21:49Z,-82
06e2f299519cc999898b2f300730199ef511a5aecd416e005ef6eed49149b4b5,TOW-BLR-002,2026-08-30T02:06:40Z,-80
6c80697a257233c38023ce9e735e10c89e76b5d5fb9e63a1b96a8ac89bc49c67,TOW-BLR-001,2026-08-30T07:42:48Z,-86
5f73ad762d52353a3814d8344b8c3c3871dac373b2bd5d1d1021399309c4f409,TOW-BLR-001,2026-08-31T07:03:15Z,-85
645cb5ae33ecbf471ebf101aef4c781e2f0b1a50c071ca9ee7ae5ce4e8f430b8,TOW-BLR-005,2026-08-31T19:09:47Z,-70
a63f135b6223cee83a6aec5fa5b330aa5bee7f690ed3de3fc0b1541db348bac9,TOW-BLR-004,2026-08-31T20:52:43Z,-88
44a2ab369bd48f9dade49e6155f2c1e151bcdc5051f2f956afa1431bb13f8be1,TOW-BLR-003,2026-08-30T14:25:43Z,-65
eebec9b0998a8822dbdf98d57efcfbf13e2008e9a7afd4def57a07fc3a7db792,TOW-BLR-005,2026-08-30T05:43:10Z,-51
614876d3edf5128ba4d3d15fc68c5a62a99dc6e8d5ecebfdb5f15ea2eaf97dae,TOW-BLR-004,2026-08-31T17:20:42Z,-102
63e057fde085f12ed5175da4bedf4ca9b785b50614b0d21a48adcd1cd457483f,TOW-BLR-004,2026-08-30T07:04:56Z,-81
44a2ab369bd48f9dade49e6155f2c1e151bcdc5051f2f956afa1431bb13f8be1,TOW-BLR-004,2026-08-31T10:15:50Z,-96
e1c50c60bd295187ed76df05350c2f8dda62be7db7100c9502d042ecb0647bea,TOW-BLR-002,2026-08-30T10:27:55Z,-55
615d09c2e16982784eec18d1a485e4dfc8cb3a43bfafca019fdde222c11e4a25,TOW-BLR-005,2026-08-30T18:47:26Z,-52
c560197b9883fc6dc7bc02134561f285436b6ef7c206d7b6feace00057691273,TOW-BLR-004,2026-08-30T13:21:04Z,-66
91692116b5a4bef93f0ce15b1c0fc9ceabdf7d6317836432ce60fdb60300aa5e,TOW-BLR-003,2026-08-30T23:38:54Z,-81
3a1039a2cd5c4b081564377071a122e8f9564962f6ba00fd27656e45042c6349,TOW-BLR-001,2026-08-30T04:45:35Z,-80
a306962ddc4e800a51d884da9e7e0bd2fa08b534c8773d2cdbf06790da9fa65d,TOW-BLR-003,2026-08-31T10:51:15Z,-81
62bd82e922a8ec6730fed1035ea57162649ffbf5882baf6115b56d0c3c8ff6df,TOW-BLR-002,2026-08-30T20:33:12Z,-61
763fd87be48fc3c8c3709f9544d328717bb1ddb9678344ebbda99fadce1b5355,TOW-BLR-005,2026-08-31T17:50:48Z,-102
7a055fdd3bd61d3427439dba09a185a5bb286f6a7354ca8b9faac95268f96bf7,TOW-BLR-001,2026-08-31T05:32:28Z,-58
58c67f8ed21ef88fc36604b9c2852c28cd1a3a82f119db54c094ff2444e5899e,TOW-BLR-001,2026-08-30T23:43:44Z,-75
4489de783f0bdc9c1f46955c8b79e68e5b7268250d1c7cc130a9f14d220b14c8,TOW-BLR-001,2026-08-30T21:59:58Z,-76
d72a31c76cd1ced9b3eaee828a621e1aa961ec6970a66d4b73a005fd72745274,TOW-BLR-004,2026-08-31T19:00:05Z,-84
5222bb3ec940ad667c5b6286ba827a586041bb986d577e580df048df81c002fe,TOW-BLR-005,2026-08-30T17:44:42Z,-75
9640ffa8fd3b6c05321013dd64ca4ba4bcd7e82047fb9c0c01f898481d00e72b,TOW-BLR-004,2026-08-31T03:56:55Z,-106
9498ff38125320e825074439f94b75ab53790c8daa5aad105ebac0d34f2c212e,TOW-BLR-002,2026-08-31T19:01:59Z,-83
f278eae79a99880355e00f3a7b18d3230b4cf801de627669e85e616cfb853a31,TOW-BLR-004,2026-08-31T17:18:11Z,-60
9498ff38125320e825074439f94b75ab53790c8daa5aad105ebac0d34f2c212e,TOW-BLR-005,2026-08-30T17:11:46Z,-99
749b8c6b6e329536c169d086aacabc027ba8ca8d5b21588417083626197c27be,TOW-BLR-001,2026-08-31T17:48:40Z,-57
3a1039a2cd5c4b081564377071a122e8f9564962f6ba00fd27656e45042c6349,TOW-BLR-001,2026-08-31T19:07:12Z,-72
d72a31c76cd1ced9b3eaee828a621e1aa961ec6970a66d4b73a005fd72745274,TOW-BLR-003,2026-08-31T16:25:12Z,-104
58a6e3dc4206df0cba91aa32a701bea7293f9d9e17d386b2f2b0411cc01d9720,TOW-BLR-004,2026-08-30T12:49:42Z,-91
3f24dc89df996ef63c8289393b934feed72d9dbb13a7e4e2180dcd25f0f50391,TOW-BLR-004,2026-08-30T05:04:07Z,-72
179b29b175854ddd9f2dd460353266387174d375bcf69481556bc9e55562f9f7,TOW-BLR-005,2026-08-31T03:35:29Z,-90
8db711f1e9c56e3ec7d23fcbbb50874c31595217047cef55c4464670811dea54,TOW-BLR-001,2026-08-30T06:35:32Z,-97
815c8294c15a0369f897299acf164eb0c88d156163b6926d34a6c32225270d1d,TOW-BLR-002,2026-08-31T18:17:24Z,-53
614876d3edf5128ba4d3d15fc68c5a62a99dc6e8d5ecebfdb5f15ea2eaf97dae,TOW-BLR-001,2026-08-30T10:41:03Z,-68
3108f70e3438057186993335f56bd6c6d9ffe0a74ee099c8be28fdfc35c97a2c,TOW-BLR-004,2026-08-31T14:41:05Z,-92
e99755126b8fe02eb8684b0457fda5f975195b5929e9f034c715e1ea8947715c,TOW-BLR-005,2026-08-31T18:05:01Z,-82
33110e1e2edeb3a9f3e629796e97941741f999576247d8073ff1e272bed7fff4,TOW-BLR-002,2026-08-30T23:03:14Z,-91
5d293bef5865f720e15fe72cf657194b15cc78aa4780739303867f9c2280f8e5,TOW-BLR-003,2026-08-31T07:39:21Z,-65
91692116b5a4bef93f0ce15b1c0fc9ceabdf7d6317836432ce60fdb60300aa5e,TOW-BLR-003,2026-08-30T06:30:06Z,-73
906a0bc76e88bfe2444e9d7e957f0bb1d037f9869c84ba6e88b051c6053a31dc,TOW-BLR-005,2026-08-31T13:10:04Z,-85
62bd82e922a8ec6730fed1035ea57162649ffbf5882baf6115b56d0c3c8ff6df,TOW-BLR-002,2026-08-30T21:25:18Z,-107
d427539d777d7e1658638290cb9fab436f06cc47d74eaa6fe686b199b2b20b25,TOW-BLR-005,2026-08-30T03:52:07Z,-110
19655e9e203fc8dd4a2cb9c57c67a2bcb90bd417b22c2e9b970eab144ddae4eb,TOW-BLR-005,2026-08-31T02:09:33Z,-103
dba1521b6091cf64b9de658c2f1eb1ce93fc8d45c84778661bf95cff148582e0,TOW-BLR-003,2026-08-30T02:16:14Z,-95
2dad7dd62b009098dd3015775fa21a10553632e72f58bf7c8d4349688e85edb7,TOW-BLR-005,2026-08-31T04:42:35Z,-70
541b2920d264e79295106f9481dd0b84153d03d56baa980f48caacdedab79cfe,TOW-BLR-004,2026-08-31T05:33:59Z,-86
39fc2ded1476bc7aeb30d49ddc847faed054a01822a29d8cfcd965aadea576c3,TOW-BLR-005,2026-08-30T15:22:49Z,-68
994c4489211698bbcf023b39117e68fd91ff40b8de92e6790b5866888fe1e03e,TOW-BLR-004,2026-08-30T10:07:36Z,-98
60343645662c2c85f86cac66661e9d01cc5ad029bcd47b7c444b994305467266,TOW-BLR-004,2026-08-31T02:14:07Z,-57
b3e45428dce2593a6b83b43fff29c95eab50acb1cc55b2daeb176a2788b74766,TOW-BLR-002,2026-08-30T21:00:20Z,-55
cf8e4cdc32117c05ae9a7f56eefc46a94eb0db0b2e5cd67fd9a2e41f9eeb0a92,TOW-BLR-002,2026-08-30T09:46:40Z,-110
b97863b8c458045fcb570501b4a5f9f4e0129debab5c1098ac6a64dfc33444b1,TOW-BLR-001,2026-08-30T10:29:07Z,-64
a9cb35a4fd627463d2028b97d80463eba8976d54e3f9ecdc40b17877be95bf19,TOW-BLR-004,2026-08-31T23:54:31Z,-83
438def5eabfbb68a3b92db643ef7878613bbc2faa66a7a86b4eba14d00bd1745,TOW-BLR-002,2026-08-30T06:09:54Z,-102
fee0cfa53d5328eeab6e9c98c28a9a57cd4de2a7597f9c83002a5b4141243e7d,TOW-BLR-004,2026-08-31T09:12:25Z,-53
cbf710d65baba3fa8d515be70761860ae0362217228a5b27e316882ce252c18d,TOW-BLR-005,2026-08-31T06:59:55Z,-71
f075856bccab281555b78e7b9aa45224d7fdbb1b65f1be673de9702f53dbdc94,TOW-BLR-004,2026-08-31T13:05:40Z,-83
e6951d6c5a3a48fb67ac2286e053646bf0df327033541b173b88a0e682170299,TOW-BLR-004,2026-08-31T04:00:50Z,-88
367c904c22b232e98be959f9aa1f1fe766a88044d97e83bb2cb2b458e7c9235d,TOW-BLR-002,2026-08-31T06:55:51Z,-72
c01a6992a61aa93d4e9d9f42d82df188c91b3e1f2d06f347a56337292c8a85a7,TOW-BLR-005,2026-08-31T12:16:28Z,-56
9223f782eeb1eef2af92c9ef48f9e721834d0e8fbfef6fafe4c83c0c15b71264,TOW-BLR-002,2026-08-31T12:32:05Z,-93
3b107bed1c6ac71d80856e656952a83c8b5583e3c4f3b453df0c29d234693f08,TOW-BLR-005,2026-08-31T17:58:07Z,-87
41dbbf390d15565d4044e78d299c7ad4aa57641d70a6b8447037a2b05e72dee5,TOW-BLR-001,2026-08-31T17:22:17Z,-80
19655e9e203fc8dd4a2cb9c57c67a2bcb90bd417b22c2e9b970eab144ddae4eb,TOW-BLR-003,2026-08-30T08:14:25Z,-73
0163aad1b721e6f0eac7043f23aa95135f7e6264d73cb85f4771d5599f9e75bf,TOW-BLR-001,2026-08-30T10:20:47Z,-64
9223f782eeb1eef2af92c9ef48f9e721834d0e8fbfef6fafe4c83c0c15b71264,TOW-BLR-005,2026-08-30T20:20:48Z,-81
0418b6bf59aaf6300e9694a040b9ce90c99c0d7ea12dd91359575e72f42b58e3,TOW-BLR-001,2026-08-31T14:06:34Z,-54
c8f37c395bad9f7984fa2958e584e0d57d3985a86ed5df2571f601b435eeb661,TOW-BLR-001,2026-08-30T17:51:25Z,-80
060b7ff050c23cec2699264d708ce7f80a94f7fc3e40fab697cb72f0222421a9,TOW-BLR-001,2026-08-31T22:08:37Z,-76
d0ce3c85381df18d23eabae9a4e2a2de705ad64e07b750ed3dbc1cfb6aadba42,TOW-BLR-005,2026-08-30T22:45:19Z,-71
5f73ad762d52353a3814d8344b8c3c3871dac373b2bd5d1d1021399309c4f409,TOW-BLR-003,2026-08-31T14:57:35Z,-61
906a0bc76e88bfe2444e9d7e957f0bb1d037f9869c84ba6e88b051c6053a31dc,TOW-BLR-004,2026-08-31T09:03:42Z,-78
6c80697a257233c38023ce9e735e10c89e76b5d5fb9e63a1b96a8ac89bc49c67,TOW-BLR-004,2026-08-31T17:47:41Z,-64
4075c01d70966dc11bef2096198285422fbbd861d184a28bc57ff6fc7fe81f4a,TOW-BLR-004,2026-08-31T01:41:54Z,-59
c14c122b7d80c0cadc54149e12c9e1f574f2499598653912351b2a668a0aba1d,TOW-BLR-003,2026-08-30T12:11:51Z,-108
62cba2b3558fe5db259bb5840cd24e7515734f8b42d6f0d656cd4e814e601c9b,TOW-BLR-005,2026-08-30T22:08:30Z,-64
f278eae79a99880355e00f3a7b18d3230b4cf801de627669e85e616cfb853a31,TOW-BLR-005,2026-08-30T18:57:53Z,-107
060b7ff050c23cec2699264d708ce7f80a94f7fc3e40fab697cb72f0222421a9,TOW-BLR-004,2026-08-31T18:05:56Z,-100
542bb7beec17cd7c80e6c9881ec3337cd1aea378ad6dc96ae9e9de99694a2906,TOW-BLR-001,2026-08-31T23:47:30Z,-92
0381be7abc2a2e33ba7ed09549f3d24cf97c4515c755faf466999b9084c0c563,TOW-BLR-005,2026-08-30T01:59:16Z,-92
3a1039a2cd5c4b081564377071a122e8f9564962f6ba00fd27656e45042c6349,TOW-BLR-001,2026-08-30T09:14:05Z,-78
226d8826c385168e16b0917b76aa9c3f9bd852ee5d6f16791734803b3fff2069,TOW-BLR-003,2026-08-30T18:21:13Z,-102
41e7a957c31f1cfac990f14b9802f83af2b2ddbf12f52ea52b7c072dee84689b,TOW-BLR-003,2026-08-30T20:02:26Z,-56
670edd5a5e8d8b447249d6f40218f1b2405bbaf6ff8cc36c0dddc6f501da28bd,TOW-BLR-001,2026-08-30T08:07:22Z,-72
994c4489211698bbcf023b39117e68fd91ff40b8de92e6790b5866888fe1e03e,TOW-BLR-005,2026-08-30T11:00:19Z,-68
dd35e063db12ee83e41574ec0d96a0e650341ace34a6c33951a9a571c96e3930,TOW-BLR-003,2026-08-30T12:46:19Z,-94
f278eae79a99880355e00f3a7b18d3230b4cf801de627669e85e616cfb853a31,TOW-BLR-002,2026-08-31T11:18:38Z,-99
d0ce3c85381df18d23eabae9a4e2a2de705ad64e07b750ed3dbc1cfb6aadba42,TOW-BLR-005,2026-08-30T02:24:34Z,-89
01d3d1ae9ffe5b587f8d18acb10f48bdc9446b971dba998f10683223125fde60,TOW-BLR-002,2026-08-31T19:21:58Z,-51
58a6e3dc4206df0cba91aa32a701bea7293f9d9e17d386b2f2b0411cc01d9720,TOW-BLR-002,2026-08-31T12:06:49Z,-62
3b107bed1c6ac71d80856e656952a83c8b5583e3c4f3b453df0c29d234693f08,TOW-BLR-004,2026-08-30T17:19:36Z,-68
623458811301a7a083ae0d7176fbf402b21877cf81552b4001e222a9f3a990c3,TOW-BLR-002,2026-08-30T15:21:14Z,-74
9223f782eeb1eef2af92c9ef48f9e721834d0e8fbfef6fafe4c83c0c15b71264,TOW-BLR-003,2026-08-30T03:57:21Z,-69
7f2aafa15c630696adf2683d461db9bbd05fda0713e55de6b83a58f667d4888f,TOW-BLR-001,2026-08-30T03:49:28Z,-100
d72a31c76cd1ced9b3eaee828a621e1aa961ec6970a66d4b73a005fd72745274,TOW-BLR-004,2026-08-31T10:40:41Z,-91
0e08c8be934134f5e0143d79626cd666ef6ee835dbea0e2139e4453691d41006,TOW-BLR-005,2026-08-30T17:00:52Z,-86
27a9f6cf3e784af9957031dd7c4ea3328ee97a45e97e32dcc06d0e81de9a6a44,TOW-BLR-004,2026-08-31T10:33:30Z,-94
3914a31c587f0090d3fa33ffc0e20d8c98208ac7e2a63abf5b0dae856bcaf132,TOW-BLR-005,2026-08-31T07:39:22Z,-110
e53081484a5eb1c0f5f73ecf0cd933511de4c4ffc753f057daa54f7c32018d01,TOW-BLR-004,2026-08-31T03:49:00Z,-67
f09defae43936bc24acfcb7f14509d12080824d2ab52b46e006c57e20408aa08,TOW-BLR-005,2026-08-30T02:59:12Z,-104
91692116b5a4bef93f0ce15b1c0fc9ceabdf7d6317836432ce60fdb60300aa5e,TOW-BLR-005,2026-08-31T22:24:56Z,-88
3f24dc89df996ef63c8289393b934feed72d9dbb13a7e4e2180dcd25f0f50391,TOW-BLR-004,2026-08-31T20:27:15Z,-52
4489de783f0bdc9c1f46955c8b79e68e5b7268250d1c7cc130a9f14d220b14c8,TOW-BLR-003,2026-08-31T00:23:29Z,-93
71cb904b7291d0d2e45d4ff2e2770e09787864e217f69784a47441a4403c066e,TOW-BLR-001,2026-08-30T18:35:36Z,-69
c470b561344b949646b98c67f87afddd34b5985b84d8505eb64e1296d27ed7e2,TOW-BLR-004,2026-08-31T09:34:36Z,-61
0162aa00917191d22e2948a923eeba8b3127e99535ef6f6cce59372f46292cd2,TOW-BLR-002,2026-08-31T18:52:10Z,-61
033cb5d2a369636fca13cc266088ef49b139033d26568e95cfc45648b2f00aff,TOW-BLR-005,2026-08-31T00:34:09Z,-67
28ca498f1861bf52e0b0fb8af9c1c1d88bda98dbfdef764c0e0834aaa4f210e0,TOW-BLR-002,2026-08-30T22:48:41Z,-75
906a0bc76e88bfe2444e9d7e957f0bb1d037f9869c84ba6e88b051c6053a31dc,TOW-BLR-001,2026-08-30T04:56:53Z,-110
3b107bed1c6ac71d80856e656952a83c8b5583e3c4f3b453df0c29d234693f08,TOW-BLR-001,2026-08-31T14:14:54Z,-104
e01d811a79fc578af3d4139e61bb2d3e543e3069a4328eddce1bac46495508f1,TOW-BLR-004,2026-08-31T01:35:47Z,-96
bfc7e0570fc2fd1ef8e941c2837e63172945abb8d7e14746ca0f6e8ccdd960cf,TOW-BLR-003,2026-08-30T18:20:33Z,-98
41dbbf390d15565d4044e78d299c7ad4aa57641d70a6b8447037a2b05e72dee5,TOW-BLR-001,2026-08-31T21:06:11Z,-105
f89c7a25aa73d2138860ce78ca92d285666572ec069a32f612b59f091d2d2232,TOW-BLR-005,2026-08-31T23:48:45Z,-53
6061496b81655335453d7cb834b0c2abbaf8611fc4415969b50985d236ef0a22,TOW-BLR-002,2026-08-31T19:38:45Z,-70
ac4d86152237babe16e522e0f80f243fccc135f73a43438fda309a2c79d06c46,TOW-BLR-001,2026-08-30T06:17:25Z,-56
a6b9b064c298e3a2b3f93834e33675a4415900230ca5a96e1e9963baafbf4749,TOW-BLR-002,2026-08-31T03:22:35Z,-68
514d2ff67276c76ac8d5d761b8f652d553d046582e35c06ca92e32f042d20fd7,TOW-BLR-005,2026-08-30T13:27:15Z,-53
a306962ddc4e800a51d884da9e7e0bd2fa08b534c8773d2cdbf06790da9fa65d,TOW-BLR-002,2026-08-30T18:26:50Z,-92
e27215f8478b1d5961a5e2f91bcfe38158ec069c264a9840541ede499ddff6d0,TOW-BLR-001,2026-08-31T22:30:52Z,-81
aa44ba1bb9a6b63cc60a0ae6dbcfc2e798000a2af3ce5e5e3d0803a679875a60,TOW-BLR-003,2026-08-31T07:05:31Z,-66
6c80697a257233c38023ce9e735e10c89e76b5d5fb9e63a1b96a8ac89bc49c67,TOW-BLR-003,2026-08-30T18:44:19Z,-100
c29f10eeeac39ff9da13cd1771e7013daa37b6f9553618953e642c0193b1105d,TOW-BLR-001,2026-08-30T20:11:29Z,-61
0ca92962e618ad8a2565d59ff2d5a6646f29dacc382693eb5c2de580b1b62e5f,TOW-BLR-004,2026-08-31T04:17:46Z,-89
0ca92962e618ad8a2565d59ff2d5a6646f29dacc382693eb5c2de580b1b62e5f,TOW-BLR-003,2026-08-30T19:16:20Z,-99
623458811301a7a083ae0d7176fbf402b21877cf81552b4001e222a9f3a990c3,TOW-BLR-001,2026-08-31T11:48:21Z,-51
5f789fd2c5836252cc417e4829879fb15a3dc5b35c4ee49f7f2be52647303570,TOW-BLR-005,2026-08-31T04:35:26Z,-99
75211b3edf6cbfd2bb503506dc3c73550c9179fda0a8f45f75153f013d13c222,TOW-BLR-004,2026-08-30T07:53:44Z,-101
cfc82faf09a6dc9b02ed746351fd4a85e0d59c3f2a8388a385cbda411989d9c8,TOW-BLR-004,2026-08-30T15:54:08Z,-71
fee0cfa53d5328eeab6e9c98c28a9a57cd4de2a7597f9c83002a5b4141243e7d,TOW-BLR-001,2026-08-31T08:09:17Z,-65
26bcfd2aa62a45e60890296e7920204fd45fec2c9f05e144b2aab10bb457ecec,TOW-BLR-001,2026-08-30T02:32:18Z,-106
b97863b8c458045fcb570501b4a5f9f4e0129debab5c1098ac6a64dfc33444b1,TOW-BLR-005,2026-08-30T18:14:52Z,-61
dd35e063db12ee83e41574ec0d96a0e650341ace34a6c33951a9a571c96e3930,TOW-BLR-001,2026-08-31T12:14:29Z,-101
26796abc3ac290807b505dea3353c73ca9adc03dcb3dcd68e74c4d00e5e068f8,TOW-BLR-001,2026-08-30T02:45:18Z,-68
e99755126b8fe02eb8684b0457fda5f975195b5929e9f034c715e1ea8947715c,TOW-BLR-003,2026-08-30T11:02:22Z,-66
4075c01d70966dc11bef2096198285422fbbd861d184a28bc57ff6fc7fe81f4a,TOW-BLR-004,2026-08-31T17:50:38Z,-110
28bce8f903d29d7ffd117da4022d6a8f445c0bb61d25d9b3130bfc6b7f07a0b9,TOW-BLR-004,2026-08-31T10:49:01Z,-83
a92475f03c5c0e704011c75f83e311cba049d04139c488d187645cbe5836ee42,TOW-BLR-001,2026-08-31T15:19:51Z,-96
7621de8ca83cbcd279167f556516c491dadb09330607c1f0ad30436e496097d6,TOW-BLR-004,2026-08-31T11:06:10Z,-103
5d293bef5865f720e15fe72cf657194b15cc78aa4780739303867f9c2280f8e5,TOW-BLR-005,2026-08-31T02:08:08Z,-89
27a9f6cf3e784af9957031dd7c4ea3328ee97a45e97e32dcc06d0e81de9a6a44,TOW-BLR-003,2026-08-31T05:10:18Z,-107
060b7ff050c23cec2699264d708ce7f80a94f7fc3e40fab697cb72f0222421a9,TOW-BLR-001,2026-08-31T02:36:15Z,-76
1cb1a3f105243c12f43e49ea3b7f2a77275a1fbbb926af3b761ccc42bf7f8bbb,TOW-BLR-003,2026-08-30T05:51:31Z,-57
1c23e30dc22cff7d9aa4539a48dbcbb7caf4fdaf6fa0021e39f2c045be36e658,TOW-BLR-003,2026-08-31T23:10:14Z,-98
645cb5ae33ecbf471ebf101aef4c781e2f0b1a50c071ca9ee7ae5ce4e8f430b8,TOW-BLR-005,2026-08-30T02:51:50Z,-86
749b8c6b6e329536c169d086aacabc027ba8ca8d5b21588417083626197c27be,TOW-BLR-002,2026-08-30T21:45:47Z,-66
e99755126b8fe02eb8684b0457fda5f975195b5929e9f034c715e1ea8947715c,TOW-BLR-001,2026-08-31T21:55:12Z,-66
1d8716c4dd38df6890b9e1881e03d3ea4f9f5acb6e7823dbdbcca7fd418f2e2f,TOW-BLR-004,2026-08-30T06:10:46Z,-54
060b7ff050c23cec2699264d708ce7f80a94f7fc3e40fab697cb72f0222421a9,TOW-BLR-004,2026-08-30T13:47:46Z,-102
ca9fb60d20be57a8aa44f49c9edb466c3cba0cff3de897735d88c52ff4d0dd37,TOW-BLR-002,2026-08-30T01:50:49Z,-64
071d0773364cfafd218f4938d448a477fb5fc70a27fe41d917e1c8213472908e,TOW-BLR-002,2026-08-31T11:37:29Z,-86
e03084bd52a1de59f703c73a314b52bf9f7026848c2545312ce44ccc7b54e5d4,TOW-BLR-005,2026-08-31T22:51:05Z,-91
3404f57309d8e1f7c2250dc78541765cf40b63416cdb7e032ad5ca046e930e24,TOW-BLR-005,2026-08-31T08:43:03Z,-109
ca9fb60d20be57a8aa44f49c9edb466c3cba0cff3de897735d88c52ff4d0dd37,TOW-BLR-003,2026-08-30T04:04:54Z,-89
cbf710d65baba3fa8d515be70761860ae0362217228a5b27e316882ce252c18d,TOW-BLR-001,2026-08-31T05:31:41Z,-103
cdd95be7efebbce1759b91fab7ca6127de9fb4230ad56f5dac8b8b7fff73d9db,TOW-BLR-005,2026-08-31T09:22:39Z,-50
eac5c4fa0df8925ed6a6c3b93119a5d12212c8ad8c8089cc8abcb4c68da216f1,TOW-BLR-005,2026-08-30T10:50:47Z,-63
c1f42731b9907abe4e81947ee7799751d8ecf8eca65cdf787ee9db2935d743cc,TOW-BLR-002,2026-08-30T05:14:43Z,-108
2d895a911f5789f518089b46011e7e6e61c0baf1b0808c4cc511b1f00ac3c55b,TOW-BLR-002,2026-08-31T11:36:00Z,-69
e514f926f417d960da222d7a1c16d5b31d7dfc71fa5140f104670febd095e2c6,TOW-BLR-004,2026-08-31T21:01:42Z,-108
faf4897f37a82eaf9e8cb074678fdf8a3179b6174545b37131e9854d06b84f6a,TOW-BLR-002,2026-08-30T01:02:45Z,-99
060b7ff050c23cec2699264d708ce7f80a94f7fc3e40fab697cb72f0222421a9,TOW-BLR-001,2026-08-30T22:22:46Z,-58
2cd185a0e5165c8705eaac57a82ddd0f7ec3fcb92ea51efe8d13d48444b0ec31,TOW-BLR-001,2026-08-31T09:13:06Z,-71
991ad61e050c36e38ee2d725869c32a32440da474d0e54c5f1ed130a6f1ecfe5,TOW-BLR-005,2026-08-30T04:39:26Z,-58
815c8294c15a0369f897299acf164eb0c88d156163b6926d34a6c32225270d1d,TOW-BLR-001,2026-08-30T08:18:51Z,-79
a3f6c75cff3ad8beec20e1a0aa71d3f22deffc01ca147e447f33652b2a71efae,TOW-BLR-005,2026-08-30T16:03:41Z,-106
bdd2bdbaf183327d7ca5b7121c51db5ae24f436a01a4db832ea4d719bbbe7733,TOW-BLR-002,2026-08-31T07:02:08Z,-89
0381be7abc2a2e33ba7ed09549f3d24cf97c4515c755faf466999b9084c0c563,TOW-BLR-004,2026-08-30T23:36:36Z,-103
438def5eabfbb68a3b92db643ef7878613bbc2faa66a7a86b4eba14d00bd1745,TOW-BLR-005,2026-08-31T15:45:00Z,-102
1dd27686432c1e2abfc90dd1bd07a714be564682b0b19015c4da9517d8fb08ce,TOW-BLR-002,2026-08-30T03:19:10Z,-73
994c4489211698bbcf023b39117e68fd91ff40b8de92e6790b5866888fe1e03e,TOW-BLR-003,2026-08-30T04:36:13Z,-103
d2436884e59a142c599c677d7a8e920706502f134261082705708e2c52ff095c,TOW-BLR-002,2026-08-31T06:13:50Z,-100
cc6a64b393383a4ba1bb601bcf6b3acfae97f5d200518ae28211fdfde0f911f2,TOW-BLR-003,2026-08-31T16:17:52Z,-100
623458811301a7a083ae0d7176fbf402b21877cf81552b4001e222a9f3a990c3,TOW-BLR-002,2026-08-31T18:22:44Z,-108
31c0098e266a1dc96abc21f4bd1fa31bf006516ef1520e430ef0b92bba07ae9e,TOW-BLR-001,2026-08-31T22:02:06Z,-71
41fb42693e5559e4b7fd8d6cb4b0bbe89b98897c4d2fb30dd85c32276f044277,TOW-BLR-002,2026-08-30T01:08:17Z,-54
3a1039a2cd5c4b081564377071a122e8f9564962f6ba00fd27656e45042c6349,TOW-BLR-001,2026-08-30T00:27:44Z,-110
645cb5ae33ecbf471ebf101aef4c781e2f0b1a50c071ca9ee7ae5ce4e8f430b8,TOW-BLR-001,2026-08-31T23:27:33Z,-73
329ca6ac512e95d4428bdcfcc69d43ded1cd914a94127edefb12ad988ce7ef4b,TOW-BLR-003,2026-08-31T06:18:30Z,-66
9752b374a6dca9438cf640f07ee97b5e9219d13a25c503ca0931f630f408007f,TOW-BLR-004,2026-08-30T09:14:24Z,-97
e9024445f21f5d8c0dea88c26cf1d644e07bd5fb795be39b8b55c7ec859cee17,TOW-BLR-003,2026-08-31T14:05:24Z,-82
3b107bed1c6ac71d80856e656952a83c8b5583e3c4f3b453df0c29d234693f08,TOW-BLR-002,2026-08-30T12:42:36Z,-71
62cba2b3558fe5db259bb5840cd24e7515734f8b42d6f0d656cd4e814e601c9b,TOW-BLR-001,2026-08-31T19:25:09Z,-99
c2e085ff3106211c72863a7a99360642c5170eadd9a22346a895f4cec806fc92,TOW-BLR-004,2026-08-31T20:34:05Z,-50
e742f7d717510b229a774a833b4b2c40258e2e69aad964973c15e5a973b3de65,TOW-BLR-003,2026-08-31T01:19:47Z,-84
c01a6992a61aa93d4e9d9f42d82df188c91b3e1f2d06f347a56337292c8a85a7,TOW-BLR-005,2026-08-30T17:09:31Z,-98
b4137ecb3d80db814311d6a4053415d0bd71e8b4e4fb32b9f5a39b74d62a8504,TOW-BLR-005,2026-08-30T06:58:02Z,-71
dc73abbd70e6bdf2430496c0075788d1e3a0785579dbd18e7e606778ebd97d93,TOW-BLR-005,2026-08-31T12:57:28Z,-96
d72a31c76cd1ced9b3eaee828a621e1aa961ec6970a66d4b73a005fd72745274,TOW-BLR-002,2026-08-30T20:07:43Z,-107
033cb5d2a369636fca13cc266088ef49b139033d26568e95cfc45648b2f00aff,TOW-BLR-001,2026-08-30T10:51:56Z,-67
62bd82e922a8ec6730fed1035ea57162649ffbf5882baf6115b56d0c3c8ff6df,TOW-BLR-004,2026-08-31T12:13:40Z,-99
9640ffa8fd3b6c05321013dd64ca4ba4bcd7e82047fb9c0c01f898481d00e72b,TOW-BLR-001,2026-08-30T03:56:03Z,-69
c560197b9883fc6dc7bc02134561f285436b6ef7c206d7b6feace00057691273,TOW-BLR-003,2026-08-30T15:15:42Z,-83
e1666c1ff291b7c40b69df20c664fa769b46a15bdf7ad72bf1ffd72f63d51649,TOW-BLR-003,2026-08-31T20:54:55Z,-59
329ca6ac512e95d4428bdcfcc69d43ded1cd914a94127edefb12ad988ce7ef4b,TOW-BLR-004,2026-08-30T03:09:15Z,-104
ceb92794371376cce497c125e1859d5da18956b33da07f06cae159d1cb60eeb6,TOW-BLR-001,2026-08-31T15:07:45Z,-99
9640ffa8fd3b6c05321013dd64ca4ba4bcd7e82047fb9c0c01f898481d00e72b,TOW-BLR-001,2026-08-31T11:19:15Z,-78
a5c9577bb5af38d2ff8147936b242dad7800fc3f454896fb7b89c9679241b18b,TOW-BLR-001,2026-08-30T17:08:02Z,-64
7c3444809193dd8892bd3d5406741e9e223bd5de3febc017ef431a8d712e364f,TOW-BLR-005,2026-08-31T18:13:01Z,-90
b9f0f673df45e56702a2054de2329aefb3b6c6fd3ef2940d6ea1133b7f7baa67,TOW-BLR-002,2026-08-30T23:42:56Z,-96
c29f10eeeac39ff9da13cd1771e7013daa37b6f9553618953e642c0193b1105d,TOW-BLR-001,2026-08-30T23:44:53Z,-96
a4488d9cbf53e318e7cd9beaf8a5512f8b50d81b4edfc6b0affdc8a4b4cbb2ba,TOW-BLR-002,2026-08-31T06:02:39Z,-55
5f789fd2c5836252cc417e4829879fb15a3dc5b35c4ee49f7f2be52647303570,TOW-BLR-004,2026-08-30T16:04:05Z,-106
fce13cdb8a85833a333ee4d1021160f2db2b97c0c5a8e7d11c78875fdaee8c50,TOW-BLR-005,2026-08-31T11:16:24Z,-107
329ca6ac512e95d4428bdcfcc69d43ded1cd914a94127edefb12ad988ce7ef4b,TOW-BLR-004,2026-08-30T10:33:15Z,-97
37d5bcc2e10e41308171cc736deaeb1ae3801824fe99d46de6a7dd02427f8d16,TOW-BLR-005,2026-08-31T09:07:53Z,-99
e99755126b8fe02eb8684b0457fda5f975195b5929e9f034c715e1ea8947715c,TOW-BLR-003,2026-08-30T09:55:57Z,-81
0f8c011e3f0544059dbe2826c17ede5deba80e3c137a94288dfb04b168dcdace,TOW-BLR-002,2026-08-31T22:01:20Z,-88
438def5eabfbb68a3b92db643ef7878613bbc2faa66a7a86b4eba14d00bd1745,TOW-BLR-003,2026-08-30T14:43:28Z,-89
1e153199ebee9124b76aeb29141d81316036069970aeaae21b359e771d49fbcd,TOW-BLR-001,2026-08-31T17:24:32Z,-107
2b74f741f3b9ec86d66a65850a5ee252863e775fdfc25e7467a62827b45f36b8,TOW-BLR-002,2026-08-30T08:05:26Z,-56
e27215f8478b1d5961a5e2f91bcfe38158ec069c264a9840541ede499ddff6d0,TOW-BLR-004,2026-08-31T06:27:14Z,-100
eebec9b0998a8822dbdf98d57efcfbf13e2008e9a7afd4def57a07fc3a7db792,TOW-BLR-003,2026-08-30T16:00:33Z,-54
c14c122b7d80c0cadc54149e12c9e1f574f2499598653912351b2a668a0aba1d,TOW-BLR-005,2026-08-30T11:25:01Z,-60
2cd185a0e5165c8705eaac57a82ddd0f7ec3fcb92ea51efe8d13d48444b0ec31,TOW-BLR-005,2026-08-30T12:22:27Z,-74
374990eb0fbeabeaa27b11dd595064faf7e817abd85676d2ccb3da4f44acbd11,TOW-BLR-005,2026-08-30T16:43:35Z,-105
3b107bed1c6ac71d80856e656952a83c8b5583e3c4f3b453df0c29d234693f08,TOW-BLR-005,2026-08-31T11:37:24Z,-55
128a2c7bd4fd5507bb0d446ee5793b54ea77c9ab7beee573ac0798d61385482f,TOW-BLR-005,2026-08-31T10:28:42Z,-57
d72a31c76cd1ced9b3eaee828a621e1aa961ec6970a66d4b73a005fd72745274,TOW-BLR-003,2026-08-30T01:03:22Z,-64
bfea41177792521cca94d1ee5637e5b077cf5b0d4a50e5861d4fd514573f7464,TOW-BLR-002,2026-08-30T18:02:47Z,-90
39fc2ded1476bc7aeb30d49ddc847faed054a01822a29d8cfcd965aadea576c3,TOW-BLR-005,2026-08-30T16:11:42Z,-53
37d5bcc2e10e41308171cc736deaeb1ae3801824fe99d46de6a7dd02427f8d16,TOW-BLR-005,2026-08-30T10:50:51Z,-52
542bb7beec17cd7c80e6c9881ec3337cd1aea378ad6dc96ae9e9de99694a2906,TOW-BLR-001,2026-08-31T06:25:16Z,-108
e799c2d47421751052a9b78f7e997150cd304e0b0c07d742b4490116e4802051,TOW-BLR-004,2026-08-31T12:42:57Z,-108
ef381ec30b82913c60a6c06d3c429ef4f754d856719fe68096ff9c3cff940bfb,TOW-BLR-005,2026-08-31T04:42:48Z,-80
0381be7abc2a2e33ba7ed09549f3d24cf97c4515c755faf466999b9084c0c563,TOW-BLR-001,2026-08-31T08:56:44Z,-79
5222bb3ec940ad667c5b6286ba827a586041bb986d577e580df048df81c002fe,TOW-BLR-001,2026-08-31T16:40:04Z,-62
4ee1d1663fe1c8dba22aff6390d16ec929cd2c6dd08c33a43efdf55d10c2ed5b,TOW-BLR-004,2026-08-30T15:52:29Z,-102
1d8716c4dd38df6890b9e1881e03d3ea4f9f5acb6e7823dbdbcca7fd418f2e2f,TOW-BLR-003,2026-08-30T17:24:28Z,-69
63e057fde085f12ed5175da4bedf4ca9b785b50614b0d21a48adcd1cd457483f,TOW-BLR-001,2026-08-31T10:56:12Z,-68
ec92a3f62ddb9be57763b65d15f9909e8471fbeceb75ee00f71bff38eee7a199,TOW-BLR-002,2026-08-31T09:26:38Z,-56
542bb7beec17cd7c80e6c9881ec3337cd1aea378ad6dc96ae9e9de99694a2906,TOW-BLR-005,2026-08-30T01:46:39Z,-81
d72a31c76cd1ced9b3eaee828a621e1aa961ec6970a66d4b73a005fd72745274,TOW-BLR-002,2026-08-31T05:31:02Z,-99
0c464a077072f36c3a1a180c5de7f5080817e7377fbe2dc5b1677c3adebac752,TOW-BLR-003,2026-08-31T21:38:34Z,-81
19655e9e203fc8dd4a2cb9c57c67a2bcb90bd417b22c2e9b970eab144ddae4eb,TOW-BLR-001,2026-08-31T21:40:44Z,-106
2779749f7710949a4792cc1cccf83ac4506a22e7344db9bff0318b42e6108519,TOW-BLR-003,2026-08-31T14:39:37Z,-108
c14c122b7d80c0cadc54149e12c9e1f574f2499598653912351b2a668a0aba1d,TOW-BLR-004,2026-08-30T19:38:43Z,-66
e1c50c60bd295187ed76df05350c2f8dda62be7db7100c9502d042ecb0647bea,TOW-BLR-005,2026-08-31T15:29:56Z,-74
2cd185a0e5165c8705eaac57a82ddd0f7ec3fcb92ea51efe8d13d48444b0ec31,TOW-BLR-002,2026-08-30T05:53:42Z,-71
0914bcb9c4e6585bba37c48570774e86f8d87ff884fede75c8d19d9c85ccb3ed,TOW-BLR-003,2026-08-30T03:59:28Z,-78
e1c50c60bd295187ed76df05350c2f8dda62be7db7100c9502d042ecb0647bea,TOW-BLR-003,2026-08-30T03:45:16Z,-103
2779749f7710949a4792cc1cccf83ac4506a22e7344db9bff0318b42e6108519,TOW-BLR-003,2026-08-31T09:53:09Z,-71
e799c2d47421751052a9b78f7e997150cd304e0b0c07d742b4490116e4802051,TOW-BLR-003,2026-08-31T02:40:58Z,-99
75211b3edf6cbfd2bb503506dc3c73550c9179fda0a8f45f75153f013d13c222,TOW-BLR-005,2026-08-30T04:52:45Z,-75
dd7bd4bcfc023cea77828a9d4467d55ac276d5425902f5552381e6e0f98bce8c,TOW-BLR-002,2026-08-30T10:04:42Z,-89
5222bb3ec940ad667c5b6286ba827a586041bb986d577e580df048df81c002fe,TOW-BLR-005,2026-08-30T08:16:08Z,-69
7db41c47095120834f255ed6a9005c4edc4b430ef019eb6f4df2754c2b3d228a,TOW-BLR-005,2026-08-30T15:16:36Z,-62
1b8e2f4669c49257fcbc07db82dff985ebdcea2645c6b93aca03046d5731472a,TOW-BLR-002,2026-08-30T23:20:07Z,-88
615d09c2e16982784eec18d1a485e4dfc8cb3a43bfafca019fdde222c11e4a25,TOW-BLR-003,2026-08-31T12:40:06Z,-67
ef381ec30b82913c60a6c06d3c429ef4f754d856719fe68096ff9c3cff940bfb,TOW-BLR-003,2026-08-30T03:57:56Z,-106
db60cb3d3e926de5e1f1dc5ec39988132f99ed7cfdb2c75b0d98588d668e754a,TOW-BLR-003,2026-08-31T08:56:36Z,-79
ab29fe932a9f2189b8c48828b4965af27e0f4b704a59b256091d92391aa403f1,TOW-BLR-005,2026-08-30T08:56:07Z,-80
dd7bd4bcfc023cea77828a9d4467d55ac276d5425902f5552381e6e0f98bce8c,TOW-BLR-005,2026-08-31T14:48:04Z,-53
30eee72284276f0a5044a80defca7a33cf9def9620a784c6cb88b0f812477240,TOW-BLR-004,2026-08-31T21:12:58Z,-87
d0ce3c85381df18d23eabae9a4e2a2de705ad64e07b750ed3dbc1cfb6aadba42,TOW-BLR-001,2026-08-30T13:42:55Z,-53
a9cb35a4fd627463d2028b97d80463eba8976d54e3f9ecdc40b17877be95bf19,TOW-BLR-004,2026-08-30T06:21:27Z,-105
07fc1543a0144268c02a1425909a6de96563c05d53b9243010e4c943d0e28120,TOW-BLR-002,2026-08-30T20:59:55Z,-106
179b29b175854ddd9f2dd460353266387174d375bcf69481556bc9e55562f9f7,TOW-BLR-002,2026-08-30T20:05:36Z,-103
cc6a64b393383a4ba1bb601bcf6b3acfae97f5d200518ae28211fdfde0f911f2,TOW-BLR-002,2026-08-31T12:08:29Z,-101
d4d9b138de4939b5a64d664afbd8ffb6be0bb1d9157e5b907b48f4b8b7fb5816,TOW-BLR-002,2026-08-31T13:54:55Z,-50
a84d124abd92dfd79e62cfbc455627dac349b078fdb26f691cbf968372549d77,TOW-BLR-001,2026-08-30T21:20:52Z,-84
374990eb0fbeabeaa27b11dd595064faf7e817abd85676d2ccb3da4f44acbd11,TOW-BLR-005,2026-08-30T09:36:50Z,-80
3d47fa14eca1ad3c6af4a7630628e3e43d0de0e692c02fb9966106fd91f3e1c2,TOW-BLR-004,2026-08-31T08:19:15Z,-63
75211b3edf6cbfd2bb503506dc3c73550c9179fda0a8f45f75153f013d13c222,TOW-BLR-001,2026-08-30T21:13:39Z,-98
e03084bd52a1de59f703c73a314b52bf9f7026848c2545312ce44ccc7b54e5d4,TOW-BLR-001,2026-08-30T16:55:03Z,-57
e1c50c60bd295187ed76df05350c2f8dda62be7db7100c9502d042ecb0647bea,TOW-BLR-005,2026-08-31T22:56:36Z,-89
3b107bed1c6ac71d80856e656952a83c8b5583e3c4f3b453df0c29d234693f08,TOW-BLR-005,2026-08-31T00:57:40Z,-69
75211b3edf6cbfd2bb503506dc3c73550c9179fda0a8f45f75153f013d13c222,TOW-BLR-003,2026-08-31T11:24:00Z,-73
71545b7cc76f2b684ffbd6fa39c0b37a3cebb903f1ae21d330405c6a682803ab,TOW-BLR-005,2026-08-31T15:56:17Z,-82
1c23e30dc22cff7d9aa4539a48dbcbb7caf4fdaf6fa0021e39f2c045be36e658,TOW-BLR-003,2026-08-31T17:18:21Z,-102
615d09c2e16982784eec18d1a485e4dfc8cb3a43bfafca019fdde222c11e4a25,TOW-BLR-003,2026-08-30T12:30:19Z,-60
26bcfd2aa62a45e60890296e7920204fd45fec2c9f05e144b2aab10bb457ecec,TOW-BLR-002,2026-08-31T11:15:41Z,-87
374990eb0fbeabeaa27b11dd595064faf7e817abd85676d2ccb3da4f44acbd11,TOW-BLR-003,2026-08-30T03:26:44Z,-101
1f79de33c2108975365a7031a039f6022577be75a0a004d91eefb2973f386493,TOW-BLR-003,2026-08-31T09:11:58Z,-100
8f6c3567020fe5158954a16a90fe942b05b979cc3d21185db7682c502a185a2e,TOW-BLR-002,2026-08-31T14:58:50Z,-92
f075856bccab281555b78e7b9aa45224d7fdbb1b65f1be673de9702f53dbdc94,TOW-BLR-002,2026-08-30T11:10:35Z,-100
fb508c4e8555e74ffb3890a20561ff7143dfac94aa360aae5d4b2be53a7da02c,TOW-BLR-001,2026-08-30T02:59:47Z,-90
2d79558bb4e3c15673ad08352dde6e8c13ea6fb69dde51ff483f3ccbb7f795c3,TOW-BLR-002,2026-08-31T08:06:16Z,-94
d427539d777d7e1658638290cb9fab436f06cc47d74eaa6fe686b199b2b20b25,TOW-BLR-002,2026-08-30T14:56:20Z,-75
dd7bd4bcfc023cea77828a9d4467d55ac276d5425902f5552381e6e0f98bce8c,TOW-BLR-001,2026-08-30T23:04:44Z,-88
3914a31c587f0090d3fa33ffc0e20d8c98208ac7e2a63abf5b0dae856bcaf132,TOW-BLR-003,2026-08-31T08:39:12Z,-76
438def5eabfbb68a3b92db643ef7878613bbc2faa66a7a86b4eba14d00bd1745,TOW-BLR-002,2026-08-31T14:51:31Z,-91
ac4d86152237babe16e522e0f80f243fccc135f73a43438fda309a2c79d06c46,TOW-BLR-001,2026-08-31T05:27:33Z,-51
3404f57309d8e1f7c2250dc78541765cf40b63416cdb7e032ad5ca046e930e24,TOW-BLR-002,2026-08-31T09:21:12Z,-51
541b2920d264e79295106f9481dd0b84153d03d56baa980f48caacdedab79cfe,TOW-BLR-002,2026-08-30T00:18:45Z,-63
3a489a1f2d50a7145610c51b0f2ba3fb83cb5fe91c12c2961b086df8092a6c88,TOW-BLR-005,2026-08-31T00:07:23Z,-69
19655e9e203fc8dd4a2cb9c57c67a2bcb90bd417b22c2e9b970eab144ddae4eb,TOW-BLR-003,2026-08-31T10:30:32Z,-53
30eee72284276f0a5044a80defca7a33cf9def9620a784c6cb88b0f812477240,TOW-BLR-005,2026-08-30T10:42:37Z,-59
7b696387507a0442fa73032f77df22fbfca57d2f62198e30029ec2a03dcc8d57,TOW-BLR-004,2026-08-31T00:39:44Z,-66
a306962ddc4e800a51d884da9e7e0bd2fa08b534c8773d2cdbf06790da9fa65d,TOW-BLR-004,2026-08-30T02:55:06Z,-102
eac5c4fa0df8925ed6a6c3b93119a5d12212c8ad8c8089cc8abcb4c68da216f1,TOW-BLR-005,2026-08-30T08:30:38Z,-91
716a50353041fe3e7931d2c7ec68810c83d45d3c42a529d39319d45cd8721518,TOW-BLR-004,2026-08-31T20:57:59Z,-57
361ac03f9899db5f853e98f211383204a3477b6750123b3aa08990c0bc60193e,TOW-BLR-004,2026-08-31T02:01:28Z,-105
2e5363d57be11745b6badea9f90e0d46330f696bd5b930c72e77374c42069361,TOW-BLR-001,2026-08-31T20:17:03Z,-69
033cb5d2a369636fca13cc266088ef49b139033d26568e95cfc45648b2f00aff,TOW-BLR-005,2026-08-31T14:20:01Z,-96
f278eae79a99880355e00f3a7b18d3230b4cf801de627669e85e616cfb853a31,TOW-BLR-003,2026-08-30T14:15:05Z,-109
01d3d1ae9ffe5b587f8d18acb10f48bdc9446b971dba998f10683223125fde60,TOW-BLR-005,2026-08-31T08:26:14Z,-67
cf8e4cdc32117c05ae9a7f56eefc46a94eb0db0b2e5cd67fd9a2e41f9eeb0a92,TOW-BLR-001,2026-08-31T13:16:02Z,-85
033cb5d2a369636fca13cc266088ef49b139033d26568e95cfc45648b2f00aff,TOW-BLR-004,2026-08-30T23:08:18Z,-72
a6b9b064c298e3a2b3f93834e33675a4415900230ca5a96e1e9963baafbf4749,TOW-BLR-005,2026-08-30T04:04:52Z,-52
71545b7cc76f2b684ffbd6fa39c0b37a3cebb903f1ae21d330405c6a682803ab,TOW-BLR-003,2026-08-31T04:56:57Z,-101
c2e085ff3106211c72863a7a99360642c5170eadd9a22346a895f4cec806fc92,TOW-BLR-004,2026-08-31T02:54:56Z,-86
db60cb3d3e926de5e1f1dc5ec39988132f99ed7cfdb2c75b0d98588d668e754a,TOW-BLR-001,2026-08-30T20:43:39Z,-88
763fd87be48fc3c8c3709f9544d328717bb1ddb9678344ebbda99fadce1b5355,TOW-BLR-003,2026-08-31T08:26:45Z,-55
070f49e260bfad8f443dd7b6c77454a5ea3a32ddb069aa900164197386693a9f,TOW-BLR-001,2026-08-30T15:42:23Z,-64
329ca6ac512e95d4428bdcfcc69d43ded1cd914a94127edefb12ad988ce7ef4b,TOW-BLR-004,2026-08-31T06:15:49Z,-59
7c3444809193dd8892bd3d5406741e9e223bd5de3febc017ef431a8d712e364f,TOW-BLR-003,2026-08-30T11:55:36Z,-59
a91a9ad7f674f50c12821a23db77ab9fec0f3a5f7846ac3a035639fd74c19c5b,TOW-BLR-004,2026-08-31T06:09:38Z,-102
6061496b81655335453d7cb834b0c2abbaf8611fc4415969b50985d236ef0a22,TOW-BLR-005,2026-08-31T19:32:25Z,-105
e9024445f21f5d8c0dea88c26cf1d644e07bd5fb795be39b8b55c7ec859cee17,TOW-BLR-002,2026-08-30T22:04:50Z,-80
21308ebc339ed29ba2719c3421b30cf3d970d86d5452bf72124521884c6e130e,TOW-BLR-005,2026-08-31T00:25:27Z,-106
626a8c724bbe99a359d58cf8b9793fc42a5ea2ccee33814a7d1e2410fe9aefa8,TOW-BLR-005,2026-08-31T03:21:46Z,-105
c01a6992a61aa93d4e9d9f42d82df188c91b3e1f2d06f347a56337292c8a85a7,TOW-BLR-004,2026-08-31T22:30:59Z,-52
6462b2c251ec37a5786c7556a054354f7b7ccc68c7231ead15389dfb39f86d1f,TOW-BLR-004,2026-08-30T12:44:07Z,-75
d72a31c76cd1ced9b3eaee828a621e1aa961ec6970a66d4b73a005fd72745274,TOW-BLR-005,2026-08-30T09:58:14Z,-98
13adb9d8e842415d7c92ad9cb74a600c24d35b08605cd2bbf3860bfcdd42db23,TOW-BLR-004,2026-08-30T21:04:41Z,-75
cc6b3763e91ab45f13b630b1f96b0fac36879a3f0509992d02f2d39a5d256429,TOW-BLR-001,2026-08-30T21:59:25Z,-57
c470b561344b949646b98c67f87afddd34b5985b84d8505eb64e1296d27ed7e2,TOW-BLR-003,2026-08-31T11:58:45Z,-75
ceb92794371376cce497c125e1859d5da18956b33da07f06cae159d1cb60eeb6,TOW-BLR-004,2026-08-30T16:20:56Z,-109
0c464a077072f36c3a1a180c5de7f5080817e7377fbe2dc5b1677c3adebac752,TOW-BLR-001,2026-08-30T11:12:56Z,-94
67f8aaafd23c1ac8be42715dbd8dcd8206070aaa4abe91897ec5c55283c6408e,TOW-BLR-004,2026-08-30T09:02:32Z,-69
71545b7cc76f2b684ffbd6fa39c0b37a3cebb903f1ae21d330405c6a682803ab,TOW-BLR-003,2026-08-31T06:22:35Z,-99
cc6b3763e91ab45f13b630b1f96b0fac36879a3f0509992d02f2d39a5d256429,TOW-BLR-002,2026-08-30T02:04:16Z,-103
514d2ff67276c76ac8d5d761b8f652d553d046582e35c06ca92e32f042d20fd7,TOW-BLR-003,2026-08-31T11:54:10Z,-106
f8a59b7cf1ffeefddb4cad82da9fb10563f4d8deb34e9d00533fcc65b639ddc9,TOW-BLR-003,2026-08-31T18:18:42Z,-80
7b696387507a0442fa73032f77df22fbfca57d2f62198e30029ec2a03dcc8d57,TOW-BLR-004,2026-08-30T18:46:49Z,-70
e01d811a79fc578af3d4139e61bb2d3e543e3069a4328eddce1bac46495508f1,TOW-BLR-004,2026-08-30T08:42:28Z,-87
28bce8f903d29d7ffd117da4022d6a8f445c0bb61d25d9b3130bfc6b7f07a0b9,TOW-BLR-005,2026-08-30T01:16:39Z,-56
26bcfd2aa62a45e60890296e7920204fd45fec2c9f05e144b2aab10bb457ecec,TOW-BLR-002,2026-08-31T18:21:17Z,-107
3914a31c587f0090d3fa33ffc0e20d8c98208ac7e2a63abf5b0dae856bcaf132,TOW-BLR-003,2026-08-31T09:34:19Z,-54
62cba2b3558fe5db259bb5840cd24e7515734f8b42d6f0d656cd4e814e601c9b,TOW-BLR-002,2026-08-31T02:01:26Z,-100
5f73ad762d52353a3814d8344b8c3c3871dac373b2bd5d1d1021399309c4f409,TOW-BLR-003,2026-08-31T02:17:56Z,-84
c331a6b20a84257bab78df7177103605e5f668c2b4e8c00a9c44bc40b5ef93eb,TOW-BLR-003,2026-08-30T03:32:50Z,-92
30eee72284276f0a5044a80defca7a33cf9def9620a784c6cb88b0f812477240,TOW-BLR-005,2026-08-31T22:31:35Z,-51
226d8826c385168e16b0917b76aa9c3f9bd852ee5d6f16791734803b3fff2069,TOW-BLR-005,2026-08-30T14:06:47Z,-61
a84d124abd92dfd79e62cfbc455627dac349b078fdb26f691cbf968372549d77,TOW-BLR-002,2026-08-30T06:52:54Z,-72
ea65e1e9e85234a2d75d1068dcd45e323543e123130f0600ce591123eafc8600,TOW-BLR-002,2026-08-31T15:35:30Z,-90
d4d9b138de4939b5a64d664afbd8ffb6be0bb1d9157e5b907b48f4b8b7fb5816,TOW-BLR-003,2026-08-30T21:55:24Z,-93
e01d811a79fc578af3d4139e61bb2d3e543e3069a4328eddce1bac46495508f1,TOW-BLR-003,2026-08-30T06:58:42Z,-76
c1f42731b9907abe4e81947ee7799751d8ecf8eca65cdf787ee9db2935d743cc,TOW-BLR-003,2026-08-30T10:27:54Z,-110
c89efbb027c12f4b909983c4355aec7fcd703fe6189044ce7d0594af3eb770d4,TOW-BLR-005,2026-08-30T20:29:31Z,-87
c29f10eeeac39ff9da13cd1771e7013daa37b6f9553618953e642c0193b1105d,TOW-BLR-004,2026-08-31T06:00:01Z,-89
b9aa81e06c478c08898599cee4ef2f84fad944b430a6970a238f03f220edbd26,TOW-BLR-002,2026-08-30T07:27:28Z,-97
b81ed4ffe6a708d799c3f4f207982b64479e2e81b941b8534a79f725fe6ed2e8,TOW-BLR-005,2026-08-30T16:06:03Z,-57
61ff510fc7c8d0f3edfbf2e3d961cccbeb1d1f5266d5d648980b41c13d7a2ab5,TOW-BLR-005,2026-08-31T20:40:06Z,-66
6f69d588e0a357f690fe95f6b229ebae3116d34f1e5fdead5d1157845ba5d384,TOW-BLR-005,2026-08-31T14:44:45Z,-65
e6951d6c5a3a48fb67ac2286e053646bf0df327033541b173b88a0e682170299,TOW-BLR-001,2026-08-31T06:23:24Z,-81
91692116b5a4bef93f0ce15b1c0fc9ceabdf7d6317836432ce60fdb60300aa5e,TOW-BLR-001,2026-08-30T08:29:16Z,-58
210e5cb2855dfb9080fd95bf683a00dab57522ed81797bf9e43c65006061b3b2,TOW-BLR-001,2026-08-31T10:55:02Z,-88
44a2ab369bd48f9dade49e6155f2c1e151bcdc5051f2f956afa1431bb13f8be1,TOW-BLR-003,2026-08-30T10:07:21Z,-58
7c3444809193dd8892bd3d5406741e9e223bd5de3febc017ef431a8d712e364f,TOW-BLR-005,2026-08-31T14:05:33Z,-62
374990eb0fbeabeaa27b11dd595064faf7e817abd85676d2ccb3da4f44acbd11,TOW-BLR-003,2026-08-30T12:32:23Z,-65
4f972994f960f47d30723d1ce7f7ba4b4b54ef39b569eaec30e1bb2d411c90a7,TOW-BLR-001,2026-08-30T08:38:09Z,-96
1e153199ebee9124b76aeb29141d81316036069970aeaae21b359e771d49fbcd,TOW-BLR-002,2026-08-30T16:29:55Z,-91
1e153199ebee9124b76aeb29141d81316036069970aeaae21b359e771d49fbcd,TOW-BLR-002,2026-08-30T09:28:55Z,-105
ef381ec30b82913c60a6c06d3c429ef4f754d856719fe68096ff9c3cff940bfb,TOW-BLR-001,2026-08-30T05:39:37Z,-109
04a4b90e332aa366ee3ff9d9f986e3770ce54d4b0b50f60b8194bd7533083d47,TOW-BLR-004,2026-08-31T07:24:08Z,-108
33110e1e2edeb3a9f3e629796e97941741f999576247d8073ff1e272bed7fff4,TOW-BLR-001,2026-08-30T02:23:16Z,-60
1cb1be4b1497c4012d982486d14c4ff0b1955d00181b6d751e220ee7701403a8,TOW-BLR-005,2026-08-31T19:11:37Z,-107
fce13cdb8a85833a333ee4d1021160f2db2b97c0c5a8e7d11c78875fdaee8c50,TOW-BLR-001,2026-08-30T18:25:25Z,-108
e03084bd52a1de59f703c73a314b52bf9f7026848c2545312ce44ccc7b54e5d4,TOW-BLR-003,2026-08-30T00:44:52Z,-62
8679f0fa29e477d1def3ae9e208876db0be8ecedd590b3ba6c5ce9a1caeb22c7,TOW-BLR-001,2026-08-31T19:49:16Z,-97
e10363f8958cd2b611c6abe035c04cb016a3c8d51154f65f6932a5c26f9ea68c,TOW-BLR-002,2026-08-30T13:27:19Z,-68
763fd87be48fc3c8c3709f9544d328717bb1ddb9678344ebbda99fadce1b5355,TOW-BLR-001,2026-08-30T06:36:37Z,-101
62bd82e922a8ec6730fed1035ea57162649ffbf5882baf6115b56d0c3c8ff6df,TOW-BLR-003,2026-08-31T18:12:58Z,-88
1f79de33c2108975365a7031a039f6022577be75a0a004d91eefb2973f386493,TOW-BLR-002,2026-08-31T12:27:18Z,-61
a91a9ad7f674f50c12821a23db77ab9fec0f3a5f7846ac3a035639fd74c19c5b,TOW-BLR-005,2026-08-30T17:36:32Z,-78
5d293bef5865f720e15fe72cf657194b15cc78aa4780739303867f9c2280f8e5,TOW-BLR-001,2026-08-30T07:12:59Z,-58
c1f42731b9907abe4e81947ee7799751d8ecf8eca65cdf787ee9db2935d743cc,TOW-BLR-001,2026-08-31T14:30:31Z,-97
c2e085ff3106211c72863a7a99360642c5170eadd9a22346a895f4cec806fc92,TOW-BLR-002,2026-08-30T20:31:27Z,-100
528f9d1c169746b6a29d77cb1f91df1f22d5e7bcf1e58a917a90e4f6a52df000,TOW-BLR-005,2026-08-30T00:18:54Z,-64
a4488d9cbf53e318e7cd9beaf8a5512f8b50d81b4edfc6b0affdc8a4b4cbb2ba,TOW-BLR-002,2026-08-31T12:42:51Z,-56
dd7bd4bcfc023cea77828a9d4467d55ac276d5425902f5552381e6e0f98bce8c,TOW-BLR-004,2026-08-31T02:41:06Z,-66
e10363f8958cd2b611c6abe035c04cb016a3c8d51154f65f6932a5c26f9ea68c,TOW-BLR-002,2026-08-31T08:00:55Z,-67
e747d03e9c44baba2eb35f2a03b141dc9fb150e979435990e40d4d2588df5cb3,TOW-BLR-001,2026-08-30T13:10:08Z,-57
1f79de33c2108975365a7031a039f6022577be75a0a004d91eefb2973f386493,TOW-BLR-004,2026-08-31T06:52:53Z,-97
28bce8f903d29d7ffd117da4022d6a8f445c0bb61d25d9b3130bfc6b7f07a0b9,TOW-BLR-002,2026-08-31T05:40:44Z,-103
eebec9b0998a8822dbdf98d57efcfbf13e2008e9a7afd4def57a07fc3a7db792,TOW-BLR-003,2026-08-30T09:00:05Z,-81
a306962ddc4e800a51d884da9e7e0bd2fa08b534c8773d2cdbf06790da9fa65d,TOW-BLR-005,2026-08-30T09:53:48Z,-79
514d2ff67276c76ac8d5d761b8f652d553d046582e35c06ca92e32f042d20fd7,TOW-BLR-003,2026-08-30T20:59:28Z,-75
0f8c011e3f0544059dbe2826c17ede5deba80e3c137a94288dfb04b168dcdace,TOW-BLR-001,2026-08-30T05:59:20Z,-90
8db711f1e9c56e3ec7d23fcbbb50874c31595217047cef55c4464670811dea54,TOW-BLR-001,2026-08-31T04:01:08Z,-92
664899f7580500b65ee3fb2b483121846c0c74a9d8f1124ee5067346bfc951ce,TOW-BLR-005,2026-08-30T22:43:10Z,-67
438def5eabfbb68a3b92db643ef7878613bbc2faa66a7a86b4eba14d00bd1745,TOW-BLR-004,2026-08-30T16:26:51Z,-75
2f629a39127a6e00c862dfee8033366a17e57c8a3efe74a4b98d68e02917fb8c,TOW-BLR-003,2026-08-31T07:09:47Z,-98
a47f789aa388687028705b7f2d4547d8000047bb5ec34c7b31f59fa3ab8539a6,TOW-BLR-001,2026-08-31T10:38:15Z,-50
eac5c4fa0df8925ed6a6c3b93119a5d12212c8ad8c8089cc8abcb4c68da216f1,TOW-BLR-003,2026-08-30T13:03:21Z,-110
0162aa00917191d22e2948a923eeba8b3127e99535ef6f6cce59372f46292cd2,TOW-BLR-004,2026-08-30T07:39:30Z,-85
623458811301a7a083ae0d7176fbf402b21877cf81552b4001e222a9f3a990c3,TOW-BLR-005,2026-08-31T23:57:14Z,-67
01d3d1ae9ffe5b587f8d18acb10f48bdc9446b971dba998f10683223125fde60,TOW-BLR-001,2026-08-30T10:26:22Z,-85
cfee4531556fc23e554d508217c12c722036af0deea68f1f7100d32fff96f111,TOW-BLR-005,2026-08-30T07:24:25Z,-63
aa44ba1bb9a6b63cc60a0ae6dbcfc2e798000a2af3ce5e5e3d0803a679875a60,TOW-BLR-002,2026-08-30T04:42:43Z,-87
438def5eabfbb68a3b92db643ef7878613bbc2faa66a7a86b4eba14d00bd1745,TOW-BLR-002,2026-08-31T00:39:30Z,-98
a3f6c75cff3ad8beec20e1a0aa71d3f22deffc01ca147e447f33652b2a71efae,TOW-BLR-004,2026-08-30T08:56:21Z,-96
a63f135b6223cee83a6aec5fa5b330aa5bee7f690ed3de3fc0b1541db348bac9,TOW-BLR-004,2026-08-31T12:20:38Z,-93
514d2ff67276c76ac8d5d761b8f652d553d046582e35c06ca92e32f042d20fd7,TOW-BLR-005,2026-08-31T19:13:41Z,-93
614876d3edf5128ba4d3d15fc68c5a62a99dc6e8d5ecebfdb5f15ea2eaf97dae,TOW-BLR-004,2026-08-31T01:55:48Z,-80
71545b7cc76f2b684ffbd6fa39c0b37a3cebb903f1ae21d330405c6a682803ab,TOW-BLR-005,2026-08-31T05:27:02Z,-79
7a055fdd3bd61d3427439dba09a185a5bb286f6a7354ca8b9faac95268f96bf7,TOW-BLR-003,2026-08-30T10:43:53Z,-61
664899f7580500b65ee3fb2b483121846c0c74a9d8f1124ee5067346bfc951ce,TOW-BLR-001,2026-08-30T08:53:51Z,-94
cc6b3763e91ab45f13b630b1f96b0fac36879a3f0509992d02f2d39a5d256429,TOW-BLR-004,2026-08-30T16:48:28Z,-70
9ba90f668aca95ce3bca5da8ca344e5e8f19a61ad84a6b76b5363cb4bae36980,TOW-BLR-002,2026-08-30T02:09:51Z,-104
2d895a911f5789f518089b46011e7e6e61c0baf1b0808c4cc511b1f00ac3c55b,TOW-BLR-001,2026-08-30T04:58:05Z,-79
eac5c4fa0df8925ed6a6c3b93119a5d12212c8ad8c8089cc8abcb4c68da216f1,TOW-BLR-001,2026-08-30T13:02:28Z,-86
a6b9b064c298e3a2b3f93834e33675a4415900230ca5a96e1e9963baafbf4749,TOW-BLR-003,2026-08-30T11:07:18Z,-91
ee7e18675c2c64ba9da01d4ead0588b4e15751d9557b30d41a89ac44de6b3db3,TOW-BLR-005,2026-08-30T07:00:53Z,-62
226d8826c385168e16b0917b76aa9c3f9bd852ee5d6f16791734803b3fff2069,TOW-BLR-005,2026-08-31T11:50:24Z,-60
e27215f8478b1d5961a5e2f91bcfe38158ec069c264a9840541ede499ddff6d0,TOW-BLR-002,2026-08-30T21:22:35Z,-68
3404f57309d8e1f7c2250dc78541765cf40b63416cdb7e032ad5ca046e930e24,TOW-BLR-004,2026-08-31T12:45:28Z,-94
cfc82faf09a6dc9b02ed746351fd4a85e0d59c3f2a8388a385cbda411989d9c8,TOW-BLR-003,2026-08-31T15:21:36Z,-76
e514f926f417d960da222d7a1c16d5b31d7dfc71fa5140f104670febd095e2c6,TOW-BLR-001,2026-08-31T07:20:28Z,-54
91692116b5a4bef93f0ce15b1c0fc9ceabdf7d6317836432ce60fdb60300aa5e,TOW-BLR-001,2026-08-31T03:56:06Z,-82
f09defae43936bc24acfcb7f14509d12080824d2ab52b46e006c57e20408aa08,TOW-BLR-004,2026-08-31T08:13:33Z,-81
ca9fb60d20be57a8aa44f49c9edb466c3cba0cff3de897735d88c52ff4d0dd37,TOW-BLR-001,2026-08-30T12:52:45Z,-75
1cb1be4b1497c4012d982486d14c4ff0b1955d00181b6d751e220ee7701403a8,TOW-BLR-003,2026-08-30T11:57:09Z,-79
2dad7dd62b009098dd3015775fa21a10553632e72f58bf7c8d4349688e85edb7,TOW-BLR-002,2026-08-30T22:45:09Z,-65
e99755126b8fe02eb8684b0457fda5f975195b5929e9f034c715e1ea8947715c,TOW-BLR-004,2026-08-30T07:57:53Z,-74
0162aa00917191d22e2948a923eeba8b3127e99535ef6f6cce59372f46292cd2,TOW-BLR-004,2026-08-31T16:19:31Z,-67
cfc82faf09a6dc9b02ed746351fd4a85e0d59c3f2a8388a385cbda411989d9c8,TOW-BLR-005,2026-08-31T10:12:40Z,-80
070f49e260bfad8f443dd7b6c77454a5ea3a32ddb069aa900164197386693a9f,TOW-BLR-002,2026-08-31T12:53:44Z,-107
07fc1543a0144268c02a1425909a6de96563c05d53b9243010e4c943d0e28120,TOW-BLR-003,2026-08-31T12:01:20Z,-73
374990eb0fbeabeaa27b11dd595064faf7e817abd85676d2ccb3da4f44acbd11,TOW-BLR-004,2026-08-31T20:55:27Z,-67
1f79de33c2108975365a7031a039f6022577be75a0a004d91eefb2973f386493,TOW-BLR-003,2026-08-30T23:20:12Z,-107
3d7121e5d2a5cd54446be0380d569da6dbcb6d7fd71e425f23cf8b5727e0efe8,TOW-BLR-005,2026-08-30T03:17:07Z,-102
a63f135b6223cee83a6aec5fa5b330aa5bee7f690ed3de3fc0b1541db348bac9,TOW-BLR-003,2026-08-31T01:24:15Z,-59
ceb92794371376cce497c125e1859d5da18956b33da07f06cae159d1cb60eeb6,TOW-BLR-005,2026-08-30T01:57:31Z,-62
cf9a64034bf82b056285e0b549e1caf83662ca4ab5f274ced8a32dd562615769,TOW-BLR-003,2026-08-31T03:42:45Z,-104
bfea41177792521cca94d1ee5637e5b077cf5b0d4a50e5861d4fd514573f7464,TOW-BLR-003,2026-08-31T02:01:21Z,-84
763fd87be48fc3c8c3709f9544d328717bb1ddb9678344ebbda99fadce1b5355,TOW-BLR-001,2026-08-30T17:47:03Z,-95
fb508c4e8555e74ffb3890a20561ff7143dfac94aa360aae5d4b2be53a7da02c,TOW-BLR-003,2026-08-31T19:08:48Z,-105
2c81ff0b42af0ac31a2c1bb6367fe9c71a4db98f91ee9dd8dae0d9952724a68b,TOW-BLR-001,2026-08-30T22:12:10Z,-103
0928f1fd5b5c226c90dc8dfdbecaec4df23667879d91b0de73c8a659b3b51c9d,TOW-BLR-002,2026-08-30T01:26:07Z,-76
2e5363d57be11745b6badea9f90e0d46330f696bd5b930c72e77374c42069361,TOW-BLR-001,2026-08-31T09:33:44Z,-68
b7b24c21128514aa97ef1bd367e3106c0bb05ab8a08d86f1354babd21669850c,TOW-BLR-004,2026-08-31T17:21:50Z,-78
528f9d1c169746b6a29d77cb1f91df1f22d5e7bcf1e58a917a90e4f6a52df000,TOW-BLR-004,2026-08-30T19:24:52Z,-109
cc6a64b393383a4ba1bb601bcf6b3acfae97f5d200518ae28211fdfde0f911f2,TOW-BLR-004,2026-08-31T18:48:57Z,-109
541b2920d264e79295106f9481dd0b84153d03d56baa980f48caacdedab79cfe,TOW-BLR-004,2026-08-31T17:31:54Z,-86
1dd27686432c1e2abfc90dd1bd07a714be564682b0b19015c4da9517d8fb08ce,TOW-BLR-005,2026-08-30T07:06:58Z,-59
cc6b3763e91ab45f13b630b1f96b0fac36879a3f0509992d02f2d39a5d256429,TOW-BLR-001,2026-08-30T14:59:37Z,-89
3404f57309d8e1f7c2250dc78541765cf40b63416cdb7e032ad5ca046e930e24,TOW-BLR-005,2026-08-31T00:43:28Z,-100
41e7a957c31f1cfac990f14b9802f83af2b2ddbf12f52ea52b7c072dee84689b,TOW-BLR-003,2026-08-31T02:27:25Z,-83
5f789fd2c5836252cc417e4829879fb15a3dc5b35c4ee49f7f2be52647303570,TOW-BLR-004,2026-08-31T22:16:17Z,-56
438def5eabfbb68a3b92db643ef7878613bbc2faa66a7a86b4eba14d00bd1745,TOW-BLR-001,2026-08-31T15:01:05Z,-97
e53081484a5eb1c0f5f73ecf0cd933511de4c4ffc753f057daa54f7c32018d01,TOW-BLR-003,2026-08-30T03:27:40Z,-91
542bb7beec17cd7c80e6c9881ec3337cd1aea378ad6dc96ae9e9de99694a2906,TOW-BLR-004,2026-08-30T16:26:54Z,-71
1b8e2f4669c49257fcbc07db82dff985ebdcea2645c6b93aca03046d5731472a,TOW-BLR-001,2026-08-31T18:06:09Z,-104
071d0773364cfafd218f4938d448a477fb5fc70a27fe41d917e1c8213472908e,TOW-BLR-003,2026-08-30T19:54:20Z,-106
5d293bef5865f720e15fe72cf657194b15cc78aa4780739303867f9c2280f8e5,TOW-BLR-005,2026-08-31T10:36:28Z,-83
e4e172eaeda63c2c9e8570d599346aca08ee96cdf2e322654453e0a15a2c30cd,TOW-BLR-003,2026-08-30T05:34:56Z,-69
58a6e3dc4206df0cba91aa32a701bea7293f9d9e17d386b2f2b0411cc01d9720,TOW-BLR-003,2026-08-31T12:44:48Z,-59
67f8aaafd23c1ac8be42715dbd8dcd8206070aaa4abe91897ec5c55283c6408e,TOW-BLR-004,2026-08-31T15:19:04Z,-90
5f789fd2c5836252cc417e4829879fb15a3dc5b35c4ee49f7f2be52647303570,TOW-BLR-004,2026-08-31T05:17:40Z,-94
ee7e18675c2c64ba9da01d4ead0588b4e15751d9557b30d41a89ac44de6b3db3,TOW-BLR-005,2026-08-31T09:00:11Z,-68
514d2ff67276c76ac8d5d761b8f652d553d046582e35c06ca92e32f042d20fd7,TOW-BLR-005,2026-08-30T13:09:03Z,-54
e514f926f417d960da222d7a1c16d5b31d7dfc71fa5140f104670febd095e2c6,TOW-BLR-005,2026-08-30T13:35:00Z,-74
3404f57309d8e1f7c2250dc78541765cf40b63416cdb7e032ad5ca046e930e24,TOW-BLR-002,2026-08-31T10:01:38Z,-93
4a963e06b1fc70d0275420de2b12ed9ca98f83e89daa42cb95678b2dd0d555dd,TOW-BLR-005,2026-08-31T20:44:27Z,-56
241f4bcd27c2cbf458ad7db886b03a52f063f0acae2773adeb9c65f1a5cb3050,TOW-BLR-004,2026-08-31T17:13:24Z,-64
a84d124abd92dfd79e62cfbc455627dac349b078fdb26f691cbf968372549d77,TOW-BLR-001,2026-08-31T14:01:49Z,-98
c560197b9883fc6dc7bc02134561f285436b6ef7c206d7b6feace00057691273,TOW-BLR-004,2026-08-30T10:45:30Z,-95
3108f70e3438057186993335f56bd6c6d9ffe0a74ee099c8be28fdfc35c97a2c,TOW-BLR-003,2026-08-31T07:42:14Z,-84
541b2920d264e79295106f9481dd0b84153d03d56baa980f48caacdedab79cfe,TOW-BLR-001,2026-08-31T22:09:40Z,-97
62bd82e922a8ec6730fed1035ea57162649ffbf5882baf6115b56d0c3c8ff6df,TOW-BLR-004,2026-08-30T19:26:15Z,-58
e53081484a5eb1c0f5f73ecf0cd933511de4c4ffc753f057daa54f7c32018d01,TOW-BLR-002,2026-08-30T18:40:25Z,-67
f8a59b7cf1ffeefddb4cad82da9fb10563f4d8deb34e9d00533fcc65b639ddc9,TOW-BLR-002,2026-08-31T05:33:15Z,-95
a5c9577bb5af38d2ff8147936b242dad7800fc3f454896fb7b89c9679241b18b,TOW-BLR-002,2026-08-30T13:58:29Z,-109
faf4897f37a82eaf9e8cb074678fdf8a3179b6174545b37131e9854d06b84f6a,TOW-BLR-003,2026-08-31T09:47:56Z,-79
070f49e260bfad8f443dd7b6c77454a5ea3a32ddb069aa900164197386693a9f,TOW-BLR-004,2026-08-31T06:43:49Z,-69
6c80697a257233c38023ce9e735e10c89e76b5d5fb9e63a1b96a8ac89bc49c67,TOW-BLR-001,2026-08-30T14:42:30Z,-100
6462b2c251ec37a5786c7556a054354f7b7ccc68c7231ead15389dfb39f86d1f,TOW-BLR-002,2026-08-30T02:07:19Z,-94
0c464a077072f36c3a1a180c5de7f5080817e7377fbe2dc5b1677c3adebac752,TOW-BLR-003,2026-08-31T23:57:46Z,-75
645cb5ae33ecbf471ebf101aef4c781e2f0b1a50c071ca9ee7ae5ce4e8f430b8,TOW-BLR-001,2026-08-31T11:22:40Z,-60
bdc3ac20257eed8311edda7e668474d29467a33bcdc30a5ac7180a038097af23,TOW-BLR-001,2026-08-30T06:06:41Z,-90
a6b9b064c298e3a2b3f93834e33675a4415900230ca5a96e1e9963baafbf4749,TOW-BLR-003,2026-08-30T04:37:47Z,-53
3f24dc89df996ef63c8289393b934feed72d9dbb13a7e4e2180dcd25f0f50391,TOW-BLR-004,2026-08-31T02:27:52Z,-68
1cb1be4b1497c4012d982486d14c4ff0b1955d00181b6d751e220ee7701403a8,TOW-BLR-001,2026-08-31T04:54:03Z,-50
a63f135b6223cee83a6aec5fa5b330aa5bee7f690ed3de3fc0b1541db348bac9,TOW-BLR-002,2026-08-30T17:11:16Z,-103
542bb7beec17cd7c80e6c9881ec3337cd1aea378ad6dc96ae9e9de99694a2906,TOW-BLR-005,2026-08-30T08:47:05Z,-77
71545b7cc76f2b684ffbd6fa39c0b37a3cebb903f1ae21d330405c6a682803ab,TOW-BLR-005,2026-08-31T14:14:53Z,-94
3404f57309d8e1f7c2250dc78541765cf40b63416cdb7e032ad5ca046e930e24,TOW-BLR-001,2026-08-30T17:20:10Z,-72
ac4d86152237babe16e522e0f80f243fccc135f73a43438fda309a2c79d06c46,TOW-BLR-003,2026-08-30T23:58:40Z,-57
c470b561344b949646b98c67f87afddd34b5985b84d8505eb64e1296d27ed7e2,TOW-BLR-004,2026-08-30T17:10:49Z,-51
ef381ec30b82913c60a6c06d3c429ef4f754d856719fe68096ff9c3cff940bfb,TOW-BLR-002,2026-08-30T10:30:21Z,-104
994c4489211698bbcf023b39117e68fd91ff40b8de92e6790b5866888fe1e03e,TOW-BLR-002,2026-08-30T19:59:30Z,-82
2f629a39127a6e00c862dfee8033366a17e57c8a3efe74a4b98d68e02917fb8c,TOW-BLR-003,2026-08-31T18:55:28Z,-107
cc6b3763e91ab45f13b630b1f96b0fac36879a3f0509992d02f2d39a5d256429,TOW-BLR-005,2026-08-31T03:17:06Z,-66
e1c50c60bd295187ed76df05350c2f8dda62be7db7100c9502d042ecb0647bea,TOW-BLR-001,2026-08-30T23:02:45Z,-76
ef381ec30b82913c60a6c06d3c429ef4f754d856719fe68096ff9c3cff940bfb,TOW-BLR-004,2026-08-30T17:56:18Z,-93
0914bcb9c4e6585bba37c48570774e86f8d87ff884fede75c8d19d9c85ccb3ed,TOW-BLR-002,2026-08-31T02:25:57Z,-80
c2e085ff3106211c72863a7a99360642c5170eadd9a22346a895f4cec806fc92,TOW-BLR-003,2026-08-30T22:26:25Z,-109
75211b3edf6cbfd2bb503506dc3c73550c9179fda0a8f45f75153f013d13c222,TOW-BLR-005,2026-08-30T02:32:05Z,-57
ceb92794371376cce497c125e1859d5da18956b33da07f06cae159d1cb60eeb6,TOW-BLR-001,2026-08-30T17:27:09Z,-94
e6951d6c5a3a48fb67ac2286e053646bf0df327033541b173b88a0e682170299,TOW-BLR-004,2026-08-30T22:31:12Z,-70
e747d03e9c44baba2eb35f2a03b141dc9fb150e979435990e40d4d2588df5cb3,TOW-BLR-003,2026-08-30T08:53:15Z,-76
b7b24c21128514aa97ef1bd367e3106c0bb05ab8a08d86f1354babd21669850c,TOW-BLR-002,2026-08-31T08:12:53Z,-86
906a0bc76e88bfe2444e9d7e957f0bb1d037f9869c84ba6e88b051c6053a31dc,TOW-BLR-004,2026-08-30T18:36:26Z,-91
63e057fde085f12ed5175da4bedf4ca9b785b50614b0d21a48adcd1cd457483f,TOW-BLR-002,2026-08-30T21:39:27Z,-97
dba1521b6091cf64b9de658c2f1eb1ce93fc8d45c84778661bf95cff148582e0,TOW-BLR-002,2026-08-31T07:57:20Z,-70
541b2920d264e79295106f9481dd0b84153d03d56baa980f48caacdedab79cfe,TOW-BLR-004,2026-08-30T02:28:01Z,-93
b7b24c21128514aa97ef1bd367e3106c0bb05ab8a08d86f1354babd21669850c,TOW-BLR-001,2026-08-31T11:48:14Z,-80
2d895a911f5789f518089b46011e7e6e61c0baf1b0808c4cc511b1f00ac3c55b,TOW-BLR-004,2026-08-31T00:13:41Z,-65
ef381ec30b82913c60a6c06d3c429ef4f754d856719fe68096ff9c3cff940bfb,TOW-BLR-001,2026-08-30T11:40:33Z,-66
26bcfd2aa62a45e60890296e7920204fd45fec2c9f05e144b2aab10bb457ecec,TOW-BLR-005,2026-08-30T04:49:57Z,-88
b9f0f673df45e56702a2054de2329aefb3b6c6fd3ef2940d6ea1133b7f7baa67,TOW-BLR-005,2026-08-31T15:53:03Z,-63
2e5363d57be11745b6badea9f90e0d46330f696bd5b930c72e77374c42069361,TOW-BLR-004,2026-08-30T01:59:29Z,-62
5f73ad762d52353a3814d8344b8c3c3871dac373b2bd5d1d1021399309c4f409,TOW-BLR-002,2026-08-31T21:53:11Z,-82
0c464a077072f36c3a1a180c5de7f5080817e7377fbe2dc5b1677c3adebac752,TOW-BLR-002,2026-08-30T00:13:26Z,-85
5f789fd2c5836252cc417e4829879fb15a3dc5b35c4ee49f7f2be52647303570,TOW-BLR-003,2026-08-30T22:50:40Z,-74
01d3d1ae9ffe5b587f8d18acb10f48bdc9446b971dba998f10683223125fde60,TOW-BLR-001,2026-08-30T11:29:32Z,-95
0418b6bf59aaf6300e9694a040b9ce90c99c0d7ea12dd91359575e72f42b58e3,TOW-BLR-002,2026-08-31T19:15:17Z,-67
3b107bed1c6ac71d80856e656952a83c8b5583e3c4f3b453df0c29d234693f08,TOW-BLR-003,2026-08-31T08:52:35Z,-80
d4d9b138de4939b5a64d664afbd8ffb6be0bb1d9157e5b907b48f4b8b7fb5816,TOW-BLR-002,2026-08-30T18:58:55Z,-99
e01d811a79fc578af3d4139e61bb2d3e543e3069a4328eddce1bac46495508f1,TOW-BLR-005,2026-08-30T23:51:13Z,-59
41cfb62dc545f52a623ca34ff6274e78e3c806640f9c315637adf5a9f9fca5d1,TOW-BLR-002,2026-08-30T06:08:44Z,-84
d427539d777d7e1658638290cb9fab436f06cc47d74eaa6fe686b199b2b20b25,TOW-BLR-002,2026-08-31T04:39:12Z,-54
41fb42693e5559e4b7fd8d6cb4b0bbe89b98897c4d2fb30dd85c32276f044277,TOW-BLR-005,2026-08-30T16:20:47Z,-109
e1c50c60bd295187ed76df05350c2f8dda62be7db7100c9502d042ecb0647bea,TOW-BLR-001,2026-08-31T16:40:15Z,-69
c8f37c395bad9f7984fa2958e584e0d57d3985a86ed5df2571f601b435eeb661,TOW-BLR-002,2026-08-30T06:28:44Z,-81
33110e1e2edeb3a9f3e629796e97941741f999576247d8073ff1e272bed7fff4,TOW-BLR-003,2026-08-30T12:17:18Z,-107
cfee4531556fc23e554d508217c12c722036af0deea68f1f7100d32fff96f111,TOW-BLR-005,2026-08-31T07:13:54Z,-72
26bcfd2aa62a45e60890296e7920204fd45fec2c9f05e144b2aab10bb457ecec,TOW-BLR-002,2026-08-30T06:29:06Z,-87
991ad61e050c36e38ee2d725869c32a32440da474d0e54c5f1ed130a6f1ecfe5,TOW-BLR-005,2026-08-30T08:32:42Z,-110
c2e085ff3106211c72863a7a99360642c5170eadd9a22346a895f4cec806fc92,TOW-BLR-005,2026-08-31T07:41:14Z,-61
b9aa81e06c478c08898599cee4ef2f84fad944b430a6970a238f03f220edbd26,TOW-BLR-004,2026-08-31T11:58:58Z,-103
367c904c22b232e98be959f9aa1f1fe766a88044d97e83bb2cb2b458e7c9235d,TOW-BLR-002,2026-08-30T13:52:30Z,-50
dba1521b6091cf64b9de658c2f1eb1ce93fc8d45c84778661bf95cff148582e0,TOW-BLR-003,2026-08-30T20:58:07Z,-63
8db711f1e9c56e3ec7d23fcbbb50874c31595217047cef55c4464670811dea54,TOW-BLR-004,2026-08-30T09:28:50Z,-83
a47f789aa388687028705b7f2d4547d8000047bb5ec34c7b31f59fa3ab8539a6,TOW-BLR-002,2026-08-31T19:41:48Z,-97
58a6e3dc4206df0cba91aa32a701bea7293f9d9e17d386b2f2b0411cc01d9720,TOW-BLR-003,2026-08-30T13:47:20Z,-84
f075856bccab281555b78e7b9aa45224d7fdbb1b65f1be673de9702f53dbdc94,TOW-BLR-004,2026-08-30T10:37:38Z,-109
30eee72284276f0a5044a80defca7a33cf9def9620a784c6cb88b0f812477240,TOW-BLR-003,2026-08-30T17:08:51Z,-71
2774be5a56fcdf5d04f289fcca9eda5f3f2b4026f2ce4b5f2adf3bbac442febb,TOW-BLR-002,2026-08-31T02:54:58Z,-73
e01d811a79fc578af3d4139e61bb2d3e543e3069a4328eddce1bac46495508f1,TOW-BLR-004,2026-08-30T06:14:35Z,-110
fce13cdb8a85833a333ee4d1021160f2db2b97c0c5a8e7d11c78875fdaee8c50,TOW-BLR-002,2026-08-30T23:32:16Z,-66
da46c1b20bb0c378edcaee8832ed4f959a5ebdd74213d9ad63df0f498f6bd2b4,TOW-BLR-002,2026-08-31T03:55:31Z,-65
ef381ec30b82913c60a6c06d3c429ef4f754d856719fe68096ff9c3cff940bfb,TOW-BLR-005,2026-08-30T18:39:28Z,-106
8679f0fa29e477d1def3ae9e208876db0be8ecedd590b3ba6c5ce9a1caeb22c7,TOW-BLR-005,2026-08-30T04:16:41Z,-107
97368f3c02f48f75894e4de8193414fce44ead3ef4706afdcafa5d91758315d7,TOW-BLR-002,2026-08-31T10:17:32Z,-52
1f79de33c2108975365a7031a039f6022577be75a0a004d91eefb2973f386493,TOW-BLR-005,2026-08-31T19:33:42Z,-65
655badaedb0392e0426bcfed45623fff014b93f36c2bfbf9bff47b52c5b15140,TOW-BLR-001,2026-08-30T00:23:25Z,-94
74b278b09e7445e0d793bfc50d90bc456934a28ff41137b470d0b15f24cbc706,TOW-BLR-005,2026-08-31T03:44:20Z,-91
da46c1b20bb0c378edcaee8832ed4f959a5ebdd74213d9ad63df0f498f6bd2b4,TOW-BLR-003,2026-08-30T09:37:45Z,-53
070f49e260bfad8f443dd7b6c77454a5ea3a32ddb069aa900164197386693a9f,TOW-BLR-001,2026-08-31T18:16:11Z,-99
26bcfd2aa62a45e60890296e7920204fd45fec2c9f05e144b2aab10bb457ecec,TOW-BLR-002,2026-08-31T12:40:54Z,-79
626a8c724bbe99a359d58cf8b9793fc42a5ea2ccee33814a7d1e2410fe9aefa8,TOW-BLR-003,2026-08-31T10:05:05Z,-102
e742f7d717510b229a774a833b4b2c40258e2e69aad964973c15e5a973b3de65,TOW-BLR-003,2026-08-31T14:37:27Z,-83
e9024445f21f5d8c0dea88c26cf1d644e07bd5fb795be39b8b55c7ec859cee17,TOW-BLR-003,2026-08-30T08:30:29Z,-90
f639adcff8a55ba9d5eae8cb29118e2cf7a99cef509afa19f23e7c9e34413df7,TOW-BLR-002,2026-08-31T12:21:05Z,-55
438def5eabfbb68a3b92db643ef7878613bbc2faa66a7a86b4eba14d00bd1745,TOW-BLR-003,2026-08-31T02:15:27Z,-51
2dad7dd62b009098dd3015775fa21a10553632e72f58bf7c8d4349688e85edb7,TOW-BLR-003,2026-08-30T19:10:00Z,-71
6f69d588e0a357f690fe95f6b229ebae3116d34f1e5fdead5d1157845ba5d384,TOW-BLR-003,2026-08-31T13:38:41Z,-90
39fc2ded1476bc7aeb30d49ddc847faed054a01822a29d8cfcd965aadea576c3,TOW-BLR-002,2026-08-30T22:58:37Z,-63
cc6b3763e91ab45f13b630b1f96b0fac36879a3f0509992d02f2d39a5d256429,TOW-BLR-002,2026-08-31T16:27:46Z,-56
aa44ba1bb9a6b63cc60a0ae6dbcfc2e798000a2af3ce5e5e3d0803a679875a60,TOW-BLR-004,2026-08-30T03:52:31Z,-98
3108f70e3438057186993335f56bd6c6d9ffe0a74ee099c8be28fdfc35c97a2c,TOW-BLR-001,2026-08-30T16:44:16Z,-99
ca9fb60d20be57a8aa44f49c9edb466c3cba0cff3de897735d88c52ff4d0dd37,TOW-BLR-004,2026-08-30T18:56:56Z,-100
19655e9e203fc8dd4a2cb9c57c67a2bcb90bd417b22c2e9b970eab144ddae4eb,TOW-BLR-004,2026-08-31T07:46:47Z,-103
615d09c2e16982784eec18d1a485e4dfc8cb3a43bfafca019fdde222c11e4a25,TOW-BLR-004,2026-08-30T02:58:13Z,-82
1d8716c4dd38df6890b9e1881e03d3ea4f9f5acb6e7823dbdbcca7fd418f2e2f,TOW-BLR-005,2026-08-31T11:19:52Z,-81
8db711f1e9c56e3ec7d23fcbbb50874c31595217047cef55c4464670811dea54,TOW-BLR-001,2026-08-30T10:46:51Z,-103
763fd87be48fc3c8c3709f9544d328717bb1ddb9678344ebbda99fadce1b5355,TOW-BLR-001,2026-08-30T14:50:07Z,-55
41cfb62dc545f52a623ca34ff6274e78e3c806640f9c315637adf5a9f9fca5d1,TOW-BLR-002,2026-08-30T12:15:17Z,-63
7a055fdd3bd61d3427439dba09a185a5bb286f6a7354ca8b9faac95268f96bf7,TOW-BLR-003,2026-08-31T17:00:51Z,-53
749b8c6b6e329536c169d086aacabc027ba8ca8d5b21588417083626197c27be,TOW-BLR-005,2026-08-30T15:27:58Z,-73
374990eb0fbeabeaa27b11dd595064faf7e817abd85676d2ccb3da4f44acbd11,TOW-BLR-001,2026-08-31T14:18:11Z,-61
542bb7beec17cd7c80e6c9881ec3337cd1aea378ad6dc96ae9e9de99694a2906,TOW-BLR-002,2026-08-31T06:19:21Z,-52
226d8826c385168e16b0917b76aa9c3f9bd852ee5d6f16791734803b3fff2069,TOW-BLR-002,2026-08-31T12:16:16Z,-67
8679f0fa29e477d1def3ae9e208876db0be8ecedd590b3ba6c5ce9a1caeb22c7,TOW-BLR-003,2026-08-30T01:53:25Z,-92
27a9f6cf3e784af9957031dd7c4ea3328ee97a45e97e32dcc06d0e81de9a6a44,TOW-BLR-001,2026-08-31T04:42:09Z,-87
071d0773364cfafd218f4938d448a477fb5fc70a27fe41d917e1c8213472908e,TOW-BLR-001,2026-08-30T23:33:33Z,-101
3d7121e5d2a5cd54446be0380d569da6dbcb6d7fd71e425f23cf8b5727e0efe8,TOW-BLR-001,2026-08-31T09:30:47Z,-57
dd7bd4bcfc023cea77828a9d4467d55ac276d5425902f5552381e6e0f98bce8c,TOW-BLR-004,2026-08-31T09:03:47Z,-70
3f24dc89df996ef63c8289393b934feed72d9dbb13a7e4e2180dcd25f0f50391,TOW-BLR-003,2026-08-31T19:16:07Z,-68
c01a6992a61aa93d4e9d9f42d82df188c91b3e1f2d06f347a56337292c8a85a7,TOW-BLR-003,2026-08-30T03:11:34Z,-69
ee7e18675c2c64ba9da01d4ead0588b4e15751d9557b30d41a89ac44de6b3db3,TOW-BLR-004,2026-08-30T23:39:34Z,-50
9223f782eeb1eef2af92c9ef48f9e721834d0e8fbfef6fafe4c83c0c15b71264,TOW-BLR-005,2026-08-30T09:25:00Z,-97
dba1521b6091cf64b9de658c2f1eb1ce93fc8d45c84778661bf95cff148582e0,TOW-BLR-001,2026-08-31T22:52:07Z,-92
1dd27686432c1e2abfc90dd1bd07a714be564682b0b19015c4da9517d8fb08ce,TOW-BLR-001,2026-08-30T05:08:59Z,-75
8cfb6b888a7f0c057eb5a53552975702d7397eeecd4f696e49a7df9588c2e1f8,TOW-BLR-005,2026-08-31T03:46:19Z,-105
cfee4531556fc23e554d508217c12c722036af0deea68f1f7100d32fff96f111,TOW-BLR-003,2026-08-30T12:57:44Z,-95
12030bfb87a972728846acb9e72576256886534bdc90af27da64fc64607c03c5,TOW-BLR-004,2026-08-30T06:29:40Z,-109
1cb1a3f105243c12f43e49ea3b7f2a77275a1fbbb926af3b761ccc42bf7f8bbb,TOW-BLR-002,2026-08-30T11:51:53Z,-86
c29f10eeeac39ff9da13cd1771e7013daa37b6f9553618953e642c0193b1105d,TOW-BLR-004,2026-08-30T20:44:54Z,-69
ea65e1e9e85234a2d75d1068dcd45e323543e123130f0600ce591123eafc8600,TOW-BLR-002,2026-08-30T08:46:55Z,-91
cc6b3763e91ab45f13b630b1f96b0fac36879a3f0509992d02f2d39a5d256429,TOW-BLR-004,2026-08-30T22:34:51Z,-53
e01d811a79fc578af3d4139e61bb2d3e543e3069a4328eddce1bac46495508f1,TOW-BLR-005,2026-08-30T09:33:36Z,-88
71545b7cc76f2b684ffbd6fa39c0b37a3cebb903f1ae21d330405c6a682803ab,TOW-BLR-001,2026-08-31T02:45:26Z,-78
5f789fd2c5836252cc417e4829879fb15a3dc5b35c4ee49f7f2be52647303570,TOW-BLR-004,2026-08-31T08:26:10Z,-54
e99755126b8fe02eb8684b0457fda5f975195b5929e9f034c715e1ea8947715c,TOW-BLR-004,2026-08-30T19:33:00Z,-74
f8a59b7cf1ffeefddb4cad82da9fb10563f4d8deb34e9d00533fcc65b639ddc9,TOW-BLR-004,2026-08-30T06:34:11Z,-62
ef381ec30b82913c60a6c06d3c429ef4f754d856719fe68096ff9c3cff940bfb,TOW-BLR-003,2026-08-31T20:42:01Z,-99
39fc2ded1476bc7aeb30d49ddc847faed054a01822a29d8cfcd965aadea576c3,TOW-BLR-004,2026-08-30T06:46:05Z,-108
28bce8f903d29d7ffd117da4022d6a8f445c0bb61d25d9b3130bfc6b7f07a0b9,TOW-BLR-003,2026-08-31T09:45:10Z,-67
367c904c22b232e98be959f9aa1f1fe766a88044d97e83bb2cb2b458e7c9235d,TOW-BLR-002,2026-08-31T12:04:05Z,-77
060b7ff050c23cec2699264d708ce7f80a94f7fc3e40fab697cb72f0222421a9,TOW-BLR-005,2026-08-30T06:06:52Z,-92
e27215f8478b1d5961a5e2f91bcfe38158ec069c264a9840541ede499ddff6d0,TOW-BLR-004,2026-08-30T05:45:57Z,-52
bdd2bdbaf183327d7ca5b7121c51db5ae24f436a01a4db832ea4d719bbbe7733,TOW-BLR-004,2026-08-30T21:52:26Z,-101
1e153199ebee9124b76aeb29141d81316036069970aeaae21b359e771d49fbcd,TOW-BLR-003,2026-08-30T18:06:23Z,-77
bfea41177792521cca94d1ee5637e5b077cf5b0d4a50e5861d4fd514573f7464,TOW-BLR-003,2026-08-31T17:23:58Z,-107
e6951d6c5a3a48fb67ac2286e053646bf0df327033541b173b88a0e682170299,TOW-BLR-001,2026-08-30T03:17:01Z,-78
179b29b175854ddd9f2dd460353266387174d375bcf69481556bc9e55562f9f7,TOW-BLR-005,2026-08-31T06:56:28Z,-84
8679f0fa29e477d1def3ae9e208876db0be8ecedd590b3ba6c5ce9a1caeb22c7,TOW-BLR-004,2026-08-31T17:23:43Z,-58
e1666c1ff291b7c40b69df20c664fa769b46a15bdf7ad72bf1ffd72f63d51649,TOW-BLR-003,2026-08-30T18:33:30Z,-73
acc639aa3e154ebcb8bacfdda9c6cd45fc7fab52b0b141e2e9dcf2f2c3a30288,TOW-BLR-005,2026-08-30T01:11:04Z,-103
ceb92794371376cce497c125e1859d5da18956b33da07f06cae159d1cb60eeb6,TOW-BLR-004,2026-08-30T13:04:28Z,-60
f075856bccab281555b78e7b9aa45224d7fdbb1b65f1be673de9702f53dbdc94,TOW-BLR-004,2026-08-30T03:17:44Z,-105
b3e45428dce2593a6b83b43fff29c95eab50acb1cc55b2daeb176a2788b74766,TOW-BLR-003,2026-08-30T22:51:39Z,-73
bfc7e0570fc2fd1ef8e941c2837e63172945abb8d7e14746ca0f6e8ccdd960cf,TOW-BLR-004,2026-08-31T08:45:51Z,-71
9752b374a6dca9438cf640f07ee97b5e9219d13a25c503ca0931f630f408007f,TOW-BLR-003,2026-08-31T00:51:18Z,-52
d4d9b138de4939b5a64d664afbd8ffb6be0bb1d9157e5b907b48f4b8b7fb5816,TOW-BLR-002,2026-08-30T15:22:10Z,-99
acc639aa3e154ebcb8bacfdda9c6cd45fc7fab52b0b141e2e9dcf2f2c3a30288,TOW-BLR-005,2026-08-30T18:52:58Z,-55
0162aa00917191d22e2948a923eeba8b3127e99535ef6f6cce59372f46292cd2,TOW-BLR-001,2026-08-31T07:35:17Z,-76
e514f926f417d960da222d7a1c16d5b31d7dfc71fa5140f104670febd095e2c6,TOW-BLR-001,2026-08-31T04:45:29Z,-103
4ee1d1663fe1c8dba22aff6390d16ec929cd2c6dd08c33a43efdf55d10c2ed5b,TOW-BLR-002,2026-08-31T23:45:14Z,-80
1c23e30dc22cff7d9aa4539a48dbcbb7caf4fdaf6fa0021e39f2c045be36e658,TOW-BLR-004,2026-08-31T23:53:36Z,-63
a6b9b064c298e3a2b3f93834e33675a4415900230ca5a96e1e9963baafbf4749,TOW-BLR-004,2026-08-30T22:02:57Z,-71
e26e1dc5e2e6d643677fb2630c682cf53779acc7fd5096db87510ecaa28fc078,TOW-BLR-005,2026-08-31T02:16:02Z,-66
0162aa00917191d22e2948a923eeba8b3127e99535ef6f6cce59372f46292cd2,TOW-BLR-004,2026-08-30T22:02:19Z,-105
1e153199ebee9124b76aeb29141d81316036069970aeaae21b359e771d49fbcd,TOW-BLR-002,2026-08-30T01:00:37Z,-98
a306962ddc4e800a51d884da9e7e0bd2fa08b534c8773d2cdbf06790da9fa65d,TOW-BLR-001,2026-08-30T13:42:21Z,-56
716a50353041fe3e7931d2c7ec68810c83d45d3c42a529d39319d45cd8721518,TOW-BLR-002,2026-08-31T11:02:01Z,-69
3914a31c587f0090d3fa33ffc0e20d8c98208ac7e2a63abf5b0dae856bcaf132,TOW-BLR-002,2026-08-31T07:43:59Z,-57
a84d124abd92dfd79e62cfbc455627dac349b078fdb26f691cbf968372549d77,TOW-BLR-005,2026-08-30T13:54:07Z,-105
4f972994f960f47d30723d1ce7f7ba4b4b54ef39b569eaec30e1bb2d411c90a7,TOW-BLR-004,2026-08-30T10:47:20Z,-80
ef381ec30b82913c60a6c06d3c429ef4f754d856719fe68096ff9c3cff940bfb,TOW-BLR-001,2026-08-30T08:28:48Z,-100
6c80697a257233c38023ce9e735e10c89e76b5d5fb9e63a1b96a8ac89bc49c67,TOW-BLR-002,2026-08-31T08:25:23Z,-79
fce13cdb8a85833a333ee4d1021160f2db2b97c0c5a8e7d11c78875fdaee8c50,TOW-BLR-001,2026-08-31T08:43:57Z,-73
faf4897f37a82eaf9e8cb074678fdf8a3179b6174545b37131e9854d06b84f6a,TOW-BLR-002,2026-08-30T21:28:08Z,-74
6f69d588e0a357f690fe95f6b229ebae3116d34f1e5fdead5d1157845ba5d384,TOW-BLR-004,2026-08-30T03:42:28Z,-89
906a0bc76e88bfe2444e9d7e957f0bb1d037f9869c84ba6e88b051c6053a31dc,TOW-BLR-001,2026-08-31T21:54:18Z,-56
58c67f8ed21ef88fc36604b9c2852c28cd1a3a82f119db54c094ff2444e5899e,TOW-BLR-004,2026-08-31T06:16:09Z,-56
8db711f1e9c56e3ec7d23fcbbb50874c31595217047cef55c4464670811dea54,TOW-BLR-005,2026-08-31T19:23:15Z,-64
e6951d6c5a3a48fb67ac2286e053646bf0df327033541b173b88a0e682170299,TOW-BLR-003,2026-08-30T02:41:43Z,-79
cfee4531556fc23e554d508217c12c722036af0deea68f1f7100d32fff96f111,TOW-BLR-004,2026-08-31T13:22:53Z,-73
bfc7e0570fc2fd1ef8e941c2837e63172945abb8d7e14746ca0f6e8ccdd960cf,TOW-BLR-005,2026-08-31T11:31:40Z,-96
58c67f8ed21ef88fc36604b9c2852c28cd1a3a82f119db54c094ff2444e5899e,TOW-BLR-001,2026-08-31T14:28:12Z,-109
ef381ec30b82913c60a6c06d3c429ef4f754d856719fe68096ff9c3cff940bfb,TOW-BLR-005,2026-08-30T22:59:58Z,-75
e03084bd52a1de59f703c73a314b52bf9f7026848c2545312ce44ccc7b54e5d4,TOW-BLR-003,2026-08-31T23:12:28Z,-84
329ca6ac512e95d4428bdcfcc69d43ded1cd914a94127edefb12ad988ce7ef4b,TOW-BLR-004,2026-08-30T08:30:55Z,-79
ee7e18675c2c64ba9da01d4ead0588b4e15751d9557b30d41a89ac44de6b3db3,TOW-BLR-003,2026-08-31T08:38:45Z,-66
39fc2ded1476bc7aeb30d49ddc847faed054a01822a29d8cfcd965aadea576c3,TOW-BLR-001,2026-08-30T11:44:52Z,-92
bfc7e0570fc2fd1ef8e941c2837e63172945abb8d7e14746ca0f6e8ccdd960cf,TOW-BLR-002,2026-08-31T10:10:08Z,-88
623458811301a7a083ae0d7176fbf402b21877cf81552b4001e222a9f3a990c3,TOW-BLR-002,2026-08-31T12:57:53Z,-96
e10363f8958cd2b611c6abe035c04cb016a3c8d51154f65f6932a5c26f9ea68c,TOW-BLR-003,2026-08-31T19:50:36Z,-56
d41e30e0593ac284cad2c7c08569fbdad3dd2a63b3ed8a6bdb90b74b9290c16d,TOW-BLR-004,2026-08-30T09:33:02Z,-54
c14c122b7d80c0cadc54149e12c9e1f574f2499598653912351b2a668a0aba1d,TOW-BLR-004,2026-08-31T06:21:17Z,-57
3cee8dbbae85a1deabbf81ebce14a6aa0a7af01250985f09ec3de2f2bcc4b3b7,TOW-BLR-003,2026-08-31T10:23:37Z,-59
374990eb0fbeabeaa27b11dd595064faf7e817abd85676d2ccb3da4f44acbd11,TOW-BLR-002,2026-08-31T21:16:52Z,-97
41cfb62dc545f52a623ca34ff6274e78e3c806640f9c315637adf5a9f9fca5d1,TOW-BLR-001,2026-08-31T11:09:46Z,-102
994c4489211698bbcf023b39117e68fd91ff40b8de92e6790b5866888fe1e03e,TOW-BLR-002,2026-08-30T11:22:56Z,-72
cc6b3763e91ab45f13b630b1f96b0fac36879a3f0509992d02f2d39a5d256429,TOW-BLR-001,2026-08-31T06:17:27Z,-50
8db711f1e9c56e3ec7d23fcbbb50874c31595217047cef55c4464670811dea54,TOW-BLR-003,2026-08-30T17:05:30Z,-97
60343645662c2c85f86cac66661e9d01cc5ad029bcd47b7c444b994305467266,TOW-BLR-001,2026-08-30T01:19:12Z,-88
0914bcb9c4e6585bba37c48570774e86f8d87ff884fede75c8d19d9c85ccb3ed,TOW-BLR-003,2026-08-31T01:59:56Z,-67
9640ffa8fd3b6c05321013dd64ca4ba4bcd7e82047fb9c0c01f898481d00e72b,TOW-BLR-002,2026-08-31T12:39:43Z,-108
9752b374a6dca9438cf640f07ee97b5e9219d13a25c503ca0931f630f408007f,TOW-BLR-001,2026-08-31T00:35:35Z,-83
a5c9577bb5af38d2ff8147936b242dad7800fc3f454896fb7b89c9679241b18b,TOW-BLR-005,2026-08-30T16:30:25Z,-103
070f49e260bfad8f443dd7b6c77454a5ea3a32ddb069aa900164197386693a9f,TOW-BLR-002,2026-08-31T11:24:57Z,-94
9498ff38125320e825074439f94b75ab53790c8daa5aad105ebac0d34f2c212e,TOW-BLR-003,2026-08-30T03:23:55Z,-61
4e26399f07d5c3403b31e87dd87650d4abc371ed9d6089c9431eb9b401687ff8,TOW-BLR-005,2026-08-30T19:28:41Z,-53
3108f70e3438057186993335f56bd6c6d9ffe0a74ee099c8be28fdfc35c97a2c,TOW-BLR-005,2026-08-31T20:00:10Z,-68
774d203000b86f167d2636b3e581ecddd77c2e1843ee17aa0a70e6d8db614c2a,TOW-BLR-001,2026-08-31T07:52:53Z,-59
1c23e30dc22cff7d9aa4539a48dbcbb7caf4fdaf6fa0021e39f2c045be36e658,TOW-BLR-001,2026-08-30T07:42:38Z,-60
c8f37c395bad9f7984fa2958e584e0d57d3985a86ed5df2571f601b435eeb661,TOW-BLR-005,2026-08-30T07:25:04Z,-58
070f49e260bfad8f443dd7b6c77454a5ea3a32ddb069aa900164197386693a9f,TOW-BLR-001,2026-08-31T12:56:27Z,-104
4fbb32d4a24fe104c5dd461ac6280dbd58883363fbc54ce5080ba8175198cb11,TOW-BLR-001,2026-08-30T14:57:20Z,-52
dc73abbd70e6bdf2430496c0075788d1e3a0785579dbd18e7e606778ebd97d93,TOW-BLR-002,2026-08-30T21:16:18Z,-65
7c3444809193dd8892bd3d5406741e9e223bd5de3febc017ef431a8d712e364f,TOW-BLR-005,2026-08-31T12:17:30Z,-64
21308ebc339ed29ba2719c3421b30cf3d970d86d5452bf72124521884c6e130e,TOW-BLR-001,2026-08-30T11:14:07Z,-69
c560197b9883fc6dc7bc02134561f285436b6ef7c206d7b6feace00057691273,TOW-BLR-003,2026-08-30T10:01:56Z,-103
075c081e2edc77d960c5a77903c03dce2ff4a629cdac09a4bfc5c9be3eb03e12,TOW-BLR-002,2026-08-31T07:58:29Z,-84
241f4bcd27c2cbf458ad7db886b03a52f063f0acae2773adeb9c65f1a5cb3050,TOW-BLR-001,2026-08-30T17:51:48Z,-57
0381be7abc2a2e33ba7ed09549f3d24cf97c4515c755faf466999b9084c0c563,TOW-BLR-004,2026-08-31T00:51:15Z,-92
74b278b09e7445e0d793bfc50d90bc456934a28ff41137b470d0b15f24cbc706,TOW-BLR-002,2026-08-30T06:12:23Z,-93
db60cb3d3e926de5e1f1dc5ec39988132f99ed7cfdb2c75b0d98588d668e754a,TOW-BLR-004,2026-08-31T02:15:40Z,-70
71545b7cc76f2b684ffbd6fa39c0b37a3cebb903f1ae21d330405c6a682803ab,TOW-BLR-002,2026-08-30T11:02:23Z,-62
ea65e1e9e85234a2d75d1068dcd45e323543e123130f0600ce591123eafc8600,TOW-BLR-005,2026-08-31T06:42:31Z,-60
f2055c8b46b26b9a2e5732e9978e2bc147a79c229c37c88d62397440e84a9adc,TOW-BLR-002,2026-08-31T07:13:33Z,-84
b9aa81e06c478c08898599cee4ef2f84fad944b430a6970a238f03f220edbd26,TOW-BLR-004,2026-08-31T09:24:19Z,-50
1cb1a3f105243c12f43e49ea3b7f2a77275a1fbbb926af3b761ccc42bf7f8bbb,TOW-BLR-005,2026-08-31T02:20:36Z,-50
3d7121e5d2a5cd54446be0380d569da6dbcb6d7fd71e425f23cf8b5727e0efe8,TOW-BLR-004,2026-08-30T10:36:04Z,-61
906a0bc76e88bfe2444e9d7e957f0bb1d037f9869c84ba6e88b051c6053a31dc,TOW-BLR-005,2026-08-30T05:04:00Z,-105
0928f1fd5b5c226c90dc8dfdbecaec4df23667879d91b0de73c8a659b3b51c9d,TOW-BLR-003,2026-08-31T05:14:50Z,-61
4fbb32d4a24fe104c5dd461ac6280dbd58883363fbc54ce5080ba8175198cb11,TOW-BLR-004,2026-08-30T04:28:33Z,-85
eebec9b0998a8822dbdf98d57efcfbf13e2008e9a7afd4def57a07fc3a7db792,TOW-BLR-001,2026-08-31T22:42:36Z,-101
6c80697a257233c38023ce9e735e10c89e76b5d5fb9e63a1b96a8ac89bc49c67,TOW-BLR-005,2026-08-30T04:12:34Z,-70
58c67f8ed21ef88fc36604b9c2852c28cd1a3a82f119db54c094ff2444e5899e,TOW-BLR-005,2026-08-30T21:32:02Z,-84
cfee4531556fc23e554d508217c12c722036af0deea68f1f7100d32fff96f111,TOW-BLR-005,2026-08-30T22:09:36Z,-64
1b8e2f4669c49257fcbc07db82dff985ebdcea2645c6b93aca03046d5731472a,TOW-BLR-003,2026-08-31T01:03:38Z,-110
a555bd5f4da0fa7f434ab161a8964c5a8c7a727c3a05eda72767d5e76a703d7d,TOW-BLR-003,2026-08-31T14:25:57Z,-71
b9aa81e06c478c08898599cee4ef2f84fad944b430a6970a238f03f220edbd26,TOW-BLR-002,2026-08-31T05:24:49Z,-82
fee0cfa53d5328eeab6e9c98c28a9a57cd4de2a7597f9c83002a5b4141243e7d,TOW-BLR-002,2026-08-31T15:38:37Z,-71
cbf710d65baba3fa8d515be70761860ae0362217228a5b27e316882ce252c18d,TOW-BLR-005,2026-08-31T23:28:47Z,-82
cc6a64b393383a4ba1bb601bcf6b3acfae97f5d200518ae28211fdfde0f911f2,TOW-BLR-003,2026-08-31T23:14:27Z,-85
04a4b90e332aa366ee3ff9d9f986e3770ce54d4b0b50f60b8194bd7533083d47,TOW-BLR-002,2026-08-30T21:57:24Z,-105
ca9fb60d20be57a8aa44f49c9edb466c3cba0cff3de897735d88c52ff4d0dd37,TOW-BLR-005,2026-08-31T00:21:25Z,-86
bfc7e0570fc2fd1ef8e941c2837e63172945abb8d7e14746ca0f6e8ccdd960cf,TOW-BLR-002,2026-08-31T13:53:58Z,-76
41cfb62dc545f52a623ca34ff6274e78e3c806640f9c315637adf5a9f9fca5d1,TOW-BLR-002,2026-08-30T06:45:32Z,-78
e6951d6c5a3a48fb67ac2286e053646bf0df327033541b173b88a0e682170299,TOW-BLR-003,2026-08-31T13:57:45Z,-89
614876d3edf5128ba4d3d15fc68c5a62a99dc6e8d5ecebfdb5f15ea2eaf97dae,TOW-BLR-002,2026-08-30T01:42:19Z,-109
329ca6ac512e95d4428bdcfcc69d43ded1cd914a94127edefb12ad988ce7ef4b,TOW-BLR-005,2026-08-31T19:08:41Z,-94
5222bb3ec940ad667c5b6286ba827a586041bb986d577e580df048df81c002fe,TOW-BLR-003,2026-08-31T06:47:00Z,-78
a306962ddc4e800a51d884da9e7e0bd2fa08b534c8773d2cdbf06790da9fa65d,TOW-BLR-001,2026-08-31T03:09:34Z,-94
a84d124abd92dfd79e62cfbc455627dac349b078fdb26f691cbf968372549d77,TOW-BLR-005,2026-08-31T01:48:43Z,-103
06e2f299519cc999898b2f300730199ef511a5aecd416e005ef6eed49149b4b5,TOW-BLR-001,2026-08-31T08:40:33Z,-91
542bb7beec17cd7c80e6c9881ec3337cd1aea378ad6dc96ae9e9de99694a2906,TOW-BLR-001,2026-08-31T08:59:49Z,-89
fb508c4e8555e74ffb3890a20561ff7143dfac94aa360aae5d4b2be53a7da02c,TOW-BLR-005,2026-08-31T17:11:07Z,-65
cf9a64034bf82b056285e0b549e1caf83662ca4ab5f274ced8a32dd562615769,TOW-BLR-005,2026-08-31T19:21:59Z,-96
763fd87be48fc3c8c3709f9544d328717bb1ddb9678344ebbda99fadce1b5355,TOW-BLR-003,2026-08-30T20:43:09Z,-68
f278eae79a99880355e00f3a7b18d3230b4cf801de627669e85e616cfb853a31,TOW-BLR-005,2026-08-30T10:11:32Z,-65
41fb42693e5559e4b7fd8d6cb4b0bbe89b98897c4d2fb30dd85c32276f044277,TOW-BLR-005,2026-08-30T18:01:55Z,-104
2e5363d57be11745b6badea9f90e0d46330f696bd5b930c72e77374c42069361,TOW-BLR-005,2026-08-31T18:24:24Z,-98
58a6e3dc4206df0cba91aa32a701bea7293f9d9e17d386b2f2b0411cc01d9720,TOW-BLR-003,2026-08-31T09:04:54Z,-104
3914a31c587f0090d3fa33ffc0e20d8c98208ac7e2a63abf5b0dae856bcaf132,TOW-BLR-004,2026-08-31T06:00:17Z,-105
63e057fde085f12ed5175da4bedf4ca9b785b50614b0d21a48adcd1cd457483f,TOW-BLR-001,2026-08-31T06:56:21Z,-54
210e5cb2855dfb9080fd95bf683a00dab57522ed81797bf9e43c65006061b3b2,TOW-BLR-004,2026-08-30T15:38:24Z,-82
226d8826c385168e16b0917b76aa9c3f9bd852ee5d6f16791734803b3fff2069,TOW-BLR-003,2026-08-31T14:19:14Z,-85
e10363f8958cd2b611c6abe035c04cb016a3c8d51154f65f6932a5c26f9ea68c,TOW-BLR-005,2026-08-31T13:47:18Z,-61
da46c1b20bb0c378edcaee8832ed4f959a5ebdd74213d9ad63df0f498f6bd2b4,TOW-BLR-003,2026-08-31T18:32:51Z,-79
c331a6b20a84257bab78df7177103605e5f668c2b4e8c00a9c44bc40b5ef93eb,TOW-BLR-004,2026-08-31T08:02:44Z,-66
626a8c724bbe99a359d58cf8b9793fc42a5ea2ccee33814a7d1e2410fe9aefa8,TOW-BLR-004,2026-08-31T06:21:33Z,-58
406d6a732b582c4975f346fb213c5d688dba50d22ee577bd17cba7ea3d143772,TOW-BLR-002,2026-08-31T12:49:48Z,-102
3a1039a2cd5c4b081564377071a122e8f9564962f6ba00fd27656e45042c6349,TOW-BLR-004,2026-08-30T09:25:17Z,-65
28bce8f903d29d7ffd117da4022d6a8f445c0bb61d25d9b3130bfc6b7f07a0b9,TOW-BLR-005,2026-08-30T08:35:48Z,-66
cdd95be7efebbce1759b91fab7ca6127de9fb4230ad56f5dac8b8b7fff73d9db,TOW-BLR-004,2026-08-31T10:28:07Z,-108
655badaedb0392e0426bcfed45623fff014b93f36c2bfbf9bff47b52c5b15140,TOW-BLR-002,2026-08-31T16:42:25Z,-87
b9aa81e06c478c08898599cee4ef2f84fad944b430a6970a238f03f220edbd26,TOW-BLR-001,2026-08-31T19:48:25Z,-56
2f629a39127a6e00c862dfee8033366a17e57c8a3efe74a4b98d68e02917fb8c,TOW-BLR-001,2026-08-30T08:48:04Z,-87
542bb7beec17cd7c80e6c9881ec3337cd1aea378ad6dc96ae9e9de99694a2906,TOW-BLR-003,2026-08-30T02:55:59Z,-77
b81ed4ffe6a708d799c3f4f207982b64479e2e81b941b8534a79f725fe6ed2e8,TOW-BLR-001,2026-08-31T03:02:57Z,-91
db60cb3d3e926de5e1f1dc5ec39988132f99ed7cfdb2c75b0d98588d668e754a,TOW-BLR-003,2026-08-30T21:24:25Z,-79
3d7121e5d2a5cd54446be0380d569da6dbcb6d7fd71e425f23cf8b5727e0efe8,TOW-BLR-002,2026-08-30T10:21:01Z,-60
e10363f8958cd2b611c6abe035c04cb016a3c8d51154f65f6932a5c26f9ea68c,TOW-BLR-004,2026-08-30T03:32:33Z,-51
cf9a64034bf82b056285e0b549e1caf83662ca4ab5f274ced8a32dd562615769,TOW-BLR-003,2026-08-30T20:38:33Z,-97
f075856bccab281555b78e7b9aa45224d7fdbb1b65f1be673de9702f53dbdc94,TOW-BLR-004,2026-08-30T00:09:06Z,-103
5561f501d23467b9e6955b39f1be445c0b050c65c9d2dc64742fe9d371f3ceab,TOW-BLR-003,2026-08-30T04:55:11Z,-55
f639adcff8a55ba9d5eae8cb29118e2cf7a99cef509afa19f23e7c9e34413df7,TOW-BLR-004,2026-08-31T11:02:17Z,-74
44a2ab369bd48f9dade49e6155f2c1e151bcdc5051f2f956afa1431bb13f8be1,TOW-BLR-005,2026-08-31T08:56:27Z,-53
0928f1fd5b5c226c90dc8dfdbecaec4df23667879d91b0de73c8a659b3b51c9d,TOW-BLR-004,2026-08-31T10:36:18Z,-57
0f8c011e3f0544059dbe2826c17ede5deba80e3c137a94288dfb04b168dcdace,TOW-BLR-005,2026-08-30T09:40:15Z,-62
c89efbb027c12f4b909983c4355aec7fcd703fe6189044ce7d0594af3eb770d4,TOW-BLR-005,2026-08-31T22:20:44Z,-81
eebec9b0998a8822dbdf98d57efcfbf13e2008e9a7afd4def57a07fc3a7db792,TOW-BLR-004,2026-08-31T08:42:02Z,-101
b7b24c21128514aa97ef1bd367e3106c0bb05ab8a08d86f1354babd21669850c,TOW-BLR-003,2026-08-30T06:30:13Z,-59
ee7e18675c2c64ba9da01d4ead0588b4e15751d9557b30d41a89ac44de6b3db3,TOW-BLR-005,2026-08-31T05:49:41Z,-86
e8f00016406bb08c12dc8c0e43fc32a1da7071e14c3cea997d3566848d75a7b4,TOW-BLR-004,2026-08-31T00:41:06Z,-76
f639adcff8a55ba9d5eae8cb29118e2cf7a99cef509afa19f23e7c9e34413df7,TOW-BLR-004,2026-08-30T20:11:52Z,-69
e742f7d717510b229a774a833b4b2c40258e2e69aad964973c15e5a973b3de65,TOW-BLR-002,2026-08-30T01:48:22Z,-74
060b7ff050c23cec2699264d708ce7f80a94f7fc3e40fab697cb72f0222421a9,TOW-BLR-003,2026-08-31T16:51:14Z,-69
ac4d86152237babe16e522e0f80f243fccc135f73a43438fda309a2c79d06c46,TOW-BLR-005,2026-08-30T06:12:02Z,-98
3f24dc89df996ef63c8289393b934feed72d9dbb13a7e4e2180dcd25f0f50391,TOW-BLR-005,2026-08-31T15:27:18Z,-74
614876d3edf5128ba4d3d15fc68c5a62a99dc6e8d5ecebfdb5f15ea2eaf97dae,TOW-BLR-001,2026-08-31T17:31:26Z,-77
61ff510fc7c8d0f3edfbf2e3d961cccbeb1d1f5266d5d648980b41c13d7a2ab5,TOW-BLR-004,2026-08-31T12:36:03Z,-53
e514f926f417d960da222d7a1c16d5b31d7dfc71fa5140f104670febd095e2c6,TOW-BLR-001,2026-08-31T23:55:57Z,-51
64fdc51f368e71395a7448eb988c56d10bd682b76bb1403d56524552df9a8b1a,TOW-BLR-002,2026-08-30T01:22:53Z,-93
cbf710d65baba3fa8d515be70761860ae0362217228a5b27e316882ce252c18d,TOW-BLR-002,2026-08-30T17:51:40Z,-57
19655e9e203fc8dd4a2cb9c57c67a2bcb90bd417b22c2e9b970eab144ddae4eb,TOW-BLR-005,2026-08-31T08:20:52Z,-105
9752b374a6dca9438cf640f07ee97b5e9219d13a25c503ca0931f630f408007f,TOW-BLR-005,2026-08-31T20:11:23Z,-90
cfee4531556fc23e554d508217c12c722036af0deea68f1f7100d32fff96f111,TOW-BLR-005,2026-08-30T03:16:32Z,-79
dba1521b6091cf64b9de658c2f1eb1ce93fc8d45c84778661bf95cff148582e0,TOW-BLR-001,2026-08-31T00:45:17Z,-83
f075856bccab281555b78e7b9aa45224d7fdbb1b65f1be673de9702f53dbdc94,TOW-BLR-004,2026-08-30T01:45:06Z,-55
963a9f6d2ede09f587dc708254327c775a8dbb7ebfa4ee671035859c4dd2b5b9,TOW-BLR-003,2026-08-31T03:49:01Z,-94
63e057fde085f12ed5175da4bedf4ca9b785b50614b0d21a48adcd1cd457483f,TOW-BLR-001,2026-08-30T07:13:59Z,-76
991ad61e050c36e38ee2d725869c32a32440da474d0e54c5f1ed130a6f1ecfe5,TOW-BLR-003,2026-08-30T10:29:17Z,-99
670edd5a5e8d8b447249d6f40218f1b2405bbaf6ff8cc36c0dddc6f501da28bd,TOW-BLR-001,2026-08-30T11:13:49Z,-91
8cfb6b888a7f0c057eb5a53552975702d7397eeecd4f696e49a7df9588c2e1f8,TOW-BLR-004,2026-08-30T12:19:12Z,-107
41e7a957c31f1cfac990f14b9802f83af2b2ddbf12f52ea52b7c072dee84689b,TOW-BLR-003,2026-08-30T13:12:48Z,-109
58c67f8ed21ef88fc36604b9c2852c28cd1a3a82f119db54c094ff2444e5899e,TOW-BLR-001,2026-08-30T21:42:05Z,-86
a4488d9cbf53e318e7cd9beaf8a5512f8b50d81b4edfc6b0affdc8a4b4cbb2ba,TOW-BLR-003,2026-08-30T10:22:25Z,-84
cf9a64034bf82b056285e0b549e1caf83662ca4ab5f274ced8a32dd562615769,TOW-BLR-003,2026-08-30T18:46:55Z,-86
9ba90f668aca95ce3bca5da8ca344e5e8f19a61ad84a6b76b5363cb4bae36980,TOW-BLR-001,2026-08-30T03:46:39Z,-98
5222bb3ec940ad667c5b6286ba827a586041bb986d577e580df048df81c002fe,TOW-BLR-005,2026-08-31T18:40:24Z,-95
8db711f1e9c56e3ec7d23fcbbb50874c31595217047cef55c4464670811dea54,TOW-BLR-005,2026-08-31T12:43:51Z,-86
8cfb6b888a7f0c057eb5a53552975702d7397eeecd4f696e49a7df9588c2e1f8,TOW-BLR-001,2026-08-30T19:36:32Z,-107
541b2920d264e79295106f9481dd0b84153d03d56baa980f48caacdedab79cfe,TOW-BLR-004,2026-08-31T16:16:37Z,-84
e03084bd52a1de59f703c73a314b52bf9f7026848c2545312ce44ccc7b54e5d4,TOW-BLR-004,2026-08-30T02:06:17Z,-84
c331a6b20a84257bab78df7177103605e5f668c2b4e8c00a9c44bc40b5ef93eb,TOW-BLR-002,2026-08-30T01:21:21Z,-93
e6951d6c5a3a48fb67ac2286e053646bf0df327033541b173b88a0e682170299,TOW-BLR-005,2026-08-30T07:23:30Z,-95
514d2ff67276c76ac8d5d761b8f652d553d046582e35c06ca92e32f042d20fd7,TOW-BLR-005,2026-08-31T23:26:40Z,-60
1e153199ebee9124b76aeb29141d81316036069970aeaae21b359e771d49fbcd,TOW-BLR-003,2026-08-31T17:22:42Z,-84
dd35e063db12ee83e41574ec0d96a0e650341ace34a6c33951a9a571c96e3930,TOW-BLR-001,2026-08-31T22:17:50Z,-78
27fb3e04a0e726c98b1040e53908e60b10c50f29d312fb808a051d0da28034e6,TOW-BLR-002,2026-08-31T03:10:59Z,-76
991ad61e050c36e38ee2d725869c32a32440da474d0e54c5f1ed130a6f1ecfe5,TOW-BLR-002,2026-08-31T15:08:31Z,-50
ef381ec30b82913c60a6c06d3c429ef4f754d856719fe68096ff9c3cff940bfb,TOW-BLR-005,2026-08-31T08:53:41Z,-108
7621de8ca83cbcd279167f556516c491dadb09330607c1f0ad30436e496097d6,TOW-BLR-004,2026-08-31T21:12:00Z,-92
26796abc3ac290807b505dea3353c73ca9adc03dcb3dcd68e74c4d00e5e068f8,TOW-BLR-002,2026-08-30T00:02:22Z,-107
626a8c724bbe99a359d58cf8b9793fc42a5ea2ccee33814a7d1e2410fe9aefa8,TOW-BLR-004,2026-08-30T19:54:04Z,-72
e1666c1ff291b7c40b69df20c664fa769b46a15bdf7ad72bf1ffd72f63d51649,TOW-BLR-004,2026-08-31T01:35:22Z,-57
060b7ff050c23cec2699264d708ce7f80a94f7fc3e40fab697cb72f0222421a9,TOW-BLR-002,2026-08-31T18:36:35Z,-57
7a055fdd3bd61d3427439dba09a185a5bb286f6a7354ca8b9faac95268f96bf7,TOW-BLR-003,2026-08-30T03:18:43Z,-100
ceb92794371376cce497c125e1859d5da18956b33da07f06cae159d1cb60eeb6,TOW-BLR-005,2026-08-31T17:00:08Z,-106
67f8aaafd23c1ac8be42715dbd8dcd8206070aaa4abe91897ec5c55283c6408e,TOW-BLR-001,2026-08-31T04:47:06Z,-66
ac4d86152237babe16e522e0f80f243fccc135f73a43438fda309a2c79d06c46,TOW-BLR-002,2026-08-31T16:31:17Z,-93
4e26399f07d5c3403b31e87dd87650d4abc371ed9d6089c9431eb9b401687ff8,TOW-BLR-004,2026-08-30T15:21:13Z,-71
74b278b09e7445e0d793bfc50d90bc456934a28ff41137b470d0b15f24cbc706,TOW-BLR-003,2026-08-31T00:56:59Z,-70
26bcfd2aa62a45e60890296e7920204fd45fec2c9f05e144b2aab10bb457ecec,TOW-BLR-004,2026-08-30T19:52:48Z,-95
749b8c6b6e329536c169d086aacabc027ba8ca8d5b21588417083626197c27be,TOW-BLR-003,2026-08-31T00:52:36Z,-97
1c23e30dc22cff7d9aa4539a48dbcbb7caf4fdaf6fa0021e39f2c045be36e658,TOW-BLR-005,2026-08-30T23:55:03Z,-109
2c81ff0b42af0ac31a2c1bb6367fe9c71a4db98f91ee9dd8dae0d9952724a68b,TOW-BLR-002,2026-08-31T23:04:21Z,-51
7621de8ca83cbcd279167f556516c491dadb09330607c1f0ad30436e496097d6,TOW-BLR-005,2026-08-31T10:41:59Z,-110
528f9d1c169746b6a29d77cb1f91df1f22d5e7bcf1e58a917a90e4f6a52df000,TOW-BLR-001,2026-08-30T12:38:11Z,-84
60343645662c2c85f86cac66661e9d01cc5ad029bcd47b7c444b994305467266,TOW-BLR-004,2026-08-31T04:36:07Z,-76
acc639aa3e154ebcb8bacfdda9c6cd45fc7fab52b0b141e2e9dcf2f2c3a30288,TOW-BLR-001,2026-08-31T15:13:23Z,-109
cf9a64034bf82b056285e0b549e1caf83662ca4ab5f274ced8a32dd562615769,TOW-BLR-004,2026-08-30T08:59:12Z,-88
374990eb0fbeabeaa27b11dd595064faf7e817abd85676d2ccb3da4f44acbd11,TOW-BLR-004,2026-08-31T19:47:10Z,-88
e99755126b8fe02eb8684b0457fda5f975195b5929e9f034c715e1ea8947715c,TOW-BLR-002,2026-08-30T00:36:50Z,-103
d72a31c76cd1ced9b3eaee828a621e1aa961ec6970a66d4b73a005fd72745274,TOW-BLR-003,2026-08-30T14:03:11Z,-82
906a0bc76e88bfe2444e9d7e957f0bb1d037f9869c84ba6e88b051c6053a31dc,TOW-BLR-002,2026-08-30T01:26:25Z,-62
2b74f741f3b9ec86d66a65850a5ee252863e775fdfc25e7467a62827b45f36b8,TOW-BLR-003,2026-08-30T13:56:43Z,-105
e26e1dc5e2e6d643677fb2630c682cf53779acc7fd5096db87510ecaa28fc078,TOW-BLR-005,2026-08-31T21:31:42Z,-91
9752b374a6dca9438cf640f07ee97b5e9219d13a25c503ca0931f630f408007f,TOW-BLR-002,2026-08-30T17:03:29Z,-79
12030bfb87a972728846acb9e72576256886534bdc90af27da64fc64607c03c5,TOW-BLR-003,2026-08-30T02:40:45Z,-93
8db711f1e9c56e3ec7d23fcbbb50874c31595217047cef55c4464670811dea54,TOW-BLR-005,2026-08-30T15:13:30Z,-110
33110e1e2edeb3a9f3e629796e97941741f999576247d8073ff1e272bed7fff4,TOW-BLR-004,2026-08-30T08:04:43Z,-55
2b74f741f3b9ec86d66a65850a5ee252863e775fdfc25e7467a62827b45f36b8,TOW-BLR-005,2026-08-31T12:25:57Z,-79
991ad61e050c36e38ee2d725869c32a32440da474d0e54c5f1ed130a6f1ecfe5,TOW-BLR-005,2026-08-30T14:06:35Z,-68
ceb92794371376cce497c125e1859d5da18956b33da07f06cae159d1cb60eeb6,TOW-BLR-005,2026-08-31T19:54:25Z,-74
994c4489211698bbcf023b39117e68fd91ff40b8de92e6790b5866888fe1e03e,TOW-BLR-001,2026-08-31T18:49:43Z,-102
1b8e2f4669c49257fcbc07db82dff985ebdcea2645c6b93aca03046d5731472a,TOW-BLR-001,2026-08-30T09:16:45Z,-94
626a8c724bbe99a359d58cf8b9793fc42a5ea2ccee33814a7d1e2410fe9aefa8,TOW-BLR-005,2026-08-30T16:35:59Z,-54
5cc172e6c14565e6dc2547d26145a1e9fc76c7168557933cca12bdaca3113697,TOW-BLR-003,2026-08-30T13:58:12Z,-56
eac5c4fa0df8925ed6a6c3b93119a5d12212c8ad8c8089cc8abcb4c68da216f1,TOW-BLR-001,2026-08-31T14:48:27Z,-71
e1666c1ff291b7c40b69df20c664fa769b46a15bdf7ad72bf1ffd72f63d51649,TOW-BLR-005,2026-08-31T09:03:14Z,-110
3cee8dbbae85a1deabbf81ebce14a6aa0a7af01250985f09ec3de2f2bcc4b3b7,TOW-BLR-004,2026-08-31T22:40:25Z,-67
9ba90f668aca95ce3bca5da8ca344e5e8f19a61ad84a6b76b5363cb4bae36980,TOW-BLR-001,2026-08-30T23:31:12Z,-83
62bd82e922a8ec6730fed1035ea57162649ffbf5882baf6115b56d0c3c8ff6df,TOW-BLR-004,2026-08-30T19:57:16Z,-103
27a9f6cf3e784af9957031dd7c4ea3328ee97a45e97e32dcc06d0e81de9a6a44,TOW-BLR-005,2026-08-31T09:58:32Z,-79
dc73abbd70e6bdf2430496c0075788d1e3a0785579dbd18e7e606778ebd97d93,TOW-BLR-005,2026-08-30T03:09:54Z,-54
0f8c011e3f0544059dbe2826c17ede5deba80e3c137a94288dfb04b168dcdace,TOW-BLR-002,2026-08-30T03:25:11Z,-93
b9aa81e06c478c08898599cee4ef2f84fad944b430a6970a238f03f220edbd26,TOW-BLR-004,2026-08-31T14:46:08Z,-82
f09defae43936bc24acfcb7f14509d12080824d2ab52b46e006c57e20408aa08,TOW-BLR-001,2026-08-31T04:32:03Z,-98
97368f3c02f48f75894e4de8193414fce44ead3ef4706afdcafa5d91758315d7,TOW-BLR-001,2026-08-31T17:38:19Z,-59
716a50353041fe3e7931d2c7ec68810c83d45d3c42a529d39319d45cd8721518,TOW-BLR-002,2026-08-31T06:51:41Z,-106
91692116b5a4bef93f0ce15b1c0fc9ceabdf7d6317836432ce60fdb60300aa5e,TOW-BLR-002,2026-08-30T14:20:10Z,-100
4075c01d70966dc11bef2096198285422fbbd861d184a28bc57ff6fc7fe81f4a,TOW-BLR-003,2026-08-30T04:34:34Z,-70
a84d124abd92dfd79e62cfbc455627dac349b078fdb26f691cbf968372549d77,TOW-BLR-001,2026-08-30T02:01:46Z,-80
2dad7dd62b009098dd3015775fa21a10553632e72f58bf7c8d4349688e85edb7,TOW-BLR-001,2026-08-31T19:08:48Z,-59
a84d124abd92dfd79e62cfbc455627dac349b078fdb26f691cbf968372549d77,TOW-BLR-003,2026-08-30T18:14:03Z,-95
179b29b175854ddd9f2dd460353266387174d375bcf69481556bc9e55562f9f7,TOW-BLR-004,2026-08-30T17:21:24Z,-89
6061496b81655335453d7cb834b0c2abbaf8611fc4415969b50985d236ef0a22,TOW-BLR-001,2026-08-31T00:17:28Z,-77
2cd185a0e5165c8705eaac57a82ddd0f7ec3fcb92ea51efe8d13d48444b0ec31,TOW-BLR-002,2026-08-30T05:18:33Z,-61
f8a59b7cf1ffeefddb4cad82da9fb10563f4d8deb34e9d00533fcc65b639ddc9,TOW-BLR-005,2026-08-31T07:55:57Z,-62
8679f0fa29e477d1def3ae9e208876db0be8ecedd590b3ba6c5ce9a1caeb22c7,TOW-BLR-004,2026-08-31T18:09:24Z,-103
01d3d1ae9ffe5b587f8d18acb10f48bdc9446b971dba998f10683223125fde60,TOW-BLR-001,2026-08-30T02:25:40Z,-86
f09defae43936bc24acfcb7f14509d12080824d2ab52b46e006c57e20408aa08,TOW-BLR-001,2026-08-30T09:17:12Z,-107
b9aa81e06c478c08898599cee4ef2f84fad944b430a6970a238f03f220edbd26,TOW-BLR-004,2026-08-30T03:59:22Z,-91
c8f37c395bad9f7984fa2958e584e0d57d3985a86ed5df2571f601b435eeb661,TOW-BLR-004,2026-08-30T04:47:26Z,-104
eac5c4fa0df8925ed6a6c3b93119a5d12212c8ad8c8089cc8abcb4c68da216f1,TOW-BLR-001,2026-08-31T16:43:26Z,-107
c14c122b7d80c0cadc54149e12c9e1f574f2499598653912351b2a668a0aba1d,TOW-BLR-004,2026-08-31T05:14:58Z,-104
8f6c3567020fe5158954a16a90fe942b05b979cc3d21185db7682c502a185a2e,TOW-BLR-004,2026-08-30T16:58:28Z,-55
f8a59b7cf1ffeefddb4cad82da9fb10563f4d8deb34e9d00533fcc65b639ddc9,TOW-BLR-005,2026-08-30T00:46:20Z,-81
2779749f7710949a4792cc1cccf83ac4506a22e7344db9bff0318b42e6108519,TOW-BLR-004,2026-08-31T07:10:25Z,-54
8f6c3567020fe5158954a16a90fe942b05b979cc3d21185db7682c502a185a2e,TOW-BLR-005,2026-08-30T07:22:29Z,-89
4489de783f0bdc9c1f46955c8b79e68e5b7268250d1c7cc130a9f14d220b14c8,TOW-BLR-001,2026-08-31T09:03:53Z,-77
4075c01d70966dc11bef2096198285422fbbd861d184a28bc57ff6fc7fe81f4a,TOW-BLR-005,2026-08-30T14:00:57Z,-104
774d203000b86f167d2636b3e581ecddd77c2e1843ee17aa0a70e6d8db614c2a,TOW-BLR-001,2026-08-31T19:20:21Z,-65
111b3f239d51625aee293406aa6afb86b456d53d1e14d80cc74ba885d322a03a,TOW-BLR-005,2026-08-30T14:05:54Z,-53
542bb7beec17cd7c80e6c9881ec3337cd1aea378ad6dc96ae9e9de99694a2906,TOW-BLR-002,2026-08-31T22:24:41Z,-78
670edd5a5e8d8b447249d6f40218f1b2405bbaf6ff8cc36c0dddc6f501da28bd,TOW-BLR-003,2026-08-31T06:39:24Z,-80
bfc7e0570fc2fd1ef8e941c2837e63172945abb8d7e14746ca0f6e8ccdd960cf,TOW-BLR-005,2026-08-31T08:22:35Z,-99
faf4897f37a82eaf9e8cb074678fdf8a3179b6174545b37131e9854d06b84f6a,TOW-BLR-002,2026-08-30T03:12:32Z,-107
1e153199ebee9124b76aeb29141d81316036069970aeaae21b359e771d49fbcd,TOW-BLR-003,2026-08-31T18:33:49Z,-83
28bce8f903d29d7ffd117da4022d6a8f445c0bb61d25d9b3130bfc6b7f07a0b9,TOW-BLR-003,2026-08-30T22:39:36Z,-73
a9cb35a4fd627463d2028b97d80463eba8976d54e3f9ecdc40b17877be95bf19,TOW-BLR-005,2026-08-30T10:36:14Z,-101
fce13cdb8a85833a333ee4d1021160f2db2b97c0c5a8e7d11c78875fdaee8c50,TOW-BLR-003,2026-08-31T19:55:59Z,-89
30eee72284276f0a5044a80defca7a33cf9def9620a784c6cb88b0f812477240,TOW-BLR-003,2026-08-30T00:35:18Z,-77
e10363f8958cd2b611c6abe035c04cb016a3c8d51154f65f6932a5c26f9ea68c,TOW-BLR-002,2026-08-30T04:10:25Z,-95
74b278b09e7445e0d793bfc50d90bc456934a28ff41137b470d0b15f24cbc706,TOW-BLR-005,2026-08-30T03:58:34Z,-83
3d47fa14eca1ad3c6af4a7630628e3e43d0de0e692c02fb9966106fd91f3e1c2,TOW-BLR-002,2026-08-30T14:35:26Z,-70
a4a572481d7efb2b2dc685f091aa115e366949d975bbb259a0bff53e0e49dc3d,TOW-BLR-002,2026-08-30T04:58:51Z,-89
61ff510fc7c8d0f3edfbf2e3d961cccbeb1d1f5266d5d648980b41c13d7a2ab5,TOW-BLR-004,2026-08-31T10:02:06Z,-72
62cba2b3558fe5db259bb5840cd24e7515734f8b42d6f0d656cd4e814e601c9b,TOW-BLR-003,2026-08-31T18:07:06Z,-74
d562e1c1ff197335e78350043605b9c9a724f1ce41a8440aee5444fa9a2c6168,TOW-BLR-003,2026-08-31T20:51:47Z,-91
b9f0f673df45e56702a2054de2329aefb3b6c6fd3ef2940d6ea1133b7f7baa67,TOW-BLR-003,2026-08-30T11:49:00Z,-104
664899f7580500b65ee3fb2b483121846c0c74a9d8f1124ee5067346bfc951ce,TOW-BLR-001,2026-08-31T12:06:45Z,-96
b9aa81e06c478c08898599cee4ef2f84fad944b430a6970a238f03f220edbd26,TOW-BLR-001,2026-08-31T22:30:48Z,-96
62cba2b3558fe5db259bb5840cd24e7515734f8b42d6f0d656cd4e814e601c9b,TOW-BLR-002,2026-08-31T09:58:19Z,-71
cdd95be7efebbce1759b91fab7ca6127de9fb4230ad56f5dac8b8b7fff73d9db,TOW-BLR-002,2026-08-31T11:00:24Z,-63
241f4bcd27c2cbf458ad7db886b03a52f063f0acae2773adeb9c65f1a5cb3050,TOW-BLR-003,2026-08-31T03:22:23Z,-97
cfee4531556fc23e554d508217c12c722036af0deea68f1f7100d32fff96f111,TOW-BLR-002,2026-08-30T00:29:23Z,-87
906a0bc76e88bfe2444e9d7e957f0bb1d037f9869c84ba6e88b051c6053a31dc,TOW-BLR-001,2026-08-31T02:03:37Z,-109
60343645662c2c85f86cac66661e9d01cc5ad029bcd47b7c444b994305467266,TOW-BLR-001,2026-08-30T10:22:09Z,-92
623458811301a7a083ae0d7176fbf402b21877cf81552b4001e222a9f3a990c3,TOW-BLR-002,2026-08-31T21:58:20Z,-73
2c81ff0b42af0ac31a2c1bb6367fe9c71a4db98f91ee9dd8dae0d9952724a68b,TOW-BLR-003,2026-08-30T03:11:49Z,-109
33110e1e2edeb3a9f3e629796e97941741f999576247d8073ff1e272bed7fff4,TOW-BLR-002,2026-08-30T20:41:15Z,-99
361ac03f9899db5f853e98f211383204a3477b6750123b3aa08990c0bc60193e,TOW-BLR-003,2026-08-30T12:41:27Z,-89
62bd82e922a8ec6730fed1035ea57162649ffbf5882baf6115b56d0c3c8ff6df,TOW-BLR-005,2026-08-30T17:54:38Z,-99
33110e1e2edeb3a9f3e629796e97941741f999576247d8073ff1e272bed7fff4,TOW-BLR-001,2026-08-30T12:49:17Z,-57
7f2aafa15c630696adf2683d461db9bbd05fda0713e55de6b83a58f667d4888f,TOW-BLR-001,2026-08-30T01:31:43Z,-57
eac5c4fa0df8925ed6a6c3b93119a5d12212c8ad8c8089cc8abcb4c68da216f1,TOW-BLR-002,2026-08-31T03:35:32Z,-69
cbf710d65baba3fa8d515be70761860ae0362217228a5b27e316882ce252c18d,TOW-BLR-001,2026-08-31T00:38:25Z,-51
e4e172eaeda63c2c9e8570d599346aca08ee96cdf2e322654453e0a15a2c30cd,TOW-BLR-003,2026-08-31T09:13:11Z,-95
d427539d777d7e1658638290cb9fab436f06cc47d74eaa6fe686b199b2b20b25,TOW-BLR-003,2026-08-30T12:28:40Z,-50
680ae478d9e8f0a61999e67f1223f32e269acc9daf00ee8e31b0c7a99bfae5d4,TOW-BLR-005,2026-08-31T07:34:56Z,-54
58c67f8ed21ef88fc36604b9c2852c28cd1a3a82f119db54c094ff2444e5899e,TOW-BLR-001,2026-08-30T08:37:42Z,-101
0914bcb9c4e6585bba37c48570774e86f8d87ff884fede75c8d19d9c85ccb3ed,TOW-BLR-002,2026-08-30T13:48:33Z,-98
64fdc51f368e71395a7448eb988c56d10bd682b76bb1403d56524552df9a8b1a,TOW-BLR-004,2026-08-31T03:15:08Z,-90
f8a59b7cf1ffeefddb4cad82da9fb10563f4d8deb34e9d00533fcc65b639ddc9,TOW-BLR-004,2026-08-31T22:19:21Z,-95
b9aa81e06c478c08898599cee4ef2f84fad944b430a6970a238f03f220edbd26,TOW-BLR-001,2026-08-31T20:51:28Z,-73
61ff510fc7c8d0f3edfbf2e3d961cccbeb1d1f5266d5d648980b41c13d7a2ab5,TOW-BLR-005,2026-08-30T21:25:18Z,-60
3108f70e3438057186993335f56bd6c6d9ffe0a74ee099c8be28fdfc35c97a2c,TOW-BLR-003,2026-08-30T17:59:54Z,-107
060b7ff050c23cec2699264d708ce7f80a94f7fc3e40fab697cb72f0222421a9,TOW-BLR-003,2026-08-30T09:12:30Z,-56
7a055fdd3bd61d3427439dba09a185a5bb286f6a7354ca8b9faac95268f96bf7,TOW-BLR-005,2026-08-31T11:36:25Z,-97
a91a9ad7f674f50c12821a23db77ab9fec0f3a5f7846ac3a035639fd74c19c5b,TOW-BLR-001,2026-08-31T10:16:22Z,-60
749b8c6b6e329536c169d086aacabc027ba8ca8d5b21588417083626197c27be,TOW-BLR-005,2026-08-30T04:43:26Z,-100
7a055fdd3bd61d3427439dba09a185a5bb286f6a7354ca8b9faac95268f96bf7,TOW-BLR-004,2026-08-31T22:58:21Z,-62
7a055fdd3bd61d3427439dba09a185a5bb286f6a7354ca8b9faac95268f96bf7,TOW-BLR-003,2026-08-31T12:18:21Z,-77
d72a31c76cd1ced9b3eaee828a621e1aa961ec6970a66d4b73a005fd72745274,TOW-BLR-002,2026-08-30T23:26:04Z,-65
db60cb3d3e926de5e1f1dc5ec39988132f99ed7cfdb2c75b0d98588d668e754a,TOW-BLR-005,2026-08-31T11:11:33Z,-65
3f24dc89df996ef63c8289393b934feed72d9dbb13a7e4e2180dcd25f0f50391,TOW-BLR-004,2026-08-31T10:29:52Z,-93
c1f42731b9907abe4e81947ee7799751d8ecf8eca65cdf787ee9db2935d743cc,TOW-BLR-004,2026-08-31T22:27:55Z,-52
0c464a077072f36c3a1a180c5de7f5080817e7377fbe2dc5b1677c3adebac752,TOW-BLR-005,2026-08-31T23:18:44Z,-108
e4e172eaeda63c2c9e8570d599346aca08ee96cdf2e322654453e0a15a2c30cd,TOW-BLR-002,2026-08-30T14:46:55Z,-82
dba1521b6091cf64b9de658c2f1eb1ce93fc8d45c84778661bf95cff148582e0,TOW-BLR-002,2026-08-31T04:49:42Z,-97
ec92a3f62ddb9be57763b65d15f9909e8471fbeceb75ee00f71bff38eee7a199,TOW-BLR-004,2026-08-31T03:27:30Z,-74
9640ffa8fd3b6c05321013dd64ca4ba4bcd7e82047fb9c0c01f898481d00e72b,TOW-BLR-003,2026-08-30T18:32:03Z,-75
01d3d1ae9ffe5b587f8d18acb10f48bdc9446b971dba998f10683223125fde60,TOW-BLR-002,2026-08-30T06:07:07Z,-92
7c3444809193dd8892bd3d5406741e9e223bd5de3febc017ef431a8d712e364f,TOW-BLR-005,2026-08-31T01:36:03Z,-96
c470b561344b949646b98c67f87afddd34b5985b84d8505eb64e1296d27ed7e2,TOW-BLR-001,2026-08-31T09:52:43Z,-78
ee7e18675c2c64ba9da01d4ead0588b4e15751d9557b30d41a89ac44de6b3db3,TOW-BLR-003,2026-08-31T07:01:40Z,-82
e27215f8478b1d5961a5e2f91bcfe38158ec069c264a9840541ede499ddff6d0,TOW-BLR-004,2026-08-31T05:46:44Z,-87
bdd2bdbaf183327d7ca5b7121c51db5ae24f436a01a4db832ea4d719bbbe7733,TOW-BLR-004,2026-08-30T23:05:05Z,-93
733e613aa1af193c29f217e1041ea514990da8f1507065bf8b682122676bd98c,TOW-BLR-001,2026-08-30T13:04:32Z,-82
e8f00016406bb08c12dc8c0e43fc32a1da7071e14c3cea997d3566848d75a7b4,TOW-BLR-003,2026-08-31T22:59:35Z,-106
1d8716c4dd38df6890b9e1881e03d3ea4f9f5acb6e7823dbdbcca7fd418f2e2f,TOW-BLR-001,2026-08-30T21:26:46Z,-57
ab29fe932a9f2189b8c48828b4965af27e0f4b704a59b256091d92391aa403f1,TOW-BLR-005,2026-08-31T15:48:21Z,-69
acc639aa3e154ebcb8bacfdda9c6cd45fc7fab52b0b141e2e9dcf2f2c3a30288,TOW-BLR-003,2026-08-30T16:35:01Z,-104
b4137ecb3d80db814311d6a4053415d0bd71e8b4e4fb32b9f5a39b74d62a8504,TOW-BLR-001,2026-08-31T02:13:53Z,-108
3a489a1f2d50a7145610c51b0f2ba3fb83cb5fe91c12c2961b086df8092a6c88,TOW-BLR-002,2026-08-31T00:18:12Z,-98
0162aa00917191d22e2948a923eeba8b3127e99535ef6f6cce59372f46292cd2,TOW-BLR-003,2026-08-30T18:12:22Z,-91
1b8e2f4669c49257fcbc07db82dff985ebdcea2645c6b93aca03046d5731472a,TOW-BLR-003,2026-08-30T13:52:55Z,-65
a6b9b064c298e3a2b3f93834e33675a4415900230ca5a96e1e9963baafbf4749,TOW-BLR-002,2026-08-31T15:32:57Z,-52
26bcfd2aa62a45e60890296e7920204fd45fec2c9f05e144b2aab10bb457ecec,TOW-BLR-001,2026-08-30T21:48:25Z,-92
58a6e3dc4206df0cba91aa32a701bea7293f9d9e17d386b2f2b0411cc01d9720,TOW-BLR-003,2026-08-31T05:24:16Z,-50
a92475f03c5c0e704011c75f83e311cba049d04139c488d187645cbe5836ee42,TOW-BLR-005,2026-08-31T23:43:05Z,-110
fce13cdb8a85833a333ee4d1021160f2db2b97c0c5a8e7d11c78875fdaee8c50,TOW-BLR-005,2026-08-30T10:52:13Z,-55
da46c1b20bb0c378edcaee8832ed4f959a5ebdd74213d9ad63df0f498f6bd2b4,TOW-BLR-002,2026-08-30T16:31:27Z,-64
655badaedb0392e0426bcfed45623fff014b93f36c2bfbf9bff47b52c5b15140,TOW-BLR-002,2026-08-31T10:32:51Z,-96
0418b6bf59aaf6300e9694a040b9ce90c99c0d7ea12dd91359575e72f42b58e3,TOW-BLR-005,2026-08-31T16:14:24Z,-62
e27215f8478b1d5961a5e2f91bcfe38158ec069c264a9840541ede499ddff6d0,TOW-BLR-004,2026-08-31T00:48:21Z,-60
01d3d1ae9ffe5b587f8d18acb10f48bdc9446b971dba998f10683223125fde60,TOW-BLR-003,2026-08-30T13:40:42Z,-83
50910d451937c8598faa62cd6d80123690e3d3e18a319df65da8c93c6497cef1,TOW-BLR-004,2026-08-30T15:15:41Z,-82
2774be5a56fcdf5d04f289fcca9eda5f3f2b4026f2ce4b5f2adf3bbac442febb,TOW-BLR-005,2026-08-30T02:11:31Z,-87
c89efbb027c12f4b909983c4355aec7fcd703fe6189044ce7d0594af3eb770d4,TOW-BLR-005,2026-08-30T09:20:45Z,-91
9ba90f668aca95ce3bca5da8ca344e5e8f19a61ad84a6b76b5363cb4bae36980,TOW-BLR-001,2026-08-31T12:23:39Z,-59
1cb1be4b1497c4012d982486d14c4ff0b1955d00181b6d751e220ee7701403a8,TOW-BLR-003,2026-08-31T00:44:42Z,-96
b9f0f673df45e56702a2054de2329aefb3b6c6fd3ef2940d6ea1133b7f7baa67,TOW-BLR-004,2026-08-31T05:22:20Z,-62
c29f10eeeac39ff9da13cd1771e7013daa37b6f9553618953e642c0193b1105d,TOW-BLR-005,2026-08-30T21:49:08Z,-90
e10363f8958cd2b611c6abe035c04cb016a3c8d51154f65f6932a5c26f9ea68c,TOW-BLR-001,2026-08-31T17:19:47Z,-60
41dbbf390d15565d4044e78d299c7ad4aa57641d70a6b8447037a2b05e72dee5,TOW-BLR-002,2026-08-30T11:11:29Z,-50
4075c01d70966dc11bef2096198285422fbbd861d184a28bc57ff6fc7fe81f4a,TOW-BLR-005,2026-08-31T21:51:48Z,-59
a6b9b064c298e3a2b3f93834e33675a4415900230ca5a96e1e9963baafbf4749,TOW-BLR-005,2026-08-31T17:47:18Z,-55
07fc1543a0144268c02a1425909a6de96563c05d53b9243010e4c943d0e28120,TOW-BLR-004,2026-08-30T14:52:11Z,-50
07fc1543a0144268c02a1425909a6de96563c05d53b9243010e4c943d0e28120,TOW-BLR-001,2026-08-31T14:55:13Z,-86
61ff510fc7c8d0f3edfbf2e3d961cccbeb1d1f5266d5d648980b41c13d7a2ab5,TOW-BLR-004,2026-08-30T07:54:38Z,-89
5d293bef5865f720e15fe72cf657194b15cc78aa4780739303867f9c2280f8e5,TOW-BLR-004,2026-08-31T22:31:50Z,-53
4f972994f960f47d30723d1ce7f7ba4b4b54ef39b569eaec30e1bb2d411c90a7,TOW-BLR-001,2026-08-30T12:28:57Z,-104
0162aa00917191d22e2948a923eeba8b3127e99535ef6f6cce59372f46292cd2,TOW-BLR-005,2026-08-30T12:56:06Z,-108
a555bd5f4da0fa7f434ab161a8964c5a8c7a727c3a05eda72767d5e76a703d7d,TOW-BLR-005,2026-08-31T11:34:47Z,-109
13adb9d8e842415d7c92ad9cb74a600c24d35b08605cd2bbf3860bfcdd42db23,TOW-BLR-002,2026-08-30T05:03:36Z,-52
d562e1c1ff197335e78350043605b9c9a724f1ce41a8440aee5444fa9a2c6168,TOW-BLR-004,2026-08-30T20:40:01Z,-97
e8f00016406bb08c12dc8c0e43fc32a1da7071e14c3cea997d3566848d75a7b4,TOW-BLR-003,2026-08-31T14:11:07Z,-106
664899f7580500b65ee3fb2b483121846c0c74a9d8f1124ee5067346bfc951ce,TOW-BLR-001,2026-08-31T02:50:39Z,-77
906a0bc76e88bfe2444e9d7e957f0bb1d037f9869c84ba6e88b051c6053a31dc,TOW-BLR-002,2026-08-30T23:47:41Z,-55
a4a572481d7efb2b2dc685f091aa115e366949d975bbb259a0bff53e0e49dc3d,TOW-BLR-004,2026-08-31T04:28:45Z,-100
a306962ddc4e800a51d884da9e7e0bd2fa08b534c8773d2cdbf06790da9fa65d,TOW-BLR-002,2026-08-31T15:03:47Z,-84
7db41c47095120834f255ed6a9005c4edc4b430ef019eb6f4df2754c2b3d228a,TOW-BLR-001,2026-08-31T04:19:32Z,-53
b7b24c21128514aa97ef1bd367e3106c0bb05ab8a08d86f1354babd21669850c,TOW-BLR-002,2026-08-30T09:27:40Z,-55
27fb3e04a0e726c98b1040e53908e60b10c50f29d312fb808a051d0da28034e6,TOW-BLR-003,2026-08-31T07:28:18Z,-58
dd7bd4bcfc023cea77828a9d4467d55ac276d5425902f5552381e6e0f98bce8c,TOW-BLR-004,2026-08-30T11:33:43Z,-72
2d79558bb4e3c15673ad08352dde6e8c13ea6fb69dde51ff483f3ccbb7f795c3,TOW-BLR-003,2026-08-31T18:46:47Z,-98
ab29fe932a9f2189b8c48828b4965af27e0f4b704a59b256091d92391aa403f1,TOW-BLR-004,2026-08-30T20:03:25Z,-98
c01a6992a61aa93d4e9d9f42d82df188c91b3e1f2d06f347a56337292c8a85a7,TOW-BLR-002,2026-08-31T08:27:25Z,-106
a555bd5f4da0fa7f434ab161a8964c5a8c7a727c3a05eda72767d5e76a703d7d,TOW-BLR-004,2026-08-31T20:02:37Z,-59
39bfa5d7a53ae5dc5e6fb7a1daa9c8667bbb8e31e055933cae3b960a780e2fc0,TOW-BLR-005,2026-08-30T23:56:56Z,-52
5d293bef5865f720e15fe72cf657194b15cc78aa4780739303867f9c2280f8e5,TOW-BLR-004,2026-08-31T09:30:39Z,-81
2d79558bb4e3c15673ad08352dde6e8c13ea6fb69dde51ff483f3ccbb7f795c3,TOW-BLR-001,2026-08-30T06:38:02Z,-92
75211b3edf6cbfd2bb503506dc3c73550c9179fda0a8f45f75153f013d13c222,TOW-BLR-004,2026-08-31T01:15:06Z,-66
d41e30e0593ac284cad2c7c08569fbdad3dd2a63b3ed8a6bdb90b74b9290c16d,TOW-BLR-003,2026-08-31T04:28:41Z,-71
58a6e3dc4206df0cba91aa32a701bea7293f9d9e17d386b2f2b0411cc01d9720,TOW-BLR-002,2026-08-31T06:13:23Z,-95
645cb5ae33ecbf471ebf101aef4c781e2f0b1a50c071ca9ee7ae5ce4e8f430b8,TOW-BLR-005,2026-08-31T07:27:46Z,-81
2779749f7710949a4792cc1cccf83ac4506a22e7344db9bff0318b42e6108519,TOW-BLR-002,2026-08-31T17:24:19Z,-104
07fc1543a0144268c02a1425909a6de96563c05d53b9243010e4c943d0e28120,TOW-BLR-001,2026-08-30T17:27:14Z,-54
21308ebc339ed29ba2719c3421b30cf3d970d86d5452bf72124521884c6e130e,TOW-BLR-002,2026-08-30T19:56:08Z,-54
a84d124abd92dfd79e62cfbc455627dac349b078fdb26f691cbf968372549d77,TOW-BLR-005,2026-08-30T21:15:17Z,-68
91692116b5a4bef93f0ce15b1c0fc9ceabdf7d6317836432ce60fdb60300aa5e,TOW-BLR-001,2026-08-30T15:49:12Z,-52
8db711f1e9c56e3ec7d23fcbbb50874c31595217047cef55c4464670811dea54,TOW-BLR-004,2026-08-31T16:15:19Z,-103
d427539d777d7e1658638290cb9fab436f06cc47d74eaa6fe686b199b2b20b25,TOW-BLR-001,2026-08-30T07:39:43Z,-78
241f4bcd27c2cbf458ad7db886b03a52f063f0acae2773adeb9c65f1a5cb3050,TOW-BLR-003,2026-08-31T05:51:44Z,-82
4fbb32d4a24fe104c5dd461ac6280dbd58883363fbc54ce5080ba8175198cb11,TOW-BLR-003,2026-08-30T15:06:01Z,-78
f639adcff8a55ba9d5eae8cb29118e2cf7a99cef509afa19f23e7c9e34413df7,TOW-BLR-004,2026-08-30T01:56:43Z,-106
55768ebde66794472f72ffb0e46b19fb191ed283e65f0f937924db158b9f03cc,TOW-BLR-004,2026-08-31T03:45:17Z,-89
1b8e2f4669c49257fcbc07db82dff985ebdcea2645c6b93aca03046d5731472a,TOW-BLR-004,2026-08-30T14:09:21Z,-85
ca9fb60d20be57a8aa44f49c9edb466c3cba0cff3de897735d88c52ff4d0dd37,TOW-BLR-001,2026-08-30T18:14:54Z,-103
dd7bd4bcfc023cea77828a9d4467d55ac276d5425902f5552381e6e0f98bce8c,TOW-BLR-002,2026-08-30T23:49:10Z,-68
655badaedb0392e0426bcfed45623fff014b93f36c2bfbf9bff47b52c5b15140,TOW-BLR-004,2026-08-31T11:17:56Z,-81
111b3f239d51625aee293406aa6afb86b456d53d1e14d80cc74ba885d322a03a,TOW-BLR-001,2026-08-31T15:56:07Z,-68
faf4897f37a82eaf9e8cb074678fdf8a3179b6174545b37131e9854d06b84f6a,TOW-BLR-004,2026-08-30T10:12:47Z,-80
58a6e3dc4206df0cba91aa32a701bea7293f9d9e17d386b2f2b0411cc01d9720,TOW-BLR-003,2026-08-30T11:45:01Z,-100
a63f135b6223cee83a6aec5fa5b330aa5bee7f690ed3de3fc0b1541db348bac9,TOW-BLR-001,2026-08-31T20:11:58Z,-104
645cb5ae33ecbf471ebf101aef4c781e2f0b1a50c071ca9ee7ae5ce4e8f430b8,TOW-BLR-003,2026-08-30T09:02:25Z,-76
ceb92794371376cce497c125e1859d5da18956b33da07f06cae159d1cb60eeb6,TOW-BLR-004,2026-08-30T12:15:59Z,-106
cf8e4cdc32117c05ae9a7f56eefc46a94eb0db0b2e5cd67fd9a2e41f9eeb0a92,TOW-BLR-001,2026-08-30T19:53:51Z,-101
623458811301a7a083ae0d7176fbf402b21877cf81552b4001e222a9f3a990c3,TOW-BLR-003,2026-08-30T12:57:25Z,-97
58c67f8ed21ef88fc36604b9c2852c28cd1a3a82f119db54c094ff2444e5899e,TOW-BLR-001,2026-08-31T14:45:38Z,-97
7c3444809193dd8892bd3d5406741e9e223bd5de3febc017ef431a8d712e364f,TOW-BLR-001,2026-08-31T22:13:26Z,-59
5cc172e6c14565e6dc2547d26145a1e9fc76c7168557933cca12bdaca3113697,TOW-BLR-001,2026-08-31T04:26:38Z,-66
ec92a3f62ddb9be57763b65d15f9909e8471fbeceb75ee00f71bff38eee7a199,TOW-BLR-004,2026-08-30T03:49:00Z,-72
c01a6992a61aa93d4e9d9f42d82df188c91b3e1f2d06f347a56337292c8a85a7,TOW-BLR-001,2026-08-31T03:28:51Z,-61
5f789fd2c5836252cc417e4829879fb15a3dc5b35c4ee49f7f2be52647303570,TOW-BLR-002,2026-08-31T03:16:50Z,-52
5222bb3ec940ad667c5b6286ba827a586041bb986d577e580df048df81c002fe,TOW-BLR-002,2026-08-30T06:39:16Z,-109
b9f0f673df45e56702a2054de2329aefb3b6c6fd3ef2940d6ea1133b7f7baa67,TOW-BLR-001,2026-08-30T01:03:36Z,-89
58a6e3dc4206df0cba91aa32a701bea7293f9d9e17d386b2f2b0411cc01d9720,TOW-BLR-002,2026-08-30T04:36:00Z,-96
e747d03e9c44baba2eb35f2a03b141dc9fb150e979435990e40d4d2588df5cb3,TOW-BLR-001,2026-08-30T12:13:29Z,-64
4fbb32d4a24fe104c5dd461ac6280dbd58883363fbc54ce5080ba8175198cb11,TOW-BLR-001,2026-08-31T06:16:08Z,-78
179b29b175854ddd9f2dd460353266387174d375bcf69481556bc9e55562f9f7,TOW-BLR-003,2026-08-30T23:29:48Z,-75
a84d124abd92dfd79e62cfbc455627dac349b078fdb26f691cbf968372549d77,TOW-BLR-002,2026-08-31T21:29:14Z,-97
4a963e06b1fc70d0275420de2b12ed9ca98f83e89daa42cb95678b2dd0d555dd,TOW-BLR-005,2026-08-31T04:46:03Z,-50
bfea41177792521cca94d1ee5637e5b077cf5b0d4a50e5861d4fd514573f7464,TOW-BLR-001,2026-08-30T16:55:24Z,-97
179b29b175854ddd9f2dd460353266387174d375bcf69481556bc9e55562f9f7,TOW-BLR-003,2026-08-30T23:32:48Z,-99
4ee1d1663fe1c8dba22aff6390d16ec929cd2c6dd08c33a43efdf55d10c2ed5b,TOW-BLR-004,2026-08-31T23:37:20Z,-90
4ee1d1663fe1c8dba22aff6390d16ec929cd2c6dd08c33a43efdf55d10c2ed5b,TOW-BLR-004,2026-08-30T15:29:35Z,-81
361ac03f9899db5f853e98f211383204a3477b6750123b3aa08990c0bc60193e,TOW-BLR-001,2026-08-31T23:54:40Z,-58
2b74f741f3b9ec86d66a65850a5ee252863e775fdfc25e7467a62827b45f36b8,TOW-BLR-005,2026-08-31T02:52:05Z,-108
111b3f239d51625aee293406aa6afb86b456d53d1e14d80cc74ba885d322a03a,TOW-BLR-002,2026-08-31T05:56:06Z,-91
241f4bcd27c2cbf458ad7db886b03a52f063f0acae2773adeb9c65f1a5cb3050,TOW-BLR-005,2026-08-31T12:22:40Z,-104
58c67f8ed21ef88fc36604b9c2852c28cd1a3a82f119db54c094ff2444e5899e,TOW-BLR-005,2026-08-31T17:26:53Z,-100
e1666c1ff291b7c40b69df20c664fa769b46a15bdf7ad72bf1ffd72f63d51649,TOW-BLR-001,2026-08-31T19:40:51Z,-90
060b7ff050c23cec2699264d708ce7f80a94f7fc3e40fab697cb72f0222421a9,TOW-BLR-004,2026-08-30T09:40:47Z,-89
994c4489211698bbcf023b39117e68fd91ff40b8de92e6790b5866888fe1e03e,TOW-BLR-003,2026-08-31T11:06:27Z,-106
97368f3c02f48f75894e4de8193414fce44ead3ef4706afdcafa5d91758315d7,TOW-BLR-001,2026-08-31T20:18:43Z,-52
c470b561344b949646b98c67f87afddd34b5985b84d8505eb64e1296d27ed7e2,TOW-BLR-004,2026-08-31T03:50:36Z,-78
55768ebde66794472f72ffb0e46b19fb191ed283e65f0f937924db158b9f03cc,TOW-BLR-002,2026-08-31T12:39:28Z,-73
19655e9e203fc8dd4a2cb9c57c67a2bcb90bd417b22c2e9b970eab144ddae4eb,TOW-BLR-001,2026-08-30T16:56:16Z,-109
41e7a957c31f1cfac990f14b9802f83af2b2ddbf12f52ea52b7c072dee84689b,TOW-BLR-001,2026-08-30T22:29:22Z,-95
2d895a911f5789f518089b46011e7e6e61c0baf1b0808c4cc511b1f00ac3c55b,TOW-BLR-004,2026-08-30T17:44:04Z,-71
acc639aa3e154ebcb8bacfdda9c6cd45fc7fab52b0b141e2e9dcf2f2c3a30288,TOW-BLR-001,2026-08-30T10:00:59Z,-87
3404f57309d8e1f7c2250dc78541765cf40b63416cdb7e032ad5ca046e930e24,TOW-BLR-003,2026-08-30T14:42:36Z,-101
41fb42693e5559e4b7fd8d6cb4b0bbe89b98897c4d2fb30dd85c32276f044277,TOW-BLR-002,2026-08-31T22:45:06Z,-108
fb508c4e8555e74ffb3890a20561ff7143dfac94aa360aae5d4b2be53a7da02c,TOW-BLR-005,2026-08-31T08:18:40Z,-63
4e26399f07d5c3403b31e87dd87650d4abc371ed9d6089c9431eb9b401687ff8,TOW-BLR-003,2026-08-30T09:46:37Z,-93
541b2920d264e79295106f9481dd0b84153d03d56baa980f48caacdedab79cfe,TOW-BLR-001,2026-08-31T13:55:43Z,-60
b3e45428dce2593a6b83b43fff29c95eab50acb1cc55b2daeb176a2788b74766,TOW-BLR-003,2026-08-30T01:43:31Z,-96
62bd82e922a8ec6730fed1035ea57162649ffbf5882baf6115b56d0c3c8ff6df,TOW-BLR-003,2026-08-31T00:57:24Z,-95
27fb3e04a0e726c98b1040e53908e60b10c50f29d312fb808a051d0da28034e6,TOW-BLR-005,2026-08-30T03:56:15Z,-52
91692116b5a4bef93f0ce15b1c0fc9ceabdf7d6317836432ce60fdb60300aa5e,TOW-BLR-002,2026-08-30T16:11:52Z,-72
d4d9b138de4939b5a64d664afbd8ffb6be0bb1d9157e5b907b48f4b8b7fb5816,TOW-BLR-004,2026-08-31T13:58:20Z,-90
f075856bccab281555b78e7b9aa45224d7fdbb1b65f1be673de9702f53dbdc94,TOW-BLR-004,2026-08-31T21:51:33Z,-110
e03084bd52a1de59f703c73a314b52bf9f7026848c2545312ce44ccc7b54e5d4,TOW-BLR-004,2026-08-30T05:05:46Z,-98
5f73ad762d52353a3814d8344b8c3c3871dac373b2bd5d1d1021399309c4f409,TOW-BLR-002,2026-08-30T14:52:15Z,-102
63e057fde085f12ed5175da4bedf4ca9b785b50614b0d21a48adcd1cd457483f,TOW-BLR-002,2026-08-31T19:09:14Z,-75
6f69d588e0a357f690fe95f6b229ebae3116d34f1e5fdead5d1157845ba5d384,TOW-BLR-002,2026-08-30T17:12:27Z,-78
acc639aa3e154ebcb8bacfdda9c6cd45fc7fab52b0b141e2e9dcf2f2c3a30288,TOW-BLR-004,2026-08-31T10:00:40Z,-91
4fbb32d4a24fe104c5dd461ac6280dbd58883363fbc54ce5080ba8175198cb11,TOW-BLR-002,2026-08-30T17:50:05Z,-83
645cb5ae33ecbf471ebf101aef4c781e2f0b1a50c071ca9ee7ae5ce4e8f430b8,TOW-BLR-005,2026-08-30T18:07:45Z,-91
e53081484a5eb1c0f5f73ecf0cd933511de4c4ffc753f057daa54f7c32018d01,TOW-BLR-005,2026-08-31T08:38:31Z,-70
5f789fd2c5836252cc417e4829879fb15a3dc5b35c4ee49f7f2be52647303570,TOW-BLR-003,2026-08-31T11:02:16Z,-105
8cfb6b888a7f0c057eb5a53552975702d7397eeecd4f696e49a7df9588c2e1f8,TOW-BLR-003,2026-08-31T04:59:57Z,-86
4fbb32d4a24fe104c5dd461ac6280dbd58883363fbc54ce5080ba8175198cb11,TOW-BLR-004,2026-08-31T08:08:24Z,-83
74b278b09e7445e0d793bfc50d90bc456934a28ff41137b470d0b15f24cbc706,TOW-BLR-005,2026-08-31T07:33:41Z,-62
b81ed4ffe6a708d799c3f4f207982b64479e2e81b941b8534a79f725fe6ed2e8,TOW-BLR-004,2026-08-30T01:26:33Z,-62
733e613aa1af193c29f217e1041ea514990da8f1507065bf8b682122676bd98c,TOW-BLR-004,2026-08-30T06:03:38Z,-62
a4a572481d7efb2b2dc685f091aa115e366949d975bbb259a0bff53e0e49dc3d,TOW-BLR-003,2026-08-31T19:20:23Z,-76
b81ed4ffe6a708d799c3f4f207982b64479e2e81b941b8534a79f725fe6ed2e8,TOW-BLR-005,2026-08-30T12:47:38Z,-94
733e613aa1af193c29f217e1041ea514990da8f1507065bf8b682122676bd98c,TOW-BLR-004,2026-08-30T22:16:16Z,-81
41cfb62dc545f52a623ca34ff6274e78e3c806640f9c315637adf5a9f9fca5d1,TOW-BLR-004,2026-08-31T16:56:02Z,-72
0163aad1b721e6f0eac7043f23aa95135f7e6264d73cb85f4771d5599f9e75bf,TOW-BLR-001,2026-08-31T00:15:55Z,-102
c2e085ff3106211c72863a7a99360642c5170eadd9a22346a895f4cec806fc92,TOW-BLR-004,2026-08-30T14:15:05Z,-101
91692116b5a4bef93f0ce15b1c0fc9ceabdf7d6317836432ce60fdb60300aa5e,TOW-BLR-002,2026-08-30T00:18:15Z,-110
dba1521b6091cf64b9de658c2f1eb1ce93fc8d45c84778661bf95cff148582e0,TOW-BLR-005,2026-08-31T03:15:09Z,-79
a92475f03c5c0e704011c75f83e311cba049d04139c488d187645cbe5836ee42,TOW-BLR-004,2026-08-31T04:44:15Z,-63
db60cb3d3e926de5e1f1dc5ec39988132f99ed7cfdb2c75b0d98588d668e754a,TOW-BLR-004,2026-08-31T11:38:52Z,-91
fee0cfa53d5328eeab6e9c98c28a9a57cd4de2a7597f9c83002a5b4141243e7d,TOW-BLR-005,2026-08-30T05:11:13Z,-84
a9cb35a4fd627463d2028b97d80463eba8976d54e3f9ecdc40b17877be95bf19,TOW-BLR-001,2026-08-30T09:03:51Z,-86
626a8c724bbe99a359d58cf8b9793fc42a5ea2ccee33814a7d1e2410fe9aefa8,TOW-BLR-005,2026-08-30T11:49:22Z,-98
514d2ff67276c76ac8d5d761b8f652d553d046582e35c06ca92e32f042d20fd7,TOW-BLR-004,2026-08-30T18:35:14Z,-61
2c81ff0b42af0ac31a2c1bb6367fe9c71a4db98f91ee9dd8dae0d9952724a68b,TOW-BLR-003,2026-08-31T13:06:30Z,-65
cc6b3763e91ab45f13b630b1f96b0fac36879a3f0509992d02f2d39a5d256429,TOW-BLR-003,2026-08-30T04:12:06Z,-69
2779749f7710949a4792cc1cccf83ac4506a22e7344db9bff0318b42e6108519,TOW-BLR-004,2026-08-30T17:58:14Z,-95
7db41c47095120834f255ed6a9005c4edc4b430ef019eb6f4df2754c2b3d228a,TOW-BLR-001,2026-08-31T02:19:02Z,-70
19655e9e203fc8dd4a2cb9c57c67a2bcb90bd417b22c2e9b970eab144ddae4eb,TOW-BLR-001,2026-08-31T22:59:30Z,-101
26bcfd2aa62a45e60890296e7920204fd45fec2c9f05e144b2aab10bb457ecec,TOW-BLR-005,2026-08-31T09:09:58Z,-50
27a9f6cf3e784af9957031dd7c4ea3328ee97a45e97e32dcc06d0e81de9a6a44,TOW-BLR-002,2026-08-30T18:31:00Z,-95
a6b9b064c298e3a2b3f93834e33675a4415900230ca5a96e1e9963baafbf4749,TOW-BLR-005,2026-08-30T11:45:17Z,-110
a5c9577bb5af38d2ff8147936b242dad7800fc3f454896fb7b89c9679241b18b,TOW-BLR-001,2026-08-31T22:55:24Z,-65
91692116b5a4bef93f0ce15b1c0fc9ceabdf7d6317836432ce60fdb60300aa5e,TOW-BLR-004,2026-08-31T04:57:25Z,-65
e10363f8958cd2b611c6abe035c04cb016a3c8d51154f65f6932a5c26f9ea68c,TOW-BLR-001,2026-08-31T13:45:31Z,-52
61ff510fc7c8d0f3edfbf2e3d961cccbeb1d1f5266d5d648980b41c13d7a2ab5,TOW-BLR-004,2026-08-30T12:04:29Z,-57
bfea41177792521cca94d1ee5637e5b077cf5b0d4a50e5861d4fd514573f7464,TOW-BLR-003,2026-08-30T22:00:25Z,-78
12030bfb87a972728846acb9e72576256886534bdc90af27da64fc64607c03c5,TOW-BLR-005,2026-08-31T23:56:58Z,-54
733e613aa1af193c29f217e1041ea514990da8f1507065bf8b682122676bd98c,TOW-BLR-005,2026-08-30T22:25:34Z,-64
3b107bed1c6ac71d80856e656952a83c8b5583e3c4f3b453df0c29d234693f08,TOW-BLR-001,2026-08-30T07:57:25Z,-70
542bb7beec17cd7c80e6c9881ec3337cd1aea378ad6dc96ae9e9de99694a2906,TOW-BLR-003,2026-08-30T10:23:31Z,-93
655badaedb0392e0426bcfed45623fff014b93f36c2bfbf9bff47b52c5b15140,TOW-BLR-002,2026-08-31T04:58:45Z,-66
ec92a3f62ddb9be57763b65d15f9909e8471fbeceb75ee00f71bff38eee7a199,TOW-BLR-001,2026-08-30T12:15:44Z,-58
cc6b3763e91ab45f13b630b1f96b0fac36879a3f0509992d02f2d39a5d256429,TOW-BLR-001,2026-08-30T07:03:14Z,-106
04a4b90e332aa366ee3ff9d9f986e3770ce54d4b0b50f60b8194bd7533083d47,TOW-BLR-004,2026-08-31T14:13:35Z,-84
26796abc3ac290807b505dea3353c73ca9adc03dcb3dcd68e74c4d00e5e068f8,TOW-BLR-003,2026-08-31T07:22:50Z,-100
645cb5ae33ecbf471ebf101aef4c781e2f0b1a50c071ca9ee7ae5ce4e8f430b8,TOW-BLR-003,2026-08-30T13:34:23Z,-65
31c0098e266a1dc96abc21f4bd1fa31bf006516ef1520e430ef0b92bba07ae9e,TOW-BLR-002,2026-08-31T11:25:25Z,-99
ab29fe932a9f2189b8c48828b4965af27e0f4b704a59b256091d92391aa403f1,TOW-BLR-001,2026-08-31T08:48:58Z,-74
e26e1dc5e2e6d643677fb2630c682cf53779acc7fd5096db87510ecaa28fc078,TOW-BLR-002,2026-08-30T13:31:03Z,-98
0ca92962e618ad8a2565d59ff2d5a6646f29dacc382693eb5c2de580b1b62e5f,TOW-BLR-002,2026-08-30T13:58:21Z,-94
528f9d1c169746b6a29d77cb1f91df1f22d5e7bcf1e58a917a90e4f6a52df000,TOW-BLR-004,2026-08-31T08:05:34Z,-70
2c81ff0b42af0ac31a2c1bb6367fe9c71a4db98f91ee9dd8dae0d9952724a68b,TOW-BLR-005,2026-08-30T07:57:04Z,-55
c331a6b20a84257bab78df7177103605e5f668c2b4e8c00a9c44bc40b5ef93eb,TOW-BLR-002,2026-08-30T05:48:41Z,-92
01d3d1ae9ffe5b587f8d18acb10f48bdc9446b971dba998f10683223125fde60,TOW-BLR-004,2026-08-30T09:04:44Z,-93
e03084bd52a1de59f703c73a314b52bf9f7026848c2545312ce44ccc7b54e5d4,TOW-BLR-003,2026-08-30T02:09:36Z,-73
fb508c4e8555e74ffb3890a20561ff7143dfac94aa360aae5d4b2be53a7da02c,TOW-BLR-004,2026-08-31T11:19:50Z,-67
eebec9b0998a8822dbdf98d57efcfbf13e2008e9a7afd4def57a07fc3a7db792,TOW-BLR-001,2026-08-30T00:41:32Z,-107
71cb904b7291d0d2e45d4ff2e2770e09787864e217f69784a47441a4403c066e,TOW-BLR-001,2026-08-31T18:24:44Z,-60
e799c2d47421751052a9b78f7e997150cd304e0b0c07d742b4490116e4802051,TOW-BLR-001,2026-08-30T15:22:10Z,-77
0c464a077072f36c3a1a180c5de7f5080817e7377fbe2dc5b1677c3adebac752,TOW-BLR-001,2026-08-31T03:21:18Z,-72
5cc172e6c14565e6dc2547d26145a1e9fc76c7168557933cca12bdaca3113697,TOW-BLR-003,2026-08-31T11:23:02Z,-80
614876d3edf5128ba4d3d15fc68c5a62a99dc6e8d5ecebfdb5f15ea2eaf97dae,TOW-BLR-003,2026-08-31T20:00:32Z,-83
0928f1fd5b5c226c90dc8dfdbecaec4df23667879d91b0de73c8a659b3b51c9d,TOW-BLR-003,2026-08-31T00:58:55Z,-90
815c8294c15a0369f897299acf164eb0c88d156163b6926d34a6c32225270d1d,TOW-BLR-002,2026-08-31T02:18:09Z,-68
cfee4531556fc23e554d508217c12c722036af0deea68f1f7100d32fff96f111,TOW-BLR-004,2026-08-31T20:28:39Z,-107
438def5eabfbb68a3b92db643ef7878613bbc2faa66a7a86b4eba14d00bd1745,TOW-BLR-003,2026-08-31T00:02:54Z,-59
a4488d9cbf53e318e7cd9beaf8a5512f8b50d81b4edfc6b0affdc8a4b4cbb2ba,TOW-BLR-001,2026-08-31T09:16:18Z,-55
cc6a64b393383a4ba1bb601bcf6b3acfae97f5d200518ae28211fdfde0f911f2,TOW-BLR-004,2026-08-30T10:06:42Z,-109
a6b9b064c298e3a2b3f93834e33675a4415900230ca5a96e1e9963baafbf4749,TOW-BLR-001,2026-08-31T14:38:21Z,-93
8cfb6b888a7f0c057eb5a53552975702d7397eeecd4f696e49a7df9588c2e1f8,TOW-BLR-002,2026-08-31T02:49:41Z,-82
8f6c3567020fe5158954a16a90fe942b05b979cc3d21185db7682c502a185a2e,TOW-BLR-004,2026-08-31T13:29:41Z,-84
749b8c6b6e329536c169d086aacabc027ba8ca8d5b21588417083626197c27be,TOW-BLR-002,2026-08-30T00:13:40Z,-70
e747d03e9c44baba2eb35f2a03b141dc9fb150e979435990e40d4d2588df5cb3,TOW-BLR-003,2026-08-30T01:12:39Z,-70
dc73abbd70e6bdf2430496c0075788d1e3a0785579dbd18e7e606778ebd97d93,TOW-BLR-001,2026-08-30T23:42:14Z,-67
7c3444809193dd8892bd3d5406741e9e223bd5de3febc017ef431a8d712e364f,TOW-BLR-002,2026-08-31T20:10:59Z,-79
cfee4531556fc23e554d508217c12c722036af0deea68f1f7100d32fff96f111,TOW-BLR-005,2026-08-30T05:55:30Z,-88
bfea41177792521cca94d1ee5637e5b077cf5b0d4a50e5861d4fd514573f7464,TOW-BLR-004,2026-08-31T23:56:19Z,-56
527c04e02df3ff3e27eeb14cbb5442e9a0d6cd00c1823792d74d70a748221858,TOW-BLR-001,2026-08-31T04:01:28Z,-92
c1a2661f7ff113cb0271c9f8ba51b6cf211909fde3b6355be005d33986875097,TOW-BLR-002,2026-08-30T10:25:28Z,-55
5cc172e6c14565e6dc2547d26145a1e9fc76c7168557933cca12bdaca3113697,TOW-BLR-005,2026-08-31T12:44:47Z,-108
1e153199ebee9124b76aeb29141d81316036069970aeaae21b359e771d49fbcd,TOW-BLR-004,2026-08-30T06:20:30Z,-91
6061496b81655335453d7cb834b0c2abbaf8611fc4415969b50985d236ef0a22,TOW-BLR-005,2026-08-31T09:59:29Z,-100
615d09c2e16982784eec18d1a485e4dfc8cb3a43bfafca019fdde222c11e4a25,TOW-BLR-004,2026-08-30T08:25:24Z,-80
749b8c6b6e329536c169d086aacabc027ba8ca8d5b21588417083626197c27be,TOW-BLR-005,2026-08-30T17:32:30Z,-95
cdd95be7efebbce1759b91fab7ca6127de9fb4230ad56f5dac8b8b7fff73d9db,TOW-BLR-002,2026-08-30T06:30:44Z,-104
39fc2ded1476bc7aeb30d49ddc847faed054a01822a29d8cfcd965aadea576c3,TOW-BLR-001,2026-08-30T11:40:04Z,-51
37d5bcc2e10e41308171cc736deaeb1ae3801824fe99d46de6a7dd02427f8d16,TOW-BLR-003,2026-08-31T03:55:29Z,-61
2b74f741f3b9ec86d66a65850a5ee252863e775fdfc25e7467a62827b45f36b8,TOW-BLR-002,2026-08-30T18:45:35Z,-68
0e08c8be934134f5e0143d79626cd666ef6ee835dbea0e2139e4453691d41006,TOW-BLR-001,2026-08-30T09:53:07Z,-51
64fdc51f368e71395a7448eb988c56d10bd682b76bb1403d56524552df9a8b1a,TOW-BLR-004,2026-08-30T06:35:08Z,-60
62cba2b3558fe5db259bb5840cd24e7515734f8b42d6f0d656cd4e814e601c9b,TOW-BLR-003,2026-08-30T16:17:49Z,-51
2d79558bb4e3c15673ad08352dde6e8c13ea6fb69dde51ff483f3ccbb7f795c3,TOW-BLR-005,2026-08-30T04:42:32Z,-69
9498ff38125320e825074439f94b75ab53790c8daa5aad105ebac0d34f2c212e,TOW-BLR-004,2026-08-31T03:47:27Z,-69
fee0cfa53d5328eeab6e9c98c28a9a57cd4de2a7597f9c83002a5b4141243e7d,TOW-BLR-005,2026-08-31T07:49:07Z,-59
e8f00016406bb08c12dc8c0e43fc32a1da7071e14c3cea997d3566848d75a7b4,TOW-BLR-002,2026-08-30T18:51:59Z,-103
30eee72284276f0a5044a80defca7a33cf9def9620a784c6cb88b0f812477240,TOW-BLR-001,2026-08-30T08:06:38Z,-105
9498ff38125320e825074439f94b75ab53790c8daa5aad105ebac0d34f2c212e,TOW-BLR-005,2026-08-30T13:42:04Z,-63
9ba90f668aca95ce3bca5da8ca344e5e8f19a61ad84a6b76b5363cb4bae36980,TOW-BLR-001,2026-08-31T17:42:46Z,-87
1e153199ebee9124b76aeb29141d81316036069970aeaae21b359e771d49fbcd,TOW-BLR-003,2026-08-31T03:41:05Z,-74
2d895a911f5789f518089b46011e7e6e61c0baf1b0808c4cc511b1f00ac3c55b,TOW-BLR-001,2026-08-30T22:37:54Z,-107
071d0773364cfafd218f4938d448a477fb5fc70a27fe41d917e1c8213472908e,TOW-BLR-005,2026-08-30T13:49:30Z,-56
e99755126b8fe02eb8684b0457fda5f975195b5929e9f034c715e1ea8947715c,TOW-BLR-004,2026-08-30T23:16:32Z,-61
c560197b9883fc6dc7bc02134561f285436b6ef7c206d7b6feace00057691273,TOW-BLR-002,2026-08-31T13:50:49Z,-68
a6b9b064c298e3a2b3f93834e33675a4415900230ca5a96e1e9963baafbf4749,TOW-BLR-005,2026-08-30T16:10:33Z,-104
da46c1b20bb0c378edcaee8832ed4f959a5ebdd74213d9ad63df0f498f6bd2b4,TOW-BLR-001,2026-08-31T15:11:50Z,-56
1c23e30dc22cff7d9aa4539a48dbcbb7caf4fdaf6fa0021e39f2c045be36e658,TOW-BLR-003,2026-08-30T10:32:12Z,-58
9ba90f668aca95ce3bca5da8ca344e5e8f19a61ad84a6b76b5363cb4bae36980,TOW-BLR-003,2026-08-30T15:56:24Z,-79
27a9f6cf3e784af9957031dd7c4ea3328ee97a45e97e32dcc06d0e81de9a6a44,TOW-BLR-004,2026-08-30T10:44:06Z,-72
41cfb62dc545f52a623ca34ff6274e78e3c806640f9c315637adf5a9f9fca5d1,TOW-BLR-002,2026-08-30T02:30:03Z,-72
541b2920d264e79295106f9481dd0b84153d03d56baa980f48caacdedab79cfe,TOW-BLR-003,2026-08-31T12:34:55Z,-66
ac4d86152237babe16e522e0f80f243fccc135f73a43438fda309a2c79d06c46,TOW-BLR-003,2026-08-31T17:47:43Z,-80
060b7ff050c23cec2699264d708ce7f80a94f7fc3e40fab697cb72f0222421a9,TOW-BLR-002,2026-08-31T12:02:47Z,-92
19655e9e203fc8dd4a2cb9c57c67a2bcb90bd417b22c2e9b970eab144ddae4eb,TOW-BLR-004,2026-08-30T04:16:57Z,-59
97368f3c02f48f75894e4de8193414fce44ead3ef4706afdcafa5d91758315d7,TOW-BLR-002,2026-08-30T15:20:10Z,-56
9223f782eeb1eef2af92c9ef48f9e721834d0e8fbfef6fafe4c83c0c15b71264,TOW-BLR-002,2026-08-30T03:49:39Z,-51
b7b24c21128514aa97ef1bd367e3106c0bb05ab8a08d86f1354babd21669850c,TOW-BLR-002,2026-08-31T11:29:56Z,-64
07fc1543a0144268c02a1425909a6de96563c05d53b9243010e4c943d0e28120,TOW-BLR-003,2026-08-30T11:35:31Z,-109
5561f501d23467b9e6955b39f1be445c0b050c65c9d2dc64742fe9d371f3ceab,TOW-BLR-004,2026-08-31T00:34:10Z,-83
eac5c4fa0df8925ed6a6c3b93119a5d12212c8ad8c8089cc8abcb4c68da216f1,TOW-BLR-004,2026-08-31T01:21:46Z,-62
07fc1543a0144268c02a1425909a6de96563c05d53b9243010e4c943d0e28120,TOW-BLR-004,2026-08-30T05:13:48Z,-77
a91a9ad7f674f50c12821a23db77ab9fec0f3a5f7846ac3a035639fd74c19c5b,TOW-BLR-003,2026-08-30T20:33:40Z,-66
aa44ba1bb9a6b63cc60a0ae6dbcfc2e798000a2af3ce5e5e3d0803a679875a60,TOW-BLR-002,2026-08-31T15:54:17Z,-85
8679f0fa29e477d1def3ae9e208876db0be8ecedd590b3ba6c5ce9a1caeb22c7,TOW-BLR-002,2026-08-30T23:33:02Z,-62
0c464a077072f36c3a1a180c5de7f5080817e7377fbe2dc5b1677c3adebac752,TOW-BLR-005,2026-08-30T03:56:28Z,-56
4a963e06b1fc70d0275420de2b12ed9ca98f83e89daa42cb95678b2dd0d555dd,TOW-BLR-003,2026-08-31T09:18:59Z,-69
406d6a732b582c4975f346fb213c5d688dba50d22ee577bd17cba7ea3d143772,TOW-BLR-005,2026-08-30T10:01:00Z,-82
cc6a64b393383a4ba1bb601bcf6b3acfae97f5d200518ae28211fdfde0f911f2,TOW-BLR-004,2026-08-30T21:11:45Z,-53
3914a31c587f0090d3fa33ffc0e20d8c98208ac7e2a63abf5b0dae856bcaf132,TOW-BLR-002,2026-08-30T15:53:03Z,-59
655badaedb0392e0426bcfed45623fff014b93f36c2bfbf9bff47b52c5b15140,TOW-BLR-002,2026-08-31T23:25:18Z,-110
dc73abbd70e6bdf2430496c0075788d1e3a0785579dbd18e7e606778ebd97d93,TOW-BLR-005,2026-08-30T07:25:25Z,-67
cbf710d65baba3fa8d515be70761860ae0362217228a5b27e316882ce252c18d,TOW-BLR-002,2026-08-31T03:25:11Z,-50
bfea41177792521cca94d1ee5637e5b077cf5b0d4a50e5861d4fd514573f7464,TOW-BLR-002,2026-08-30T04:06:06Z,-104
1d8716c4dd38df6890b9e1881e03d3ea4f9f5acb6e7823dbdbcca7fd418f2e2f,TOW-BLR-004,2026-08-30T13:04:49Z,-50
5f73ad762d52353a3814d8344b8c3c3871dac373b2bd5d1d1021399309c4f409,TOW-BLR-001,2026-08-31T13:31:58Z,-69
0928f1fd5b5c226c90dc8dfdbecaec4df23667879d91b0de73c8a659b3b51c9d,TOW-BLR-005,2026-08-31T07:35:23Z,-101
a84d124abd92dfd79e62cfbc455627dac349b078fdb26f691cbf968372549d77,TOW-BLR-004,2026-08-30T17:50:25Z,-108
b4137ecb3d80db814311d6a4053415d0bd71e8b4e4fb32b9f5a39b74d62a8504,TOW-BLR-002,2026-08-31T04:52:58Z,-79
4f972994f960f47d30723d1ce7f7ba4b4b54ef39b569eaec30e1bb2d411c90a7,TOW-BLR-005,2026-08-30T12:33:36Z,-69
1b8e2f4669c49257fcbc07db82dff985ebdcea2645c6b93aca03046d5731472a,TOW-BLR-004,2026-08-31T23:57:06Z,-105
c29f10eeeac39ff9da13cd1771e7013daa37b6f9553618953e642c0193b1105d,TOW-BLR-004,2026-08-31T23:21:15Z,-86
d2436884e59a142c599c677d7a8e920706502f134261082705708e2c52ff095c,TOW-BLR-004,2026-08-31T02:44:51Z,-110
b4137ecb3d80db814311d6a4053415d0bd71e8b4e4fb32b9f5a39b74d62a8504,TOW-BLR-001,2026-08-30T06:01:02Z,-103
cc6b3763e91ab45f13b630b1f96b0fac36879a3f0509992d02f2d39a5d256429,TOW-BLR-005,2026-08-30T16:22:45Z,-109
e10363f8958cd2b611c6abe035c04cb016a3c8d51154f65f6932a5c26f9ea68c,TOW-BLR-005,2026-08-31T17:41:51Z,-80
d2436884e59a142c599c677d7a8e920706502f134261082705708e2c52ff095c,TOW-BLR-001,2026-08-31T19:10:19Z,-99
2779749f7710949a4792cc1cccf83ac4506a22e7344db9bff0318b42e6108519,TOW-BLR-004,2026-08-31T22:56:17Z,-66
39fc2ded1476bc7aeb30d49ddc847faed054a01822a29d8cfcd965aadea576c3,TOW-BLR-003,2026-08-31T17:36:35Z,-102
a4488d9cbf53e318e7cd9beaf8a5512f8b50d81b4edfc6b0affdc8a4b4cbb2ba,TOW-BLR-003,2026-08-30T04:37:25Z,-65
a4a572481d7efb2b2dc685f091aa115e366949d975bbb259a0bff53e0e49dc3d,TOW-BLR-005,2026-08-30T13:27:47Z,-85
e26e1dc5e2e6d643677fb2630c682cf53779acc7fd5096db87510ecaa28fc078,TOW-BLR-001,2026-08-31T04:40:31Z,-75
815c8294c15a0369f897299acf164eb0c88d156163b6926d34a6c32225270d1d,TOW-BLR-005,2026-08-31T14:35:59Z,-79
e03084bd52a1de59f703c73a314b52bf9f7026848c2545312ce44ccc7b54e5d4,TOW-BLR-005,2026-08-31T18:34:41Z,-76
58c67f8ed21ef88fc36604b9c2852c28cd1a3a82f119db54c094ff2444e5899e,TOW-BLR-001,2026-08-30T15:06:25Z,-68
615d09c2e16982784eec18d1a485e4dfc8cb3a43bfafca019fdde222c11e4a25,TOW-BLR-001,2026-08-30T13:09:20Z,-55
f8a59b7cf1ffeefddb4cad82da9fb10563f4d8deb34e9d00533fcc65b639ddc9,TOW-BLR-002,2026-08-30T00:23:15Z,-75
dd35e063db12ee83e41574ec0d96a0e650341ace34a6c33951a9a571c96e3930,TOW-BLR-003,2026-08-30T08:57:35Z,-108
1e153199ebee9124b76aeb29141d81316036069970aeaae21b359e771d49fbcd,TOW-BLR-005,2026-08-30T15:01:01Z,-69
406d6a732b582c4975f346fb213c5d688dba50d22ee577bd17cba7ea3d143772,TOW-BLR-001,2026-08-31T16:57:35Z,-94
075c081e2edc77d960c5a77903c03dce2ff4a629cdac09a4bfc5c9be3eb03e12,TOW-BLR-001,2026-08-30T06:09:40Z,-103
74b278b09e7445e0d793bfc50d90bc456934a28ff41137b470d0b15f24cbc706,TOW-BLR-003,2026-08-31T02:28:24Z,-76
991ad61e050c36e38ee2d725869c32a32440da474d0e54c5f1ed130a6f1ecfe5,TOW-BLR-004,2026-08-31T23:55:32Z,-110
39bfa5d7a53ae5dc5e6fb7a1daa9c8667bbb8e31e055933cae3b960a780e2fc0,TOW-BLR-003,2026-08-30T03:21:42Z,-50
e1c50c60bd295187ed76df05350c2f8dda62be7db7100c9502d042ecb0647bea,TOW-BLR-005,2026-08-30T21:21:52Z,-68
64fdc51f368e71395a7448eb988c56d10bd682b76bb1403d56524552df9a8b1a,TOW-BLR-004,2026-08-30T10:11:02Z,-74
cc6b3763e91ab45f13b630b1f96b0fac36879a3f0509992d02f2d39a5d256429,TOW-BLR-003,2026-08-31T14:03:33Z,-52
1f79de33c2108975365a7031a039f6022577be75a0a004d91eefb2973f386493,TOW-BLR-005,2026-08-31T15:11:28Z,-78
e4e172eaeda63c2c9e8570d599346aca08ee96cdf2e322654453e0a15a2c30cd,TOW-BLR-001,2026-08-30T03:15:27Z,-95
ca9fb60d20be57a8aa44f49c9edb466c3cba0cff3de897735d88c52ff4d0dd37,TOW-BLR-002,2026-08-30T10:18:57Z,-91
a47f789aa388687028705b7f2d4547d8000047bb5ec34c7b31f59fa3ab8539a6,TOW-BLR-002,2026-08-30T09:46:21Z,-72
e6951d6c5a3a48fb67ac2286e053646bf0df327033541b173b88a0e682170299,TOW-BLR-002,2026-08-31T19:05:32Z,-88
2b74f741f3b9ec86d66a65850a5ee252863e775fdfc25e7467a62827b45f36b8,TOW-BLR-002,2026-08-31T21:18:55Z,-83
226d8826c385168e16b0917b76aa9c3f9bd852ee5d6f16791734803b3fff2069,TOW-BLR-005,2026-08-30T18:33:58Z,-94
733e613aa1af193c29f217e1041ea514990da8f1507065bf8b682122676bd98c,TOW-BLR-002,2026-08-31T05:07:53Z,-81
01d3d1ae9ffe5b587f8d18acb10f48bdc9446b971dba998f10683223125fde60,TOW-BLR-003,2026-08-31T06:58:21Z,-50
62cba2b3558fe5db259bb5840cd24e7515734f8b42d6f0d656cd4e814e601c9b,TOW-BLR-002,2026-08-31T15:01:24Z,-97
b97863b8c458045fcb570501b4a5f9f4e0129debab5c1098ac6a64dfc33444b1,TOW-BLR-003,2026-08-31T22:06:08Z,-66
75211b3edf6cbfd2bb503506dc3c73550c9179fda0a8f45f75153f013d13c222,TOW-BLR-002,2026-08-31T03:05:54Z,-74
1cb1be4b1497c4012d982486d14c4ff0b1955d00181b6d751e220ee7701403a8,TOW-BLR-005,2026-08-31T20:03:02Z,-100
b9f0f673df45e56702a2054de2329aefb3b6c6fd3ef2940d6ea1133b7f7baa67,TOW-BLR-002,2026-08-30T23:02:11Z,-60
39fc2ded1476bc7aeb30d49ddc847faed054a01822a29d8cfcd965aadea576c3,TOW-BLR-004,2026-08-30T01:53:12Z,-72
39bfa5d7a53ae5dc5e6fb7a1daa9c8667bbb8e31e055933cae3b960a780e2fc0,TOW-BLR-001,2026-08-30T19:40:11Z,-103
64fdc51f368e71395a7448eb988c56d10bd682b76bb1403d56524552df9a8b1a,TOW-BLR-001,2026-08-31T15:55:51Z,-84
e03084bd52a1de59f703c73a314b52bf9f7026848c2545312ce44ccc7b54e5d4,TOW-BLR-003,2026-08-31T22:36:58Z,-105
dc73abbd70e6bdf2430496c0075788d1e3a0785579dbd18e7e606778ebd97d93,TOW-BLR-003,2026-08-30T19:53:51Z,-101
21308ebc339ed29ba2719c3421b30cf3d970d86d5452bf72124521884c6e130e,TOW-BLR-002,2026-08-30T19:55:34Z,-110
a4488d9cbf53e318e7cd9beaf8a5512f8b50d81b4edfc6b0affdc8a4b4cbb2ba,TOW-BLR-004,2026-08-30T16:10:55Z,-86
8cfb6b888a7f0c057eb5a53552975702d7397eeecd4f696e49a7df9588c2e1f8,TOW-BLR-001,2026-08-30T08:59:35Z,-99
680ae478d9e8f0a61999e67f1223f32e269acc9daf00ee8e31b0c7a99bfae5d4,TOW-BLR-003,2026-08-31T18:52:37Z,-58
9752b374a6dca9438cf640f07ee97b5e9219d13a25c503ca0931f630f408007f,TOW-BLR-004,2026-08-30T06:57:25Z,-77
763fd87be48fc3c8c3709f9544d328717bb1ddb9678344ebbda99fadce1b5355,TOW-BLR-005,2026-08-30T20:32:03Z,-75
6462b2c251ec37a5786c7556a054354f7b7ccc68c7231ead15389dfb39f86d1f,TOW-BLR-005,2026-08-30T07:12:49Z,-53
06e2f299519cc999898b2f300730199ef511a5aecd416e005ef6eed49149b4b5,TOW-BLR-002,2026-08-30T23:09:20Z,-50
ea65e1e9e85234a2d75d1068dcd45e323543e123130f0600ce591123eafc8600,TOW-BLR-004,2026-08-30T13:09:22Z,-88
9752b374a6dca9438cf640f07ee97b5e9219d13a25c503ca0931f630f408007f,TOW-BLR-005,2026-08-31T16:10:17Z,-72
0914bcb9c4e6585bba37c48570774e86f8d87ff884fede75c8d19d9c85ccb3ed,TOW-BLR-004,2026-08-31T10:43:26Z,-73
1e153199ebee9124b76aeb29141d81316036069970aeaae21b359e771d49fbcd,TOW-BLR-003,2026-08-30T00:41:29Z,-67
28bce8f903d29d7ffd117da4022d6a8f445c0bb61d25d9b3130bfc6b7f07a0b9,TOW-BLR-002,2026-08-31T23:52:56Z,-102
e9024445f21f5d8c0dea88c26cf1d644e07bd5fb795be39b8b55c7ec859cee17,TOW-BLR-004,2026-08-31T17:19:42Z,-63
71cb904b7291d0d2e45d4ff2e2770e09787864e217f69784a47441a4403c066e,TOW-BLR-001,2026-08-31T22:32:40Z,-87
dd7bd4bcfc023cea77828a9d4467d55ac276d5425902f5552381e6e0f98bce8c,TOW-BLR-002,2026-08-31T20:19:27Z,-84
19655e9e203fc8dd4a2cb9c57c67a2bcb90bd417b22c2e9b970eab144ddae4eb,TOW-BLR-004,2026-08-30T13:19:59Z,-82
1f79de33c2108975365a7031a039f6022577be75a0a004d91eefb2973f386493,TOW-BLR-004,2026-08-31T12:34:16Z,-92
d2436884e59a142c599c677d7a8e920706502f134261082705708e2c52ff095c,TOW-BLR-004,2026-08-31T13:54:30Z,-50
c2e085ff3106211c72863a7a99360642c5170eadd9a22346a895f4cec806fc92,TOW-BLR-002,2026-08-30T22:13:23Z,-70
a47f789aa388687028705b7f2d4547d8000047bb5ec34c7b31f59fa3ab8539a6,TOW-BLR-001,2026-08-30T22:15:27Z,-84
50910d451937c8598faa62cd6d80123690e3d3e18a319df65da8c93c6497cef1,TOW-BLR-003,2026-08-30T06:33:49Z,-70
acc639aa3e154ebcb8bacfdda9c6cd45fc7fab52b0b141e2e9dcf2f2c3a30288,TOW-BLR-001,2026-08-30T17:28:44Z,-50
63e057fde085f12ed5175da4bedf4ca9b785b50614b0d21a48adcd1cd457483f,TOW-BLR-002,2026-08-31T17:53:35Z,-107
01d3d1ae9ffe5b587f8d18acb10f48bdc9446b971dba998f10683223125fde60,TOW-BLR-003,2026-08-31T16:21:09Z,-51
8db711f1e9c56e3ec7d23fcbbb50874c31595217047cef55c4464670811dea54,TOW-BLR-001,2026-08-31T06:52:24Z,-67
7a055fdd3bd61d3427439dba09a185a5bb286f6a7354ca8b9faac95268f96bf7,TOW-BLR-002,2026-08-31T10:55:38Z,-79
28bce8f903d29d7ffd117da4022d6a8f445c0bb61d25d9b3130bfc6b7f07a0b9,TOW-BLR-005,2026-08-30T09:04:47Z,-85
4ee1d1663fe1c8dba22aff6390d16ec929cd2c6dd08c33a43efdf55d10c2ed5b,TOW-BLR-005,2026-08-30T13:50:55Z,-52
6f69d588e0a357f690fe95f6b229ebae3116d34f1e5fdead5d1157845ba5d384,TOW-BLR-001,2026-08-31T06:56:45Z,-66
64fdc51f368e71395a7448eb988c56d10bd682b76bb1403d56524552df9a8b1a,TOW-BLR-003,2026-08-30T17:47:02Z,-63
749b8c6b6e329536c169d086aacabc027ba8ca8d5b21588417083626197c27be,TOW-BLR-005,2026-08-31T20:21:36Z,-108
c1a2661f7ff113cb0271c9f8ba51b6cf211909fde3b6355be005d33986875097,TOW-BLR-004,2026-08-30T12:16:19Z,-67
626a8c724bbe99a359d58cf8b9793fc42a5ea2ccee33814a7d1e2410fe9aefa8,TOW-BLR-005,2026-08-30T16:23:20Z,-99
226d8826c385168e16b0917b76aa9c3f9bd852ee5d6f16791734803b3fff2069,TOW-BLR-003,2026-08-30T09:42:28Z,-78
1f79de33c2108975365a7031a039f6022577be75a0a004d91eefb2973f386493,TOW-BLR-001,2026-08-31T06:46:54Z,-79
733e613aa1af193c29f217e1041ea514990da8f1507065bf8b682122676bd98c,TOW-BLR-002,2026-08-31T03:10:54Z,-103
0928f1fd5b5c226c90dc8dfdbecaec4df23667879d91b0de73c8a659b3b51c9d,TOW-BLR-002,2026-08-31T15:15:26Z,-56
241f4bcd27c2cbf458ad7db886b03a52f063f0acae2773adeb9c65f1a5cb3050,TOW-BLR-001,2026-08-30T21:07:18Z,-91
0163aad1b721e6f0eac7043f23aa95135f7e6264d73cb85f4771d5599f9e75bf,TOW-BLR-003,2026-08-30T19:16:42Z,-97
7621de8ca83cbcd279167f556516c491dadb09330607c1f0ad30436e496097d6,TOW-BLR-005,2026-08-31T04:39:45Z,-97
aa44ba1bb9a6b63cc60a0ae6dbcfc2e798000a2af3ce5e5e3d0803a679875a60,TOW-BLR-003,2026-08-31T22:49:11Z,-78
a555bd5f4da0fa7f434ab161a8964c5a8c7a727c3a05eda72767d5e76a703d7d,TOW-BLR-001,2026-08-31T09:43:07Z,-53
8f6c3567020fe5158954a16a90fe942b05b979cc3d21185db7682c502a185a2e,TOW-BLR-004,2026-08-30T04:11:12Z,-88
c01a6992a61aa93d4e9d9f42d82df188c91b3e1f2d06f347a56337292c8a85a7,TOW-BLR-005,2026-08-31T09:31:19Z,-89
67f8aaafd23c1ac8be42715dbd8dcd8206070aaa4abe91897ec5c55283c6408e,TOW-BLR-003,2026-08-30T07:48:12Z,-110
763fd87be48fc3c8c3709f9544d328717bb1ddb9678344ebbda99fadce1b5355,TOW-BLR-002,2026-08-31T05:16:39Z,-88
906a0bc76e88bfe2444e9d7e957f0bb1d037f9869c84ba6e88b051c6053a31dc,TOW-BLR-001,2026-08-31T07:22:12Z,-79
33110e1e2edeb3a9f3e629796e97941741f999576247d8073ff1e272bed7fff4,TOW-BLR-001,2026-08-31T14:31:39Z,-78
528f9d1c169746b6a29d77cb1f91df1f22d5e7bcf1e58a917a90e4f6a52df000,TOW-BLR-002,2026-08-31T05:54:27Z,-103
2c81ff0b42af0ac31a2c1bb6367fe9c71a4db98f91ee9dd8dae0d9952724a68b,TOW-BLR-004,2026-08-30T00:30:11Z,-101
241f4bcd27c2cbf458ad7db886b03a52f063f0acae2773adeb9c65f1a5cb3050,TOW-BLR-003,2026-08-30T16:27:49Z,-80
da46c1b20bb0c378edcaee8832ed4f959a5ebdd74213d9ad63df0f498f6bd2b4,TOW-BLR-003,2026-08-30T21:47:35Z,-87
bfea41177792521cca94d1ee5637e5b077cf5b0d4a50e5861d4fd514573f7464,TOW-BLR-002,2026-08-31T15:03:41Z,-59
71cb904b7291d0d2e45d4ff2e2770e09787864e217f69784a47441a4403c066e,TOW-BLR-001,2026-08-31T07:56:09Z,-68
a63f135b6223cee83a6aec5fa5b330aa5bee7f690ed3de3fc0b1541db348bac9,TOW-BLR-004,2026-08-30T11:47:03Z,-102
1f79de33c2108975365a7031a039f6022577be75a0a004d91eefb2973f386493,TOW-BLR-004,2026-08-30T00:25:23Z,-88
a9cb35a4fd627463d2028b97d80463eba8976d54e3f9ecdc40b17877be95bf19,TOW-BLR-002,2026-08-30T08:03:30Z,-98
41cfb62dc545f52a623ca34ff6274e78e3c806640f9c315637adf5a9f9fca5d1,TOW-BLR-001,2026-08-30T09:44:03Z,-85
b9f0f673df45e56702a2054de2329aefb3b6c6fd3ef2940d6ea1133b7f7baa67,TOW-BLR-003,2026-08-30T02:18:05Z,-100
71545b7cc76f2b684ffbd6fa39c0b37a3cebb903f1ae21d330405c6a682803ab,TOW-BLR-002,2026-08-31T10:54:04Z,-68
71cb904b7291d0d2e45d4ff2e2770e09787864e217f69784a47441a4403c066e,TOW-BLR-001,2026-08-31T06:39:47Z,-79
5561f501d23467b9e6955b39f1be445c0b050c65c9d2dc64742fe9d371f3ceab,TOW-BLR-004,2026-08-30T09:16:46Z,-90
ea65e1e9e85234a2d75d1068dcd45e323543e123130f0600ce591123eafc8600,TOW-BLR-004,2026-08-31T12:32:39Z,-64
aa44ba1bb9a6b63cc60a0ae6dbcfc2e798000a2af3ce5e5e3d0803a679875a60,TOW-BLR-004,2026-08-30T09:34:10Z,-103
e747d03e9c44baba2eb35f2a03b141dc9fb150e979435990e40d4d2588df5cb3,TOW-BLR-001,2026-08-30T01:32:24Z,-102
b81ed4ffe6a708d799c3f4f207982b64479e2e81b941b8534a79f725fe6ed2e8,TOW-BLR-003,2026-08-31T12:24:32Z,-110
241f4bcd27c2cbf458ad7db886b03a52f063f0acae2773adeb9c65f1a5cb3050,TOW-BLR-002,2026-08-30T03:47:21Z,-67
6f69d588e0a357f690fe95f6b229ebae3116d34f1e5fdead5d1157845ba5d384,TOW-BLR-003,2026-08-31T07:17:14Z,-72
2d895a911f5789f518089b46011e7e6e61c0baf1b0808c4cc511b1f00ac3c55b,TOW-BLR-001,2026-08-31T07:37:36Z,-80
30eee72284276f0a5044a80defca7a33cf9def9620a784c6cb88b0f812477240,TOW-BLR-003,2026-08-31T11:23:03Z,-105
eebec9b0998a8822dbdf98d57efcfbf13e2008e9a7afd4def57a07fc3a7db792,TOW-BLR-004,2026-08-30T18:02:25Z,-71
b81ed4ffe6a708d799c3f4f207982b64479e2e81b941b8534a79f725fe6ed2e8,TOW-BLR-005,2026-08-30T13:36:24Z,-95
2b74f741f3b9ec86d66a65850a5ee252863e775fdfc25e7467a62827b45f36b8,TOW-BLR-001,2026-08-30T19:11:22Z,-66
39bfa5d7a53ae5dc5e6fb7a1daa9c8667bbb8e31e055933cae3b960a780e2fc0,TOW-BLR-004,2026-08-30T14:26:52Z,-80
19655e9e203fc8dd4a2cb9c57c67a2bcb90bd417b22c2e9b970eab144ddae4eb,TOW-BLR-001,2026-08-31T12:34:43Z,-71
f075856bccab281555b78e7b9aa45224d7fdbb1b65f1be673de9702f53dbdc94,TOW-BLR-002,2026-08-31T19:02:58Z,-70
c331a6b20a84257bab78df7177103605e5f668c2b4e8c00a9c44bc40b5ef93eb,TOW-BLR-002,2026-08-30T16:42:11Z,-103
210e5cb2855dfb9080fd95bf683a00dab57522ed81797bf9e43c65006061b3b2,TOW-BLR-004,2026-08-30T02:47:37Z,-93
033cb5d2a369636fca13cc266088ef49b139033d26568e95cfc45648b2f00aff,TOW-BLR-002,2026-08-31T07:02:32Z,-109
41e7a957c31f1cfac990f14b9802f83af2b2ddbf12f52ea52b7c072dee84689b,TOW-BLR-002,2026-08-30T06:37:18Z,-55
5f73ad762d52353a3814d8344b8c3c3871dac373b2bd5d1d1021399309c4f409,TOW-BLR-004,2026-08-31T05:39:30Z,-77
ec92a3f62ddb9be57763b65d15f9909e8471fbeceb75ee00f71bff38eee7a199,TOW-BLR-002,2026-08-30T16:08:57Z,-89
bfea41177792521cca94d1ee5637e5b077cf5b0d4a50e5861d4fd514573f7464,TOW-BLR-004,2026-08-30T04:28:02Z,-78
bfea41177792521cca94d1ee5637e5b077cf5b0d4a50e5861d4fd514573f7464,TOW-BLR-001,2026-08-30T22:09:27Z,-103
71cb904b7291d0d2e45d4ff2e2770e09787864e217f69784a47441a4403c066e,TOW-BLR-003,2026-08-30T20:25:46Z,-50
763fd87be48fc3c8c3709f9544d328717bb1ddb9678344ebbda99fadce1b5355,TOW-BLR-004,2026-08-30T17:59:01Z,-90
615d09c2e16982784eec18d1a485e4dfc8cb3a43bfafca019fdde222c11e4a25,TOW-BLR-001,2026-08-30T13:14:05Z,-108
7621de8ca83cbcd279167f556516c491dadb09330607c1f0ad30436e496097d6,TOW-BLR-001,2026-08-30T23:25:15Z,-97
e53081484a5eb1c0f5f73ecf0cd933511de4c4ffc753f057daa54f7c32018d01,TOW-BLR-004,2026-08-30T20:24:02Z,-52
c1a2661f7ff113cb0271c9f8ba51b6cf211909fde3b6355be005d33986875097,TOW-BLR-001,2026-08-31T07:22:39Z,-99
e1666c1ff291b7c40b69df20c664fa769b46a15bdf7ad72bf1ffd72f63d51649,TOW-BLR-004,2026-08-31T02:28:30Z,-89
4f972994f960f47d30723d1ce7f7ba4b4b54ef39b569eaec30e1bb2d411c90a7,TOW-BLR-001,2026-08-30T07:03:18Z,-68
4ee1d1663fe1c8dba22aff6390d16ec929cd2c6dd08c33a43efdf55d10c2ed5b,TOW-BLR-005,2026-08-30T09:29:19Z,-89
dc73abbd70e6bdf2430496c0075788d1e3a0785579dbd18e7e606778ebd97d93,TOW-BLR-003,2026-08-31T18:52:59Z,-77
a6b9b064c298e3a2b3f93834e33675a4415900230ca5a96e1e9963baafbf4749,TOW-BLR-003,2026-08-30T17:20:56Z,-69
d2436884e59a142c599c677d7a8e920706502f134261082705708e2c52ff095c,TOW-BLR-002,2026-08-31T18:32:57Z,-86
e742f7d717510b229a774a833b4b2c40258e2e69aad964973c15e5a973b3de65,TOW-BLR-001,2026-08-30T09:30:05Z,-70
1b8e2f4669c49257fcbc07db82dff985ebdcea2645c6b93aca03046d5731472a,TOW-BLR-005,2026-08-30T08:45:50Z,-108
e10363f8958cd2b611c6abe035c04cb016a3c8d51154f65f6932a5c26f9ea68c,TOW-BLR-002,2026-08-30T14:02:54Z,-65
dd35e063db12ee83e41574ec0d96a0e650341ace34a6c33951a9a571c96e3930,TOW-BLR-001,2026-08-30T05:27:09Z,-50
3a489a1f2d50a7145610c51b0f2ba3fb83cb5fe91c12c2961b086df8092a6c88,TOW-BLR-005,2026-08-31T00:58:08Z,-91
bfc7e0570fc2fd1ef8e941c2837e63172945abb8d7e14746ca0f6e8ccdd960cf,TOW-BLR-004,2026-08-30T14:42:32Z,-76
0f8c011e3f0544059dbe2826c17ede5deba80e3c137a94288dfb04b168dcdace,TOW-BLR-002,2026-08-30T03:11:24Z,-102
033cb5d2a369636fca13cc266088ef49b139033d26568e95cfc45648b2f00aff,TOW-BLR-004,2026-08-31T16:05:09Z,-65
e1666c1ff291b7c40b69df20c664fa769b46a15bdf7ad72bf1ffd72f63d51649,TOW-BLR-005,2026-08-31T01:17:32Z,-53
c560197b9883fc6dc7bc02134561f285436b6ef7c206d7b6feace00057691273,TOW-BLR-004,2026-08-31T21:51:55Z,-65
b4137ecb3d80db814311d6a4053415d0bd71e8b4e4fb32b9f5a39b74d62a8504,TOW-BLR-004,2026-08-30T04:55:49Z,-80
b9f0f673df45e56702a2054de2329aefb3b6c6fd3ef2940d6ea1133b7f7baa67,TOW-BLR-005,2026-08-31T12:41:26Z,-60
bdc3ac20257eed8311edda7e668474d29467a33bcdc30a5ac7180a038097af23,TOW-BLR-002,2026-08-31T19:37:44Z,-93
cc6a64b393383a4ba1bb601bcf6b3acfae97f5d200518ae28211fdfde0f911f2,TOW-BLR-002,2026-08-30T21:05:31Z,-108
3f24dc89df996ef63c8289393b934feed72d9dbb13a7e4e2180dcd25f0f50391,TOW-BLR-005,2026-08-30T04:25:36Z,-60
374990eb0fbeabeaa27b11dd595064faf7e817abd85676d2ccb3da4f44acbd11,TOW-BLR-002,2026-08-31T04:56:40Z,-79
e01d811a79fc578af3d4139e61bb2d3e543e3069a4328eddce1bac46495508f1,TOW-BLR-005,2026-08-31T13:23:27Z,-106
4fbb32d4a24fe104c5dd461ac6280dbd58883363fbc54ce5080ba8175198cb11,TOW-BLR-004,2026-08-31T13:05:04Z,-86
070f49e260bfad8f443dd7b6c77454a5ea3a32ddb069aa900164197386693a9f,TOW-BLR-004,2026-08-31T05:11:20Z,-72
6462b2c251ec37a5786c7556a054354f7b7ccc68c7231ead15389dfb39f86d1f,TOW-BLR-002,2026-08-30T13:24:11Z,-110
9640ffa8fd3b6c05321013dd64ca4ba4bcd7e82047fb9c0c01f898481d00e72b,TOW-BLR-005,2026-08-30T15:51:36Z,-73
cc6a64b393383a4ba1bb601bcf6b3acfae97f5d200518ae28211fdfde0f911f2,TOW-BLR-001,2026-08-31T13:20:26Z,-81
ab29fe932a9f2189b8c48828b4965af27e0f4b704a59b256091d92391aa403f1,TOW-BLR-005,2026-08-30T18:50:51Z,-91
1cb1a3f105243c12f43e49ea3b7f2a77275a1fbbb926af3b761ccc42bf7f8bbb,TOW-BLR-002,2026-08-30T21:34:49Z,-65
71cb904b7291d0d2e45d4ff2e2770e09787864e217f69784a47441a4403c066e,TOW-BLR-005,2026-08-30T08:40:22Z,-100
367c904c22b232e98be959f9aa1f1fe766a88044d97e83bb2cb2b458e7c9235d,TOW-BLR-001,2026-08-31T14:51:11Z,-95
30eee72284276f0a5044a80defca7a33cf9def9620a784c6cb88b0f812477240,TOW-BLR-001,2026-08-31T22:34:31Z,-101
9ba90f668aca95ce3bca5da8ca344e5e8f19a61ad84a6b76b5363cb4bae36980,TOW-BLR-003,2026-08-30T09:40:57Z,-93
d4d9b138de4939b5a64d664afbd8ffb6be0bb1d9157e5b907b48f4b8b7fb5816,TOW-BLR-001,2026-08-31T22:46:44Z,-95
58a6e3dc4206df0cba91aa32a701bea7293f9d9e17d386b2f2b0411cc01d9720,TOW-BLR-002,2026-08-31T14:55:40Z,-103
7621de8ca83cbcd279167f556516c491dadb09330607c1f0ad30436e496097d6,TOW-BLR-003,2026-08-31T22:04:14Z,-72
374990eb0fbeabeaa27b11dd595064faf7e817abd85676d2ccb3da4f44acbd11,TOW-BLR-003,2026-08-30T23:38:01Z,-105
e1c50c60bd295187ed76df05350c2f8dda62be7db7100c9502d042ecb0647bea,TOW-BLR-005,2026-08-30T19:13:36Z,-64
31c0098e266a1dc96abc21f4bd1fa31bf006516ef1520e430ef0b92bba07ae9e,TOW-BLR-004,2026-08-31T20:31:36Z,-92
2e5363d57be11745b6badea9f90e0d46330f696bd5b930c72e77374c42069361,TOW-BLR-001,2026-08-31T21:34:50Z,-58
906a0bc76e88bfe2444e9d7e957f0bb1d037f9869c84ba6e88b051c6053a31dc,TOW-BLR-003,2026-08-30T15:58:02Z,-64
12030bfb87a972728846acb9e72576256886534bdc90af27da64fc64607c03c5,TOW-BLR-003,2026-08-30T12:52:10Z,-94
374990eb0fbeabeaa27b11dd595064faf7e817abd85676d2ccb3da4f44acbd11,TOW-BLR-001,2026-08-31T15:07:53Z,-68
21308ebc339ed29ba2719c3421b30cf3d970d86d5452bf72124521884c6e130e,TOW-BLR-005,2026-08-30T07:45:03Z,-64
1b8e2f4669c49257fcbc07db82dff985ebdcea2645c6b93aca03046d5731472a,TOW-BLR-004,2026-08-31T23:36:36Z,-94
21308ebc339ed29ba2719c3421b30cf3d970d86d5452bf72124521884c6e130e,TOW-BLR-005,2026-08-31T16:06:49Z,-97
815c8294c15a0369f897299acf164eb0c88d156163b6926d34a6c32225270d1d,TOW-BLR-004,2026-08-30T16:03:59Z,-90
71cb904b7291d0d2e45d4ff2e2770e09787864e217f69784a47441a4403c066e,TOW-BLR-002,2026-08-31T18:21:19Z,-70
9752b374a6dca9438cf640f07ee97b5e9219d13a25c503ca0931f630f408007f,TOW-BLR-004,2026-08-30T11:20:00Z,-82
e8f00016406bb08c12dc8c0e43fc32a1da7071e14c3cea997d3566848d75a7b4,TOW-BLR-004,2026-08-31T02:50:36Z,-101
528f9d1c169746b6a29d77cb1f91df1f22d5e7bcf1e58a917a90e4f6a52df000,TOW-BLR-004,2026-08-30T06:49:20Z,-79
f075856bccab281555b78e7b9aa45224d7fdbb1b65f1be673de9702f53dbdc94,TOW-BLR-004,2026-08-30T13:28:23Z,-58
dba1521b6091cf64b9de658c2f1eb1ce93fc8d45c84778661bf95cff148582e0,TOW-BLR-002,2026-08-30T13:45:08Z,-74
cc6b3763e91ab45f13b630b1f96b0fac36879a3f0509992d02f2d39a5d256429,TOW-BLR-002,2026-08-31T23:09:15Z,-92
bdc3ac20257eed8311edda7e668474d29467a33bcdc30a5ac7180a038097af23,TOW-BLR-003,2026-08-30T11:51:48Z,-54
645cb5ae33ecbf471ebf101aef4c781e2f0b1a50c071ca9ee7ae5ce4e8f430b8,TOW-BLR-004,2026-08-31T20:15:36Z,-98
111b3f239d51625aee293406aa6afb86b456d53d1e14d80cc74ba885d322a03a,TOW-BLR-002,2026-08-30T05:14:47Z,-83
faf4897f37a82eaf9e8cb074678fdf8a3179b6174545b37131e9854d06b84f6a,TOW-BLR-004,2026-08-31T22:58:34Z,-85
a4488d9cbf53e318e7cd9beaf8a5512f8b50d81b4edfc6b0affdc8a4b4cbb2ba,TOW-BLR-005,2026-08-30T09:59:50Z,-64
ea65e1e9e85234a2d75d1068dcd45e323543e123130f0600ce591123eafc8600,TOW-BLR-001,2026-08-31T19:55:49Z,-104
41fb42693e5559e4b7fd8d6cb4b0bbe89b98897c4d2fb30dd85c32276f044277,TOW-BLR-004,2026-08-30T01:30:30Z,-103
a555bd5f4da0fa7f434ab161a8964c5a8c7a727c3a05eda72767d5e76a703d7d,TOW-BLR-001,2026-08-31T22:55:47Z,-51
f639adcff8a55ba9d5eae8cb29118e2cf7a99cef509afa19f23e7c9e34413df7,TOW-BLR-002,2026-08-30T18:05:01Z,-61
01d3d1ae9ffe5b587f8d18acb10f48bdc9446b971dba998f10683223125fde60,TOW-BLR-003,2026-08-30T10:23:11Z,-50
a84d124abd92dfd79e62cfbc455627dac349b078fdb26f691cbf968372549d77,TOW-BLR-005,2026-08-30T00:58:58Z,-60
12030bfb87a972728846acb9e72576256886534bdc90af27da64fc64607c03c5,TOW-BLR-001,2026-08-30T07:44:36Z,-76
2d895a911f5789f518089b46011e7e6e61c0baf1b0808c4cc511b1f00ac3c55b,TOW-BLR-003,2026-08-30T06:11:13Z,-98
c89efbb027c12f4b909983c4355aec7fcd703fe6189044ce7d0594af3eb770d4,TOW-BLR-004,2026-08-31T16:59:08Z,-53
7c3444809193dd8892bd3d5406741e9e223bd5de3febc017ef431a8d712e364f,TOW-BLR-002,2026-08-30T22:22:59Z,-89
7db41c47095120834f255ed6a9005c4edc4b430ef019eb6f4df2754c2b3d228a,TOW-BLR-002,2026-08-30T17:45:13Z,-107
3a489a1f2d50a7145610c51b0f2ba3fb83cb5fe91c12c2961b086df8092a6c88,TOW-BLR-003,2026-08-31T21:41:31Z,-76
ac4d86152237babe16e522e0f80f243fccc135f73a43438fda309a2c79d06c46,TOW-BLR-001,2026-08-30T03:14:32Z,-104
3a489a1f2d50a7145610c51b0f2ba3fb83cb5fe91c12c2961b086df8092a6c88,TOW-BLR-003,2026-08-30T07:28:07Z,-78
a9cb35a4fd627463d2028b97d80463eba8976d54e3f9ecdc40b17877be95bf19,TOW-BLR-004,2026-08-30T10:19:41Z,-110
2c81ff0b42af0ac31a2c1bb6367fe9c71a4db98f91ee9dd8dae0d9952724a68b,TOW-BLR-002,2026-08-30T01:44:51Z,-96
bfea41177792521cca94d1ee5637e5b077cf5b0d4a50e5861d4fd514573f7464,TOW-BLR-004,2026-08-30T10:43:53Z,-88
26796abc3ac290807b505dea3353c73ca9adc03dcb3dcd68e74c4d00e5e068f8,TOW-BLR-003,2026-08-30T16:26:54Z,-52
0914bcb9c4e6585bba37c48570774e86f8d87ff884fede75c8d19d9c85ccb3ed,TOW-BLR-004,2026-08-30T08:11:07Z,-79
991ad61e050c36e38ee2d725869c32a32440da474d0e54c5f1ed130a6f1ecfe5,TOW-BLR-001,2026-08-30T16:20:57Z,-104
3f24dc89df996ef63c8289393b934feed72d9dbb13a7e4e2180dcd25f0f50391,TOW-BLR-003,2026-08-31T02:01:06Z,-106
41e7a957c31f1cfac990f14b9802f83af2b2ddbf12f52ea52b7c072dee84689b,TOW-BLR-003,2026-08-30T08:37:04Z,-87
aa44ba1bb9a6b63cc60a0ae6dbcfc2e798000a2af3ce5e5e3d0803a679875a60,TOW-BLR-001,2026-08-30T03:09:23Z,-72
3108f70e3438057186993335f56bd6c6d9ffe0a74ee099c8be28fdfc35c97a2c,TOW-BLR-002,2026-08-31T07:12:42Z,-77
97368f3c02f48f75894e4de8193414fce44ead3ef4706afdcafa5d91758315d7,TOW-BLR-005,2026-08-30T13:12:23Z,-67
ef381ec30b82913c60a6c06d3c429ef4f754d856719fe68096ff9c3cff940bfb,TOW-BLR-002,2026-08-30T21:57:33Z,-71
815c8294c15a0369f897299acf164eb0c88d156163b6926d34a6c32225270d1d,TOW-BLR-003,2026-08-31T01:22:07Z,-54
774d203000b86f167d2636b3e581ecddd77c2e1843ee17aa0a70e6d8db614c2a,TOW-BLR-003,2026-08-31T12:21:15Z,-68
d427539d777d7e1658638290cb9fab436f06cc47d74eaa6fe686b199b2b20b25,TOW-BLR-003,2026-08-30T05:33:39Z,-60
7621de8ca83cbcd279167f556516c491dadb09330607c1f0ad30436e496097d6,TOW-BLR-002,2026-08-31T23:45:28Z,-101
541b2920d264e79295106f9481dd0b84153d03d56baa980f48caacdedab79cfe,TOW-BLR-002,2026-08-31T04:26:33Z,-82
0f8c011e3f0544059dbe2826c17ede5deba80e3c137a94288dfb04b168dcdace,TOW-BLR-004,2026-08-30T04:54:05Z,-103
2d79558bb4e3c15673ad08352dde6e8c13ea6fb69dde51ff483f3ccbb7f795c3,TOW-BLR-004,2026-08-30T20:16:40Z,-101
63e057fde085f12ed5175da4bedf4ca9b785b50614b0d21a48adcd1cd457483f,TOW-BLR-003,2026-08-30T09:17:12Z,-99
241f4bcd27c2cbf458ad7db886b03a52f063f0acae2773adeb9c65f1a5cb3050,TOW-BLR-004,2026-08-31T01:40:34Z,-90
8db711f1e9c56e3ec7d23fcbbb50874c31595217047cef55c4464670811dea54,TOW-BLR-004,2026-08-31T11:02:46Z,-66
438def5eabfbb68a3b92db643ef7878613bbc2faa66a7a86b4eba14d00bd1745,TOW-BLR-004,2026-08-31T19:49:03Z,-60
c331a6b20a84257bab78df7177103605e5f668c2b4e8c00a9c44bc40b5ef93eb,TOW-BLR-003,2026-08-30T10:03:53Z,-59
9ba90f668aca95ce3bca5da8ca344e5e8f19a61ad84a6b76b5363cb4bae36980,TOW-BLR-002,2026-08-31T03:54:09Z,-84
5561f501d23467b9e6955b39f1be445c0b050c65c9d2dc64742fe9d371f3ceab,TOW-BLR-004,2026-08-31T15:13:49Z,-76
8db711f1e9c56e3ec7d23fcbbb50874c31595217047cef55c4464670811dea54,TOW-BLR-005,2026-08-31T15:02:44Z,-58
f2055c8b46b26b9a2e5732e9978e2bc147a79c229c37c88d62397440e84a9adc,TOW-BLR-004,2026-08-30T06:05:19Z,-73
c2e085ff3106211c72863a7a99360642c5170eadd9a22346a895f4cec806fc92,TOW-BLR-004,2026-08-31T14:22:15Z,-74
04a4b90e332aa366ee3ff9d9f986e3770ce54d4b0b50f60b8194bd7533083d47,TOW-BLR-002,2026-08-30T06:21:12Z,-95
dc73abbd70e6bdf2430496c0075788d1e3a0785579dbd18e7e606778ebd97d93,TOW-BLR-001,2026-08-30T14:48:08Z,-56
e514f926f417d960da222d7a1c16d5b31d7dfc71fa5140f104670febd095e2c6,TOW-BLR-003,2026-08-31T16:39:34Z,-80
e747d03e9c44baba2eb35f2a03b141dc9fb150e979435990e40d4d2588df5cb3,TOW-BLR-002,2026-08-30T08:01:16Z,-107
2c81ff0b42af0ac31a2c1bb6367fe9c71a4db98f91ee9dd8dae0d9952724a68b,TOW-BLR-003,2026-08-31T02:16:36Z,-56
075c081e2edc77d960c5a77903c03dce2ff4a629cdac09a4bfc5c9be3eb03e12,TOW-BLR-002,2026-08-30T21:27:33Z,-81
e9024445f21f5d8c0dea88c26cf1d644e07bd5fb795be39b8b55c7ec859cee17,TOW-BLR-005,2026-08-31T06:39:42Z,-95
e4e172eaeda63c2c9e8570d599346aca08ee96cdf2e322654453e0a15a2c30cd,TOW-BLR-002,2026-08-30T04:04:04Z,-63
c89efbb027c12f4b909983c4355aec7fcd703fe6189044ce7d0594af3eb770d4,TOW-BLR-001,2026-08-30T10:25:06Z,-86
9223f782eeb1eef2af92c9ef48f9e721834d0e8fbfef6fafe4c83c0c15b71264,TOW-BLR-001,2026-08-31T06:55:34Z,-87
5f73ad762d52353a3814d8344b8c3c3871dac373b2bd5d1d1021399309c4f409,TOW-BLR-001,2026-08-31T18:21:04Z,-106
7db41c47095120834f255ed6a9005c4edc4b430ef019eb6f4df2754c2b3d228a,TOW-BLR-005,2026-08-30T11:31:04Z,-109
3914a31c587f0090d3fa33ffc0e20d8c98208ac7e2a63abf5b0dae856bcaf132,TOW-BLR-003,2026-08-30T10:17:15Z,-105
faf4897f37a82eaf9e8cb074678fdf8a3179b6174545b37131e9854d06b84f6a,TOW-BLR-001,2026-08-30T00:54:30Z,-74
6f69d588e0a357f690fe95f6b229ebae3116d34f1e5fdead5d1157845ba5d384,TOW-BLR-004,2026-08-30T10:54:07Z,-62
f075856bccab281555b78e7b9aa45224d7fdbb1b65f1be673de9702f53dbdc94,TOW-BLR-004,2026-08-30T10:12:09Z,-63
963a9f6d2ede09f587dc708254327c775a8dbb7ebfa4ee671035859c4dd2b5b9,TOW-BLR-003,2026-08-31T10:14:16Z,-84
0f8c011e3f0544059dbe2826c17ede5deba80e3c137a94288dfb04b168dcdace,TOW-BLR-003,2026-08-31T08:19:45Z,-60
75211b3edf6cbfd2bb503506dc3c73550c9179fda0a8f45f75153f013d13c222,TOW-BLR-001,2026-08-30T20:52:54Z,-103
b81ed4ffe6a708d799c3f4f207982b64479e2e81b941b8534a79f725fe6ed2e8,TOW-BLR-001,2026-08-31T22:46:55Z,-108
a6b9b064c298e3a2b3f93834e33675a4415900230ca5a96e1e9963baafbf4749,TOW-BLR-002,2026-08-31T12:38:55Z,-100
906a0bc76e88bfe2444e9d7e957f0bb1d037f9869c84ba6e88b051c6053a31dc,TOW-BLR-004,2026-08-31T06:50:49Z,-67
e1c50c60bd295187ed76df05350c2f8dda62be7db7100c9502d042ecb0647bea,TOW-BLR-004,2026-08-31T16:21:08Z,-65
6f69d588e0a357f690fe95f6b229ebae3116d34f1e5fdead5d1157845ba5d384,TOW-BLR-003,2026-08-31T17:39:23Z,-78
ec92a3f62ddb9be57763b65d15f9909e8471fbeceb75ee00f71bff38eee7a199,TOW-BLR-002,2026-08-31T06:51:02Z,-51
9640ffa8fd3b6c05321013dd64ca4ba4bcd7e82047fb9c0c01f898481d00e72b,TOW-BLR-003,2026-08-30T06:41:40Z,-77
41fb42693e5559e4b7fd8d6cb4b0bbe89b98897c4d2fb30dd85c32276f044277,TOW-BLR-002,2026-08-30T15:25:38Z,-85
8f6c3567020fe5158954a16a90fe942b05b979cc3d21185db7682c502a185a2e,TOW-BLR-001,2026-08-30T15:56:25Z,-85
13adb9d8e842415d7c92ad9cb74a600c24d35b08605cd2bbf3860bfcdd42db23,TOW-BLR-005,2026-08-31T20:03:38Z,-57
226d8826c385168e16b0917b76aa9c3f9bd852ee5d6f16791734803b3fff2069,TOW-BLR-004,2026-08-31T10:45:51Z,-90
26796abc3ac290807b505dea3353c73ca9adc03dcb3dcd68e74c4d00e5e068f8,TOW-BLR-004,2026-08-31T03:42:17Z,-100
5f73ad762d52353a3814d8344b8c3c3871dac373b2bd5d1d1021399309c4f409,TOW-BLR-003,2026-08-31T23:05:14Z,-83
033cb5d2a369636fca13cc266088ef49b139033d26568e95cfc45648b2f00aff,TOW-BLR-003,2026-08-30T07:53:36Z,-104
226d8826c385168e16b0917b76aa9c3f9bd852ee5d6f16791734803b3fff2069,TOW-BLR-003,2026-08-31T19:55:22Z,-61
62bd82e922a8ec6730fed1035ea57162649ffbf5882baf6115b56d0c3c8ff6df,TOW-BLR-003,2026-08-30T02:02:32Z,-95
41cfb62dc545f52a623ca34ff6274e78e3c806640f9c315637adf5a9f9fca5d1,TOW-BLR-002,2026-08-31T15:26:08Z,-104
e03084bd52a1de59f703c73a314b52bf9f7026848c2545312ce44ccc7b54e5d4,TOW-BLR-002,2026-08-31T19:28:49Z,-110
614876d3edf5128ba4d3d15fc68c5a62a99dc6e8d5ecebfdb5f15ea2eaf97dae,TOW-BLR-003,2026-08-30T13:40:15Z,-75
5f789fd2c5836252cc417e4829879fb15a3dc5b35c4ee49f7f2be52647303570,TOW-BLR-001,2026-08-30T17:30:02Z,-93
01d3d1ae9ffe5b587f8d18acb10f48bdc9446b971dba998f10683223125fde60,TOW-BLR-005,2026-08-31T17:07:38Z,-108
7b696387507a0442fa73032f77df22fbfca57d2f62198e30029ec2a03dcc8d57,TOW-BLR-004,2026-08-30T03:19:34Z,-107
f09defae43936bc24acfcb7f14509d12080824d2ab52b46e006c57e20408aa08,TOW-BLR-001,2026-08-30T22:28:18Z,-110
1d8716c4dd38df6890b9e1881e03d3ea4f9f5acb6e7823dbdbcca7fd418f2e2f,TOW-BLR-003,2026-08-31T04:59:29Z,-78
033cb5d2a369636fca13cc266088ef49b139033d26568e95cfc45648b2f00aff,TOW-BLR-003,2026-08-31T04:26:44Z,-64
1d8716c4dd38df6890b9e1881e03d3ea4f9f5acb6e7823dbdbcca7fd418f2e2f,TOW-BLR-002,2026-08-30T07:05:27Z,-89
2f629a39127a6e00c862dfee8033366a17e57c8a3efe74a4b98d68e02917fb8c,TOW-BLR-005,2026-08-30T07:21:17Z,-78
9752b374a6dca9438cf640f07ee97b5e9219d13a25c503ca0931f630f408007f,TOW-BLR-002,2026-08-30T01:43:28Z,-73
2cd185a0e5165c8705eaac57a82ddd0f7ec3fcb92ea51efe8d13d48444b0ec31,TOW-BLR-004,2026-08-31T10:43:50Z,-73
21308ebc339ed29ba2719c3421b30cf3d970d86d5452bf72124521884c6e130e,TOW-BLR-001,2026-08-30T21:07:33Z,-100
3108f70e3438057186993335f56bd6c6d9ffe0a74ee099c8be28fdfc35c97a2c,TOW-BLR-004,2026-08-30T05:44:04Z,-54
a84d124abd92dfd79e62cfbc455627dac349b078fdb26f691cbf968372549d77,TOW-BLR-001,2026-08-30T16:51:44Z,-54
128a2c7bd4fd5507bb0d446ee5793b54ea77c9ab7beee573ac0798d61385482f,TOW-BLR-002,2026-08-30T11:43:37Z,-78
0418b6bf59aaf6300e9694a040b9ce90c99c0d7ea12dd91359575e72f42b58e3,TOW-BLR-005,2026-08-31T23:25:59Z,-77
626a8c724bbe99a359d58cf8b9793fc42a5ea2ccee33814a7d1e2410fe9aefa8,TOW-BLR-003,2026-08-31T08:35:04Z,-60
210e5cb2855dfb9080fd95bf683a00dab57522ed81797bf9e43c65006061b3b2,TOW-BLR-003,2026-08-30T21:10:42Z,-87
ee7e18675c2c64ba9da01d4ead0588b4e15751d9557b30d41a89ac44de6b3db3,TOW-BLR-004,2026-08-30T02:54:49Z,-53
58c67f8ed21ef88fc36604b9c2852c28cd1a3a82f119db54c094ff2444e5899e,TOW-BLR-004,2026-08-30T17:24:41Z,-97
c8f37c395bad9f7984fa2958e584e0d57d3985a86ed5df2571f601b435eeb661,TOW-BLR-005,2026-08-30T05:27:40Z,-101
5d293bef5865f720e15fe72cf657194b15cc78aa4780739303867f9c2280f8e5,TOW-BLR-004,2026-08-30T07:05:34Z,-59
4ee1d1663fe1c8dba22aff6390d16ec929cd2c6dd08c33a43efdf55d10c2ed5b,TOW-BLR-002,2026-08-30T22:32:24Z,-75
21308ebc339ed29ba2719c3421b30cf3d970d86d5452bf72124521884c6e130e,TOW-BLR-001,2026-08-31T12:19:46Z,-104
664899f7580500b65ee3fb2b483121846c0c74a9d8f1124ee5067346bfc951ce,TOW-BLR-003,2026-08-30T12:21:30Z,-51
c14c122b7d80c0cadc54149e12c9e1f574f2499598653912351b2a668a0aba1d,TOW-BLR-002,2026-08-30T04:57:48Z,-93
2d79558bb4e3c15673ad08352dde6e8c13ea6fb69dde51ff483f3ccbb7f795c3,TOW-BLR-003,2026-08-31T01:43:53Z,-105
b97863b8c458045fcb570501b4a5f9f4e0129debab5c1098ac6a64dfc33444b1,TOW-BLR-002,2026-08-31T09:33:00Z,-94
0e08c8be934134f5e0143d79626cd666ef6ee835dbea0e2139e4453691d41006,TOW-BLR-003,2026-08-31T08:11:19Z,-69
aa44ba1bb9a6b63cc60a0ae6dbcfc2e798000a2af3ce5e5e3d0803a679875a60,TOW-BLR-002,2026-08-30T09:01:37Z,-74
3a1039a2cd5c4b081564377071a122e8f9564962f6ba00fd27656e45042c6349,TOW-BLR-001,2026-08-31T02:28:02Z,-56
e53081484a5eb1c0f5f73ecf0cd933511de4c4ffc753f057daa54f7c32018d01,TOW-BLR-004,2026-08-31T05:47:05Z,-56
8f6c3567020fe5158954a16a90fe942b05b979cc3d21185db7682c502a185a2e,TOW-BLR-002,2026-08-31T08:06:00Z,-87
28bce8f903d29d7ffd117da4022d6a8f445c0bb61d25d9b3130bfc6b7f07a0b9,TOW-BLR-005,2026-08-30T22:50:20Z,-87
01d3d1ae9ffe5b587f8d18acb10f48bdc9446b971dba998f10683223125fde60,TOW-BLR-004,2026-08-31T12:50:29Z,-82
7f2aafa15c630696adf2683d461db9bbd05fda0713e55de6b83a58f667d4888f,TOW-BLR-001,2026-08-31T21:11:30Z,-69
f89c7a25aa73d2138860ce78ca92d285666572ec069a32f612b59f091d2d2232,TOW-BLR-002,2026-08-31T16:50:10Z,-110
b81ed4ffe6a708d799c3f4f207982b64479e2e81b941b8534a79f725fe6ed2e8,TOW-BLR-001,2026-08-30T21:09:54Z,-86
9640ffa8fd3b6c05321013dd64ca4ba4bcd7e82047fb9c0c01f898481d00e72b,TOW-BLR-005,2026-08-31T05:04:28Z,-56
b97863b8c458045fcb570501b4a5f9f4e0129debab5c1098ac6a64dfc33444b1,TOW-BLR-002,2026-08-31T04:16:10Z,-55
d72a31c76cd1ced9b3eaee828a621e1aa961ec6970a66d4b73a005fd72745274,TOW-BLR-001,2026-08-31T01:24:31Z,-81
e27215f8478b1d5961a5e2f91bcfe38158ec069c264a9840541ede499ddff6d0,TOW-BLR-005,2026-08-31T09:50:58Z,-104
01d3d1ae9ffe5b587f8d18acb10f48bdc9446b971dba998f10683223125fde60,TOW-BLR-002,2026-08-30T07:53:22Z,-52
e747d03e9c44baba2eb35f2a03b141dc9fb150e979435990e40d4d2588df5cb3,TOW-BLR-004,2026-08-31T07:32:18Z,-98
cfee4531556fc23e554d508217c12c722036af0deea68f1f7100d32fff96f111,TOW-BLR-003,2026-08-30T04:41:40Z,-90
9498ff38125320e825074439f94b75ab53790c8daa5aad105ebac0d34f2c212e,TOW-BLR-005,2026-08-31T11:24:39Z,-97
527c04e02df3ff3e27eeb14cbb5442e9a0d6cd00c1823792d74d70a748221858,TOW-BLR-004,2026-08-30T08:19:29Z,-93
664899f7580500b65ee3fb2b483121846c0c74a9d8f1124ee5067346bfc951ce,TOW-BLR-001,2026-08-31T15:41:29Z,-101
e1c50c60bd295187ed76df05350c2f8dda62be7db7100c9502d042ecb0647bea,TOW-BLR-004,2026-08-30T10:35:45Z,-70
cdd95be7efebbce1759b91fab7ca6127de9fb4230ad56f5dac8b8b7fff73d9db,TOW-BLR-003,2026-08-31T17:22:31Z,-108
f8a59b7cf1ffeefddb4cad82da9fb10563f4d8deb34e9d00533fcc65b639ddc9,TOW-BLR-004,2026-08-30T04:32:37Z,-51
9752b374a6dca9438cf640f07ee97b5e9219d13a25c503ca0931f630f408007f,TOW-BLR-003,2026-08-31T07:19:10Z,-80
cdd95be7efebbce1759b91fab7ca6127de9fb4230ad56f5dac8b8b7fff73d9db,TOW-BLR-001,2026-08-30T15:24:01Z,-55
bdc3ac20257eed8311edda7e668474d29467a33bcdc30a5ac7180a038097af23,TOW-BLR-004,2026-08-30T19:38:59Z,-94
c331a6b20a84257bab78df7177103605e5f668c2b4e8c00a9c44bc40b5ef93eb,TOW-BLR-002,2026-08-30T06:05:12Z,-101
111b3f239d51625aee293406aa6afb86b456d53d1e14d80cc74ba885d322a03a,TOW-BLR-003,2026-08-31T05:29:46Z,-105
67f8aaafd23c1ac8be42715dbd8dcd8206070aaa4abe91897ec5c55283c6408e,TOW-BLR-004,2026-08-31T06:33:47Z,-77
cdd95be7efebbce1759b91fab7ca6127de9fb4230ad56f5dac8b8b7fff73d9db,TOW-BLR-003,2026-08-30T13:24:15Z,-57
5f73ad762d52353a3814d8344b8c3c3871dac373b2bd5d1d1021399309c4f409,TOW-BLR-001,2026-08-31T07:12:17Z,-89
d562e1c1ff197335e78350043605b9c9a724f1ce41a8440aee5444fa9a2c6168,TOW-BLR-003,2026-08-30T11:58:51Z,-98
763fd87be48fc3c8c3709f9544d328717bb1ddb9678344ebbda99fadce1b5355,TOW-BLR-004,2026-08-31T11:04:15Z,-80
7a677870d8c06defbdf456be024b65848db56b7ac4755a7297e78308315ae636,TOW-BLR-002,2026-08-31T07:48:20Z,-88
2c81ff0b42af0ac31a2c1bb6367fe9c71a4db98f91ee9dd8dae0d9952724a68b,TOW-BLR-005,2026-08-31T04:20:10Z,-58
906a0bc76e88bfe2444e9d7e957f0bb1d037f9869c84ba6e88b051c6053a31dc,TOW-BLR-005,2026-08-31T19:28:53Z,-98
226d8826c385168e16b0917b76aa9c3f9bd852ee5d6f16791734803b3fff2069,TOW-BLR-005,2026-08-31T20:53:35Z,-101
1dd27686432c1e2abfc90dd1bd07a714be564682b0b19015c4da9517d8fb08ce,TOW-BLR-003,2026-08-30T01:01:58Z,-101
615d09c2e16982784eec18d1a485e4dfc8cb3a43bfafca019fdde222c11e4a25,TOW-BLR-004,2026-08-30T10:44:22Z,-79
b7b24c21128514aa97ef1bd367e3106c0bb05ab8a08d86f1354babd21669850c,TOW-BLR-003,2026-08-30T08:16:21Z,-60
374990eb0fbeabeaa27b11dd595064faf7e817abd85676d2ccb3da4f44acbd11,TOW-BLR-004,2026-08-30T19:08:12Z,-77
0f8c011e3f0544059dbe2826c17ede5deba80e3c137a94288dfb04b168dcdace,TOW-BLR-001,2026-08-31T08:48:31Z,-50
6061496b81655335453d7cb834b0c2abbaf8611fc4415969b50985d236ef0a22,TOW-BLR-002,2026-08-31T22:11:16Z,-82
55768ebde66794472f72ffb0e46b19fb191ed283e65f0f937924db158b9f03cc,TOW-BLR-005,2026-08-30T07:05:44Z,-108
128a2c7bd4fd5507bb0d446ee5793b54ea77c9ab7beee573ac0798d61385482f,TOW-BLR-002,2026-08-31T06:35:46Z,-66
3a489a1f2d50a7145610c51b0f2ba3fb83cb5fe91c12c2961b086df8092a6c88,TOW-BLR-002,2026-08-31T19:45:33Z,-86
128a2c7bd4fd5507bb0d446ee5793b54ea77c9ab7beee573ac0798d61385482f,TOW-BLR-003,2026-08-30T15:16:28Z,-50
61ff510fc7c8d0f3edfbf2e3d961cccbeb1d1f5266d5d648980b41c13d7a2ab5,TOW-BLR-005,2026-08-30T01:02:47Z,-87
e26e1dc5e2e6d643677fb2630c682cf53779acc7fd5096db87510ecaa28fc078,TOW-BLR-003,2026-08-30T01:10:44Z,-91
615d09c2e16982784eec18d1a485e4dfc8cb3a43bfafca019fdde222c11e4a25,TOW-BLR-003,2026-08-31T12:33:38Z,-58
21308ebc339ed29ba2719c3421b30cf3d970d86d5452bf72124521884c6e130e,TOW-BLR-001,2026-08-31T12:20:44Z,-69
664899f7580500b65ee3fb2b483121846c0c74a9d8f1124ee5067346bfc951ce,TOW-BLR-004,2026-08-31T05:53:00Z,-88
1f79de33c2108975365a7031a039f6022577be75a0a004d91eefb2973f386493,TOW-BLR-005,2026-08-31T07:00:33Z,-77
438def5eabfbb68a3b92db643ef7878613bbc2faa66a7a86b4eba14d00bd1745,TOW-BLR-003,2026-08-30T08:15:21Z,-51
645cb5ae33ecbf471ebf101aef4c781e2f0b1a50c071ca9ee7ae5ce4e8f430b8,TOW-BLR-004,2026-08-31T07:11:38Z,-87
645cb5ae33ecbf471ebf101aef4c781e2f0b1a50c071ca9ee7ae5ce4e8f430b8,TOW-BLR-005,2026-08-31T19:19:07Z,-100
cfc82faf09a6dc9b02ed746351fd4a85e0d59c3f2a8388a385cbda411989d9c8,TOW-BLR-004,2026-08-31T03:47:04Z,-92
62bd82e922a8ec6730fed1035ea57162649ffbf5882baf6115b56d0c3c8ff6df,TOW-BLR-004,2026-08-31T22:10:27Z,-92
527c04e02df3ff3e27eeb14cbb5442e9a0d6cd00c1823792d74d70a748221858,TOW-BLR-005,2026-08-30T07:13:31Z,-105
9752b374a6dca9438cf640f07ee97b5e9219d13a25c503ca0931f630f408007f,TOW-BLR-001,2026-08-30T06:31:38Z,-69
e514f926f417d960da222d7a1c16d5b31d7dfc71fa5140f104670febd095e2c6,TOW-BLR-005,2026-08-31T05:56:54Z,-104
3404f57309d8e1f7c2250dc78541765cf40b63416cdb7e032ad5ca046e930e24,TOW-BLR-005,2026-08-31T15:39:58Z,-104
c331a6b20a84257bab78df7177103605e5f668c2b4e8c00a9c44bc40b5ef93eb,TOW-BLR-004,2026-08-31T12:39:13Z,-73
9752b374a6dca9438cf640f07ee97b5e9219d13a25c503ca0931f630f408007f,TOW-BLR-001,2026-08-30T21:06:36Z,-56
b9f0f673df45e56702a2054de2329aefb3b6c6fd3ef2940d6ea1133b7f7baa67,TOW-BLR-002,2026-08-30T16:13:46Z,-61
664899f7580500b65ee3fb2b483121846c0c74a9d8f1124ee5067346bfc951ce,TOW-BLR-005,2026-08-31T03:44:57Z,-103
33110e1e2edeb3a9f3e629796e97941741f999576247d8073ff1e272bed7fff4,TOW-BLR-004,2026-08-30T09:03:41Z,-88
12030bfb87a972728846acb9e72576256886534bdc90af27da64fc64607c03c5,TOW-BLR-004,2026-08-31T06:04:08Z,-52
58a6e3dc4206df0cba91aa32a701bea7293f9d9e17d386b2f2b0411cc01d9720,TOW-BLR-004,2026-08-30T00:33:13Z,-50
db60cb3d3e926de5e1f1dc5ec39988132f99ed7cfdb2c75b0d98588d668e754a,TOW-BLR-002,2026-08-31T12:57:34Z,-92
71cb904b7291d0d2e45d4ff2e2770e09787864e217f69784a47441a4403c066e,TOW-BLR-003,2026-08-30T22:23:02Z,-57
6c80697a257233c38023ce9e735e10c89e76b5d5fb9e63a1b96a8ac89bc49c67,TOW-BLR-004,2026-08-30T17:35:22Z,-110
528f9d1c169746b6a29d77cb1f91df1f22d5e7bcf1e58a917a90e4f6a52df000,TOW-BLR-004,2026-08-30T02:22:45Z,-110
716a50353041fe3e7931d2c7ec68810c83d45d3c42a529d39319d45cd8721518,TOW-BLR-002,2026-08-31T03:15:48Z,-57
815c8294c15a0369f897299acf164eb0c88d156163b6926d34a6c32225270d1d,TOW-BLR-005,2026-08-31T19:41:12Z,-90
97368f3c02f48f75894e4de8193414fce44ead3ef4706afdcafa5d91758315d7,TOW-BLR-002,2026-08-31T17:39:55Z,-83
5222bb3ec940ad667c5b6286ba827a586041bb986d577e580df048df81c002fe,TOW-BLR-005,2026-08-31T04:29:53Z,-98
41e7a957c31f1cfac990f14b9802f83af2b2ddbf12f52ea52b7c072dee84689b,TOW-BLR-004,2026-08-30T03:45:21Z,-59
626a8c724bbe99a359d58cf8b9793fc42a5ea2ccee33814a7d1e2410fe9aefa8,TOW-BLR-005,2026-08-31T07:14:46Z,-102
3cee8dbbae85a1deabbf81ebce14a6aa0a7af01250985f09ec3de2f2bcc4b3b7,TOW-BLR-004,2026-08-30T12:38:58Z,-85
6c80697a257233c38023ce9e735e10c89e76b5d5fb9e63a1b96a8ac89bc49c67,TOW-BLR-003,2026-08-31T13:40:01Z,-100
39fc2ded1476bc7aeb30d49ddc847faed054a01822a29d8cfcd965aadea576c3,TOW-BLR-002,2026-08-30T07:15:03Z,-65
bdd2bdbaf183327d7ca5b7121c51db5ae24f436a01a4db832ea4d719bbbe7733,TOW-BLR-002,2026-08-31T12:43:07Z,-103
060b7ff050c23cec2699264d708ce7f80a94f7fc3e40fab697cb72f0222421a9,TOW-BLR-005,2026-08-31T04:32:43Z,-57
514d2ff67276c76ac8d5d761b8f652d553d046582e35c06ca92e32f042d20fd7,TOW-BLR-003,2026-08-31T16:15:40Z,-100
e1c50c60bd295187ed76df05350c2f8dda62be7db7100c9502d042ecb0647bea,TOW-BLR-003,2026-08-30T14:50:15Z,-105
63e057fde085f12ed5175da4bedf4ca9b785b50614b0d21a48adcd1cd457483f,TOW-BLR-001,2026-08-31T07:51:07Z,-110
a84d124abd92dfd79e62cfbc455627dac349b078fdb26f691cbf968372549d77,TOW-BLR-005,2026-08-30T11:08:40Z,-109
8f6c3567020fe5158954a16a90fe942b05b979cc3d21185db7682c502a185a2e,TOW-BLR-005,2026-08-30T05:44:09Z,-74
733e613aa1af193c29f217e1041ea514990da8f1507065bf8b682122676bd98c,TOW-BLR-001,2026-08-30T09:30:22Z,-81
c331a6b20a84257bab78df7177103605e5f668c2b4e8c00a9c44bc40b5ef93eb,TOW-BLR-003,2026-08-30T13:35:04Z,-95
26796abc3ac290807b505dea3353c73ca9adc03dcb3dcd68e74c4d00e5e068f8,TOW-BLR-002,2026-08-30T21:37:16Z,-98
7a677870d8c06defbdf456be024b65848db56b7ac4755a7297e78308315ae636,TOW-BLR-002,2026-08-31T03:31:58Z,-61
26bcfd2aa62a45e60890296e7920204fd45fec2c9f05e144b2aab10bb457ecec,TOW-BLR-001,2026-08-30T20:01:20Z,-105
4a963e06b1fc70d0275420de2b12ed9ca98f83e89daa42cb95678b2dd0d555dd,TOW-BLR-002,2026-08-31T21:41:19Z,-109
55768ebde66794472f72ffb0e46b19fb191ed283e65f0f937924db158b9f03cc,TOW-BLR-005,2026-08-30T07:31:50Z,-103
1c23e30dc22cff7d9aa4539a48dbcbb7caf4fdaf6fa0021e39f2c045be36e658,TOW-BLR-005,2026-08-30T08:56:00Z,-104
e9024445f21f5d8c0dea88c26cf1d644e07bd5fb795be39b8b55c7ec859cee17,TOW-BLR-003,2026-08-30T19:04:40Z,-53
f075856bccab281555b78e7b9aa45224d7fdbb1b65f1be673de9702f53dbdc94,TOW-BLR-001,2026-08-30T05:38:05Z,-79
62bd82e922a8ec6730fed1035ea57162649ffbf5882baf6115b56d0c3c8ff6df,TOW-BLR-003,2026-08-30T15:08:38Z,-85
a4488d9cbf53e318e7cd9beaf8a5512f8b50d81b4edfc6b0affdc8a4b4cbb2ba,TOW-BLR-004,2026-08-30T01:35:55Z,-84
b97863b8c458045fcb570501b4a5f9f4e0129debab5c1098ac6a64dfc33444b1,TOW-BLR-004,2026-08-31T21:33:38Z,-106
e4e172eaeda63c2c9e8570d599346aca08ee96cdf2e322654453e0a15a2c30cd,TOW-BLR-004,2026-08-31T03:19:30Z,-54
f09defae43936bc24acfcb7f14509d12080824d2ab52b46e006c57e20408aa08,TOW-BLR-004,2026-08-30T11:43:52Z,-99
67f8aaafd23c1ac8be42715dbd8dcd8206070aaa4abe91897ec5c55283c6408e,TOW-BLR-001,2026-08-30T13:00:39Z,-68
5d293bef5865f720e15fe72cf657194b15cc78aa4780739303867f9c2280f8e5,TOW-BLR-005,2026-08-30T02:17:24Z,-103
438def5eabfbb68a3b92db643ef7878613bbc2faa66a7a86b4eba14d00bd1745,TOW-BLR-003,2026-08-31T01:15:07Z,-80
41e7a957c31f1cfac990f14b9802f83af2b2ddbf12f52ea52b7c072dee84689b,TOW-BLR-005,2026-08-31T15:47:37Z,-110
9640ffa8fd3b6c05321013dd64ca4ba4bcd7e82047fb9c0c01f898481d00e72b,TOW-BLR-005,2026-08-30T18:31:55Z,-51
ac4d86152237babe16e522e0f80f243fccc135f73a43438fda309a2c79d06c46,TOW-BLR-002,2026-08-31T20:08:08Z,-109
7a677870d8c06defbdf456be024b65848db56b7ac4755a7297e78308315ae636,TOW-BLR-001,2026-08-31T13:43:09Z,-78
eebec9b0998a8822dbdf98d57efcfbf13e2008e9a7afd4def57a07fc3a7db792,TOW-BLR-002,2026-08-30T15:45:03Z,-55
c560197b9883fc6dc7bc02134561f285436b6ef7c206d7b6feace00057691273,TOW-BLR-001,2026-08-30T15:47:54Z,-109
2e5363d57be11745b6badea9f90e0d46330f696bd5b930c72e77374c42069361,TOW-BLR-002,2026-08-30T16:00:09Z,-105
a91a9ad7f674f50c12821a23db77ab9fec0f3a5f7846ac3a035639fd74c19c5b,TOW-BLR-002,2026-08-30T19:29:07Z,-93
0163aad1b721e6f0eac7043f23aa95135f7e6264d73cb85f4771d5599f9e75bf,TOW-BLR-002,2026-08-30T06:41:49Z,-88
dd7bd4bcfc023cea77828a9d4467d55ac276d5425902f5552381e6e0f98bce8c,TOW-BLR-005,2026-08-31T23:28:18Z,-92
e27215f8478b1d5961a5e2f91bcfe38158ec069c264a9840541ede499ddff6d0,TOW-BLR-004,2026-08-31T07:45:11Z,-78
e1c50c60bd295187ed76df05350c2f8dda62be7db7100c9502d042ecb0647bea,TOW-BLR-004,2026-08-30T14:03:28Z,-94
994c4489211698bbcf023b39117e68fd91ff40b8de92e6790b5866888fe1e03e,TOW-BLR-002,2026-08-30T20:28:04Z,-85
774d203000b86f167d2636b3e581ecddd77c2e1843ee17aa0a70e6d8db614c2a,TOW-BLR-005,2026-08-31T18:47:10Z,-91
4fbb32d4a24fe104c5dd461ac6280dbd58883363fbc54ce5080ba8175198cb11,TOW-BLR-002,2026-08-31T11:31:22Z,-83
a9cb35a4fd627463d2028b97d80463eba8976d54e3f9ecdc40b17877be95bf19,TOW-BLR-004,2026-08-31T06:51:20Z,-72
655badaedb0392e0426bcfed45623fff014b93f36c2bfbf9bff47b52c5b15140,TOW-BLR-003,2026-08-30T23:12:38Z,-71
179b29b175854ddd9f2dd460353266387174d375bcf69481556bc9e55562f9f7,TOW-BLR-005,2026-08-31T03:53:33Z,-83
5f789fd2c5836252cc417e4829879fb15a3dc5b35c4ee49f7f2be52647303570,TOW-BLR-005,2026-08-31T01:41:54Z,-87
615d09c2e16982784eec18d1a485e4dfc8cb3a43bfafca019fdde222c11e4a25,TOW-BLR-001,2026-08-31T08:43:28Z,-100
329ca6ac512e95d4428bdcfcc69d43ded1cd914a94127edefb12ad988ce7ef4b,TOW-BLR-001,2026-08-31T13:14:09Z,-94
e10363f8958cd2b611c6abe035c04cb016a3c8d51154f65f6932a5c26f9ea68c,TOW-BLR-004,2026-08-30T21:22:12Z,-72
a555bd5f4da0fa7f434ab161a8964c5a8c7a727c3a05eda72767d5e76a703d7d,TOW-BLR-005,2026-08-31T01:39:01Z,-85
3d7121e5d2a5cd54446be0380d569da6dbcb6d7fd71e425f23cf8b5727e0efe8,TOW-BLR-001,2026-08-30T13:06:00Z,-59
1dd27686432c1e2abfc90dd1bd07a714be564682b0b19015c4da9517d8fb08ce,TOW-BLR-004,2026-08-30T13:32:16Z,-88
faf4897f37a82eaf9e8cb074678fdf8a3179b6174545b37131e9854d06b84f6a,TOW-BLR-001,2026-08-30T15:40:09Z,-68
db60cb3d3e926de5e1f1dc5ec39988132f99ed7cfdb2c75b0d98588d668e754a,TOW-BLR-003,2026-08-30T10:33:41Z,-61
f09defae43936bc24acfcb7f14509d12080824d2ab52b46e006c57e20408aa08,TOW-BLR-001,2026-08-30T00:42:05Z,-90
28ca498f1861bf52e0b0fb8af9c1c1d88bda98dbfdef764c0e0834aaa4f210e0,TOW-BLR-001,2026-08-30T23:56:51Z,-97
e27215f8478b1d5961a5e2f91bcfe38158ec069c264a9840541ede499ddff6d0,TOW-BLR-005,2026-08-30T23:24:55Z,-53
e8f00016406bb08c12dc8c0e43fc32a1da7071e14c3cea997d3566848d75a7b4,TOW-BLR-005,2026-08-30T04:49:23Z,-86
41cfb62dc545f52a623ca34ff6274e78e3c806640f9c315637adf5a9f9fca5d1,TOW-BLR-005,2026-08-30T15:27:00Z,-77
128a2c7bd4fd5507bb0d446ee5793b54ea77c9ab7beee573ac0798d61385482f,TOW-BLR-001,2026-08-31T16:50:51Z,-93
c2e085ff3106211c72863a7a99360642c5170eadd9a22346a895f4cec806fc92,TOW-BLR-005,2026-08-30T05:26:54Z,-74
cf9a64034bf82b056285e0b549e1caf83662ca4ab5f274ced8a32dd562615769,TOW-BLR-004,2026-08-31T07:41:26Z,-90
e26e1dc5e2e6d643677fb2630c682cf53779acc7fd5096db87510ecaa28fc078,TOW-BLR-003,2026-08-30T14:25:43Z,-98
06e2f299519cc999898b2f300730199ef511a5aecd416e005ef6eed49149b4b5,TOW-BLR-004,2026-08-31T12:18:38Z,-108
d2436884e59a142c599c677d7a8e920706502f134261082705708e2c52ff095c,TOW-BLR-004,2026-08-30T08:41:03Z,-103
2774be5a56fcdf5d04f289fcca9eda5f3f2b4026f2ce4b5f2adf3bbac442febb,TOW-BLR-002,2026-08-31T19:47:41Z,-90
071d0773364cfafd218f4938d448a477fb5fc70a27fe41d917e1c8213472908e,TOW-BLR-004,2026-08-30T17:12:56Z,-74
bdc3ac20257eed8311edda7e668474d29467a33bcdc30a5ac7180a038097af23,TOW-BLR-003,2026-08-30T01:17:55Z,-69
f278eae79a99880355e00f3a7b18d3230b4cf801de627669e85e616cfb853a31,TOW-BLR-005,2026-08-30T00:20:18Z,-52
d72a31c76cd1ced9b3eaee828a621e1aa961ec6970a66d4b73a005fd72745274,TOW-BLR-003,2026-08-30T09:32:36Z,-57
12030bfb87a972728846acb9e72576256886534bdc90af27da64fc64607c03c5,TOW-BLR-004,2026-08-30T02:41:41Z,-53
64fdc51f368e71395a7448eb988c56d10bd682b76bb1403d56524552df9a8b1a,TOW-BLR-005,2026-08-30T02:50:55Z,-89
75211b3edf6cbfd2bb503506dc3c73550c9179fda0a8f45f75153f013d13c222,TOW-BLR-001,2026-08-30T05:03:26Z,-80
8679f0fa29e477d1def3ae9e208876db0be8ecedd590b3ba6c5ce9a1caeb22c7,TOW-BLR-004,2026-08-30T21:55:04Z,-93
541b2920d264e79295106f9481dd0b84153d03d56baa980f48caacdedab79cfe,TOW-BLR-003,2026-08-31T05:09:07Z,-105
60343645662c2c85f86cac66661e9d01cc5ad029bcd47b7c444b994305467266,TOW-BLR-003,2026-08-31T11:57:31Z,-71
06e2f299519cc999898b2f300730199ef511a5aecd416e005ef6eed49149b4b5,TOW-BLR-004,2026-08-30T21:43:55Z,-66
664899f7580500b65ee3fb2b483121846c0c74a9d8f1124ee5067346bfc951ce,TOW-BLR-004,2026-08-31T22:40:59Z,-52
ac4d86152237babe16e522e0f80f243fccc135f73a43438fda309a2c79d06c46,TOW-BLR-003,2026-08-31T20:59:58Z,-104
3d7121e5d2a5cd54446be0380d569da6dbcb6d7fd71e425f23cf8b5727e0efe8,TOW-BLR-002,2026-08-30T03:28:59Z,-58
906a0bc76e88bfe2444e9d7e957f0bb1d037f9869c84ba6e88b051c6053a31dc,TOW-BLR-002,2026-08-30T07:39:20Z,-90
dba1521b6091cf64b9de658c2f1eb1ce93fc8d45c84778661bf95cff148582e0,TOW-BLR-004,2026-08-30T16:28:54Z,-100
e742f7d717510b229a774a833b4b2c40258e2e69aad964973c15e5a973b3de65,TOW-BLR-002,2026-08-31T02:51:39Z,-58
6c80697a257233c38023ce9e735e10c89e76b5d5fb9e63a1b96a8ac89bc49c67,TOW-BLR-005,2026-08-30T00:21:35Z,-51
28ca498f1861bf52e0b0fb8af9c1c1d88bda98dbfdef764c0e0834aaa4f210e0,TOW-BLR-001,2026-08-30T18:54:35Z,-54
f278eae79a99880355e00f3a7b18d3230b4cf801de627669e85e616cfb853a31,TOW-BLR-001,2026-08-30T08:04:06Z,-107
e1c50c60bd295187ed76df05350c2f8dda62be7db7100c9502d042ecb0647bea,TOW-BLR-003,2026-08-30T05:27:51Z,-94
4075c01d70966dc11bef2096198285422fbbd861d184a28bc57ff6fc7fe81f4a,TOW-BLR-005,2026-08-31T03:38:18Z,-93
cc6a64b393383a4ba1bb601bcf6b3acfae97f5d200518ae28211fdfde0f911f2,TOW-BLR-002,2026-08-30T10:01:53Z,-73
1c23e30dc22cff7d9aa4539a48dbcbb7caf4fdaf6fa0021e39f2c045be36e658,TOW-BLR-001,2026-08-30T09:11:45Z,-90
dba1521b6091cf64b9de658c2f1eb1ce93fc8d45c84778661bf95cff148582e0,TOW-BLR-002,2026-08-31T18:32:06Z,-54
075c081e2edc77d960c5a77903c03dce2ff4a629cdac09a4bfc5c9be3eb03e12,TOW-BLR-004,2026-08-31T22:22:40Z,-82
cf8e4cdc32117c05ae9a7f56eefc46a94eb0db0b2e5cd67fd9a2e41f9eeb0a92,TOW-BLR-001,2026-08-31T13:59:37Z,-77
5222bb3ec940ad667c5b6286ba827a586041bb986d577e580df048df81c002fe,TOW-BLR-005,2026-08-31T10:48:05Z,-68
cc6b3763e91ab45f13b630b1f96b0fac36879a3f0509992d02f2d39a5d256429,TOW-BLR-003,2026-08-30T23:26:27Z,-61
9223f782eeb1eef2af92c9ef48f9e721834d0e8fbfef6fafe4c83c0c15b71264,TOW-BLR-004,2026-08-30T16:26:40Z,-105
7f2aafa15c630696adf2683d461db9bbd05fda0713e55de6b83a58f667d4888f,TOW-BLR-003,2026-08-30T06:01:44Z,-88
60343645662c2c85f86cac66661e9d01cc5ad029bcd47b7c444b994305467266,TOW-BLR-002,2026-08-31T23:07:22Z,-63
a47f789aa388687028705b7f2d4547d8000047bb5ec34c7b31f59fa3ab8539a6,TOW-BLR-002,2026-08-30T05:40:51Z,-106
374990eb0fbeabeaa27b11dd595064faf7e817abd85676d2ccb3da4f44acbd11,TOW-BLR-004,2026-08-30T04:23:18Z,-97
4ee1d1663fe1c8dba22aff6390d16ec929cd2c6dd08c33a43efdf55d10c2ed5b,TOW-BLR-002,2026-08-31T10:05:22Z,-58
2779749f7710949a4792cc1cccf83ac4506a22e7344db9bff0318b42e6108519,TOW-BLR-002,2026-08-31T11:30:33Z,-104
9498ff38125320e825074439f94b75ab53790c8daa5aad105ebac0d34f2c212e,TOW-BLR-002,2026-08-31T19:00:02Z,-62
963a9f6d2ede09f587dc708254327c775a8dbb7ebfa4ee671035859c4dd2b5b9,TOW-BLR-005,2026-08-30T22:49:05Z,-62
9ba90f668aca95ce3bca5da8ca344e5e8f19a61ad84a6b76b5363cb4bae36980,TOW-BLR-003,2026-08-31T09:03:39Z,-69
b81ed4ffe6a708d799c3f4f207982b64479e2e81b941b8534a79f725fe6ed2e8,TOW-BLR-005,2026-08-30T07:41:38Z,-52
210e5cb2855dfb9080fd95bf683a00dab57522ed81797bf9e43c65006061b3b2,TOW-BLR-002,2026-08-31T02:28:47Z,-86
438def5eabfbb68a3b92db643ef7878613bbc2faa66a7a86b4eba14d00bd1745,TOW-BLR-004,2026-08-31T21:10:54Z,-78
5f789fd2c5836252cc417e4829879fb15a3dc5b35c4ee49f7f2be52647303570,TOW-BLR-004,2026-08-30T13:41:10Z,-106
2b74f741f3b9ec86d66a65850a5ee252863e775fdfc25e7467a62827b45f36b8,TOW-BLR-004,2026-08-30T11:57:23Z,-67
ec92a3f62ddb9be57763b65d15f9909e8471fbeceb75ee00f71bff38eee7a199,TOW-BLR-005,2026-08-31T23:12:49Z,-104
3914a31c587f0090d3fa33ffc0e20d8c98208ac7e2a63abf5b0dae856bcaf132,TOW-BLR-004,2026-08-30T07:48:14Z,-63
a306962ddc4e800a51d884da9e7e0bd2fa08b534c8773d2cdbf06790da9fa65d,TOW-BLR-002,2026-08-30T01:12:28Z,-53
1c23e30dc22cff7d9aa4539a48dbcbb7caf4fdaf6fa0021e39f2c045be36e658,TOW-BLR-002,2026-08-30T19:25:28Z,-109
0e08c8be934134f5e0143d79626cd666ef6ee835dbea0e2139e4453691d41006,TOW-BLR-005,2026-08-31T08:57:37Z,-88
7f2aafa15c630696adf2683d461db9bbd05fda0713e55de6b83a58f667d4888f,TOW-BLR-001,2026-08-31T16:04:18Z,-105
1f79de33c2108975365a7031a039f6022577be75a0a004d91eefb2973f386493,TOW-BLR-004,2026-08-30T15:26:31Z,-101
da46c1b20bb0c378edcaee8832ed4f959a5ebdd74213d9ad63df0f498f6bd2b4,TOW-BLR-005,2026-08-31T07:22:24Z,-78
97368f3c02f48f75894e4de8193414fce44ead3ef4706afdcafa5d91758315d7,TOW-BLR-001,2026-08-31T08:08:14Z,-93
d427539d777d7e1658638290cb9fab436f06cc47d74eaa6fe686b199b2b20b25,TOW-BLR-001,2026-08-30T03:34:40Z,-69
733e613aa1af193c29f217e1041ea514990da8f1507065bf8b682122676bd98c,TOW-BLR-004,2026-08-30T14:07:18Z,-92
61ff510fc7c8d0f3edfbf2e3d961cccbeb1d1f5266d5d648980b41c13d7a2ab5,TOW-BLR-004,2026-08-30T12:51:46Z,-72
d2436884e59a142c599c677d7a8e920706502f134261082705708e2c52ff095c,TOW-BLR-005,2026-08-31T20:13:58Z,-79
0418b6bf59aaf6300e9694a040b9ce90c99c0d7ea12dd91359575e72f42b58e3,TOW-BLR-004,2026-08-30T07:57:02Z,-67
06e2f299519cc999898b2f300730199ef511a5aecd416e005ef6eed49149b4b5,TOW-BLR-002,2026-08-30T08:05:19Z,-96
a5c9577bb5af38d2ff8147936b242dad7800fc3f454896fb7b89c9679241b18b,TOW-BLR-001,2026-08-30T02:35:55Z,-74
71cb904b7291d0d2e45d4ff2e2770e09787864e217f69784a47441a4403c066e,TOW-BLR-002,2026-08-30T04:47:41Z,-76
a4488d9cbf53e318e7cd9beaf8a5512f8b50d81b4edfc6b0affdc8a4b4cbb2ba,TOW-BLR-003,2026-08-30T16:29:26Z,-54
8f6c3567020fe5158954a16a90fe942b05b979cc3d21185db7682c502a185a2e,TOW-BLR-004,2026-08-31T04:32:16Z,-85
a4488d9cbf53e318e7cd9beaf8a5512f8b50d81b4edfc6b0affdc8a4b4cbb2ba,TOW-BLR-002,2026-08-30T19:32:04Z,-79
27fb3e04a0e726c98b1040e53908e60b10c50f29d312fb808a051d0da28034e6,TOW-BLR-002,2026-08-30T14:49:26Z,-88
55768ebde66794472f72ffb0e46b19fb191ed283e65f0f937924db158b9f03cc,TOW-BLR-003,2026-08-31T19:25:19Z,-92
9223f782eeb1eef2af92c9ef48f9e721834d0e8fbfef6fafe4c83c0c15b71264,TOW-BLR-001,2026-08-30T06:51:45Z,-99
ab29fe932a9f2189b8c48828b4965af27e0f4b704a59b256091d92391aa403f1,TOW-BLR-005,2026-08-31T10:42:59Z,-63
ec92a3f62ddb9be57763b65d15f9909e8471fbeceb75ee00f71bff38eee7a199,TOW-BLR-002,2026-08-30T12:23:45Z,-90
27a9f6cf3e784af9957031dd7c4ea3328ee97a45e97e32dcc06d0e81de9a6a44,TOW-BLR-001,2026-08-30T12:08:05Z,-99
97368f3c02f48f75894e4de8193414fce44ead3ef4706afdcafa5d91758315d7,TOW-BLR-004,2026-08-30T10:19:40Z,-110
71545b7cc76f2b684ffbd6fa39c0b37a3cebb903f1ae21d330405c6a682803ab,TOW-BLR-004,2026-08-31T07:09:37Z,-89
bdc3ac20257eed8311edda7e668474d29467a33bcdc30a5ac7180a038097af23,TOW-BLR-002,2026-08-30T19:12:42Z,-54
226d8826c385168e16b0917b76aa9c3f9bd852ee5d6f16791734803b3fff2069,TOW-BLR-002,2026-08-30T00:42:31Z,-72
1f79de33c2108975365a7031a039f6022577be75a0a004d91eefb2973f386493,TOW-BLR-004,2026-08-31T18:27:51Z,-110
cc6b3763e91ab45f13b630b1f96b0fac36879a3f0509992d02f2d39a5d256429,TOW-BLR-002,2026-08-31T10:24:40Z,-103
f639adcff8a55ba9d5eae8cb29118e2cf7a99cef509afa19f23e7c9e34413df7,TOW-BLR-001,2026-08-31T17:18:25Z,-67
30eee72284276f0a5044a80defca7a33cf9def9620a784c6cb88b0f812477240,TOW-BLR-002,2026-08-31T14:14:56Z,-78
4fbb32d4a24fe104c5dd461ac6280dbd58883363fbc54ce5080ba8175198cb11,TOW-BLR-002,2026-08-30T06:50:17Z,-104
4f972994f960f47d30723d1ce7f7ba4b4b54ef39b569eaec30e1bb2d411c90a7,TOW-BLR-003,2026-08-31T08:57:30Z,-79
2d895a911f5789f518089b46011e7e6e61c0baf1b0808c4cc511b1f00ac3c55b,TOW-BLR-003,2026-08-31T15:44:15Z,-94
749b8c6b6e329536c169d086aacabc027ba8ca8d5b21588417083626197c27be,TOW-BLR-004,2026-08-30T18:27:43Z,-87
1c23e30dc22cff7d9aa4539a48dbcbb7caf4fdaf6fa0021e39f2c045be36e658,TOW-BLR-001,2026-08-31T01:40:38Z,-91
dd7bd4bcfc023cea77828a9d4467d55ac276d5425902f5552381e6e0f98bce8c,TOW-BLR-003,2026-08-31T13:42:26Z,-61
749b8c6b6e329536c169d086aacabc027ba8ca8d5b21588417083626197c27be,TOW-BLR-005,2026-08-31T11:16:10Z,-103
6462b2c251ec37a5786c7556a054354f7b7ccc68c7231ead15389dfb39f86d1f,TOW-BLR-005,2026-08-31T22:35:19Z,-109
3914a31c587f0090d3fa33ffc0e20d8c98208ac7e2a63abf5b0dae856bcaf132,TOW-BLR-004,2026-08-30T16:02:18Z,-68
e9024445f21f5d8c0dea88c26cf1d644e07bd5fb795be39b8b55c7ec859cee17,TOW-BLR-003,2026-08-31T12:15:03Z,-109
faf4897f37a82eaf9e8cb074678fdf8a3179b6174545b37131e9854d06b84f6a,TOW-BLR-005,2026-08-31T07:21:50Z,-87
27fb3e04a0e726c98b1040e53908e60b10c50f29d312fb808a051d0da28034e6,TOW-BLR-001,2026-08-30T14:06:54Z,-52
3f24dc89df996ef63c8289393b934feed72d9dbb13a7e4e2180dcd25f0f50391,TOW-BLR-004,2026-08-31T22:30:40Z,-104
12030bfb87a972728846acb9e72576256886534bdc90af27da64fc64607c03c5,TOW-BLR-003,2026-08-31T21:38:55Z,-67
3a489a1f2d50a7145610c51b0f2ba3fb83cb5fe91c12c2961b086df8092a6c88,TOW-BLR-004,2026-08-31T14:22:05Z,-99
7f2aafa15c630696adf2683d461db9bbd05fda0713e55de6b83a58f667d4888f,TOW-BLR-003,2026-08-31T00:07:00Z,-85
e10363f8958cd2b611c6abe035c04cb016a3c8d51154f65f6932a5c26f9ea68c,TOW-BLR-004,2026-08-30T20:06:56Z,-91
61ff510fc7c8d0f3edfbf2e3d961cccbeb1d1f5266d5d648980b41c13d7a2ab5,TOW-BLR-001,2026-08-31T18:11:56Z,-77
527c04e02df3ff3e27eeb14cbb5442e9a0d6cd00c1823792d74d70a748221858,TOW-BLR-003,2026-08-31T20:35:28Z,-103
2dad7dd62b009098dd3015775fa21a10553632e72f58bf7c8d4349688e85edb7,TOW-BLR-004,2026-08-31T17:15:47Z,-60
0c464a077072f36c3a1a180c5de7f5080817e7377fbe2dc5b1677c3adebac752,TOW-BLR-003,2026-08-30T21:00:04Z,-103
374990eb0fbeabeaa27b11dd595064faf7e817abd85676d2ccb3da4f44acbd11,TOW-BLR-001,2026-08-31T12:19:50Z,-51
e01d811a79fc578af3d4139e61bb2d3e543e3069a4328eddce1bac46495508f1,TOW-BLR-002,2026-08-31T09:57:22Z,-67
3108f70e3438057186993335f56bd6c6d9ffe0a74ee099c8be28fdfc35c97a2c,TOW-BLR-005,2026-08-30T21:06:04Z,-71
60343645662c2c85f86cac66661e9d01cc5ad029bcd47b7c444b994305467266,TOW-BLR-002,2026-08-30T22:06:38Z,-79
e53081484a5eb1c0f5f73ecf0cd933511de4c4ffc753f057daa54f7c32018d01,TOW-BLR-001,2026-08-30T21:27:40Z,-110
664899f7580500b65ee3fb2b483121846c0c74a9d8f1124ee5067346bfc951ce,TOW-BLR-001,2026-08-30T15:49:30Z,-92
a555bd5f4da0fa7f434ab161a8964c5a8c7a727c3a05eda72767d5e76a703d7d,TOW-BLR-005,2026-08-30T08:59:17Z,-107
cc6b3763e91ab45f13b630b1f96b0fac36879a3f0509992d02f2d39a5d256429,TOW-BLR-003,2026-08-30T00:22:14Z,-83
1f79de33c2108975365a7031a039f6022577be75a0a004d91eefb2973f386493,TOW-BLR-001,2026-08-30T03:38:01Z,-94
c89efbb027c12f4b909983c4355aec7fcd703fe6189044ce7d0594af3eb770d4,TOW-BLR-003,2026-08-30T20:37:36Z,-60
a47f789aa388687028705b7f2d4547d8000047bb5ec34c7b31f59fa3ab8539a6,TOW-BLR-005,2026-08-31T16:49:57Z,-101
3f24dc89df996ef63c8289393b934feed72d9dbb13a7e4e2180dcd25f0f50391,TOW-BLR-001,2026-08-30T19:42:34Z,-101
9223f782eeb1eef2af92c9ef48f9e721834d0e8fbfef6fafe4c83c0c15b71264,TOW-BLR-002,2026-08-31T07:27:39Z,-73
b9aa81e06c478c08898599cee4ef2f84fad944b430a6970a238f03f220edbd26,TOW-BLR-001,2026-08-30T21:10:32Z,-96
41dbbf390d15565d4044e78d299c7ad4aa57641d70a6b8447037a2b05e72dee5,TOW-BLR-004,2026-08-31T01:49:24Z,-95
0381be7abc2a2e33ba7ed09549f3d24cf97c4515c755faf466999b9084c0c563,TOW-BLR-004,2026-08-31T06:46:12Z,-85
12030bfb87a972728846acb9e72576256886534bdc90af27da64fc64607c03c5,TOW-BLR-001,2026-08-30T19:01:27Z,-52
4f972994f960f47d30723d1ce7f7ba4b4b54ef39b569eaec30e1bb2d411c90a7,TOW-BLR-005,2026-08-30T22:37:37Z,-99
7b696387507a0442fa73032f77df22fbfca57d2f62198e30029ec2a03dcc8d57,TOW-BLR-004,2026-08-30T23:28:56Z,-59
c1f42731b9907abe4e81947ee7799751d8ecf8eca65cdf787ee9db2935d743cc,TOW-BLR-002,2026-08-30T14:31:39Z,-94
31c0098e266a1dc96abc21f4bd1fa31bf006516ef1520e430ef0b92bba07ae9e,TOW-BLR-004,2026-08-31T16:21:42Z,-98
4f972994f960f47d30723d1ce7f7ba4b4b54ef39b569eaec30e1bb2d411c90a7,TOW-BLR-003,2026-08-30T06:13:58Z,-91
5d293bef5865f720e15fe72cf657194b15cc78aa4780739303867f9c2280f8e5,TOW-BLR-004,2026-08-31T15:44:46Z,-99
41fb42693e5559e4b7fd8d6cb4b0bbe89b98897c4d2fb30dd85c32276f044277,TOW-BLR-004,2026-08-30T06:59:36Z,-102
680ae478d9e8f0a61999e67f1223f32e269acc9daf00ee8e31b0c7a99bfae5d4,TOW-BLR-004,2026-08-30T22:48:39Z,-78
4a963e06b1fc70d0275420de2b12ed9ca98f83e89daa42cb95678b2dd0d555dd,TOW-BLR-003,2026-08-31T10:06:22Z,-88
bfea41177792521cca94d1ee5637e5b077cf5b0d4a50e5861d4fd514573f7464,TOW-BLR-004,2026-08-31T06:37:13Z,-84
d72a31c76cd1ced9b3eaee828a621e1aa961ec6970a66d4b73a005fd72745274,TOW-BLR-001,2026-08-31T16:41:54Z,-109
e747d03e9c44baba2eb35f2a03b141dc9fb150e979435990e40d4d2588df5cb3,TOW-BLR-004,2026-08-30T06:26:21Z,-62
c89efbb027c12f4b909983c4355aec7fcd703fe6189044ce7d0594af3eb770d4,TOW-BLR-005,2026-08-30T22:01:09Z,-60
faf4897f37a82eaf9e8cb074678fdf8a3179b6174545b37131e9854d06b84f6a,TOW-BLR-005,2026-08-31T13:17:51Z,-87
1e153199ebee9124b76aeb29141d81316036069970aeaae21b359e771d49fbcd,TOW-BLR-005,2026-08-31T15:33:34Z,-53
7b696387507a0442fa73032f77df22fbfca57d2f62198e30029ec2a03dcc8d57,TOW-BLR-003,2026-08-30T03:53:54Z,-62
62bd82e922a8ec6730fed1035ea57162649ffbf5882baf6115b56d0c3c8ff6df,TOW-BLR-004,2026-08-30T09:10:13Z,-85
cf8e4cdc32117c05ae9a7f56eefc46a94eb0db0b2e5cd67fd9a2e41f9eeb0a92,TOW-BLR-001,2026-08-31T09:42:02Z,-59
514d2ff67276c76ac8d5d761b8f652d553d046582e35c06ca92e32f042d20fd7,TOW-BLR-005,2026-08-31T09:30:44Z,-57
5f73ad762d52353a3814d8344b8c3c3871dac373b2bd5d1d1021399309c4f409,TOW-BLR-001,2026-08-30T03:58:57Z,-93
6f69d588e0a357f690fe95f6b229ebae3116d34f1e5fdead5d1157845ba5d384,TOW-BLR-001,2026-08-31T00:17:00Z,-72
8679f0fa29e477d1def3ae9e208876db0be8ecedd590b3ba6c5ce9a1caeb22c7,TOW-BLR-003,2026-08-31T17:10:27Z,-80
28ca498f1861bf52e0b0fb8af9c1c1d88bda98dbfdef764c0e0834aaa4f210e0,TOW-BLR-003,2026-08-30T04:25:55Z,-103
ceb92794371376cce497c125e1859d5da18956b33da07f06cae159d1cb60eeb6,TOW-BLR-005,2026-08-31T13:11:48Z,-63
c2e085ff3106211c72863a7a99360642c5170eadd9a22346a895f4cec806fc92,TOW-BLR-001,2026-08-30T14:55:56Z,-77
e9024445f21f5d8c0dea88c26cf1d644e07bd5fb795be39b8b55c7ec859cee17,TOW-BLR-005,2026-08-31T12:04:01Z,-102
367c904c22b232e98be959f9aa1f1fe766a88044d97e83bb2cb2b458e7c9235d,TOW-BLR-002,2026-08-30T21:54:37Z,-70
44a2ab369bd48f9dade49e6155f2c1e151bcdc5051f2f956afa1431bb13f8be1,TOW-BLR-001,2026-08-31T11:18:48Z,-71
28ca498f1861bf52e0b0fb8af9c1c1d88bda98dbfdef764c0e0834aaa4f210e0,TOW-BLR-002,2026-08-30T08:21:10Z,-106
7621de8ca83cbcd279167f556516c491dadb09330607c1f0ad30436e496097d6,TOW-BLR-002,2026-08-31T19:58:00Z,-54
b4137ecb3d80db814311d6a4053415d0bd71e8b4e4fb32b9f5a39b74d62a8504,TOW-BLR-005,2026-08-30T07:03:12Z,-95
27fb3e04a0e726c98b1040e53908e60b10c50f29d312fb808a051d0da28034e6,TOW-BLR-001,2026-08-31T10:29:48Z,-109
6061496b81655335453d7cb834b0c2abbaf8611fc4415969b50985d236ef0a22,TOW-BLR-005,2026-08-31T08:19:03Z,-85
f89c7a25aa73d2138860ce78ca92d285666572ec069a32f612b59f091d2d2232,TOW-BLR-001,2026-08-30T21:50:23Z,-85
0163aad1b721e6f0eac7043f23aa95135f7e6264d73cb85f4771d5599f9e75bf,TOW-BLR-002,2026-08-30T17:06:24Z,-57
075c081e2edc77d960c5a77903c03dce2ff4a629cdac09a4bfc5c9be3eb03e12,TOW-BLR-005,2026-08-30T18:57:08Z,-58
c8f37c395bad9f7984fa2958e584e0d57d3985a86ed5df2571f601b435eeb661,TOW-BLR-004,2026-08-31T23:55:32Z,-71
ac4d86152237babe16e522e0f80f243fccc135f73a43438fda309a2c79d06c46,TOW-BLR-004,2026-08-30T10:38:57Z,-70
bdc3ac20257eed8311edda7e668474d29467a33bcdc30a5ac7180a038097af23,TOW-BLR-002,2026-08-30T10:19:02Z,-58
1b8e2f4669c49257fcbc07db82dff985ebdcea2645c6b93aca03046d5731472a,TOW-BLR-002,2026-08-30T12:26:07Z,-78
ceb92794371376cce497c125e1859d5da18956b33da07f06cae159d1cb60eeb6,TOW-BLR-005,2026-08-30T14:35:20Z,-80
7db41c47095120834f255ed6a9005c4edc4b430ef019eb6f4df2754c2b3d228a,TOW-BLR-003,2026-08-30T21:04:37Z,-68
a4488d9cbf53e318e7cd9beaf8a5512f8b50d81b4edfc6b0affdc8a4b4cbb2ba,TOW-BLR-005,2026-08-31T11:53:47Z,-87
71545b7cc76f2b684ffbd6fa39c0b37a3cebb903f1ae21d330405c6a682803ab,TOW-BLR-003,2026-08-31T04:29:07Z,-86
cc6a64b393383a4ba1bb601bcf6b3acfae97f5d200518ae28211fdfde0f911f2,TOW-BLR-001,2026-08-31T09:47:05Z,-84
e26e1dc5e2e6d643677fb2630c682cf53779acc7fd5096db87510ecaa28fc078,TOW-BLR-004,2026-08-30T10:47:20Z,-109
41cfb62dc545f52a623ca34ff6274e78e3c806640f9c315637adf5a9f9fca5d1,TOW-BLR-004,2026-08-30T08:44:50Z,-74
e99755126b8fe02eb8684b0457fda5f975195b5929e9f034c715e1ea8947715c,TOW-BLR-001,2026-08-31T18:16:24Z,-91
41dbbf390d15565d4044e78d299c7ad4aa57641d70a6b8447037a2b05e72dee5,TOW-BLR-005,2026-08-31T08:21:57Z,-108
a4a572481d7efb2b2dc685f091aa115e366949d975bbb259a0bff53e0e49dc3d,TOW-BLR-003,2026-08-30T10:08:37Z,-81
0914bcb9c4e6585bba37c48570774e86f8d87ff884fede75c8d19d9c85ccb3ed,TOW-BLR-004,2026-08-30T20:09:48Z,-110
9640ffa8fd3b6c05321013dd64ca4ba4bcd7e82047fb9c0c01f898481d00e72b,TOW-BLR-003,2026-08-31T12:27:19Z,-56
dba1521b6091cf64b9de658c2f1eb1ce93fc8d45c84778661bf95cff148582e0,TOW-BLR-005,2026-08-30T15:20:54Z,-88
6c80697a257233c38023ce9e735e10c89e76b5d5fb9e63a1b96a8ac89bc49c67,TOW-BLR-005,2026-08-31T04:26:39Z,-78
e03084bd52a1de59f703c73a314b52bf9f7026848c2545312ce44ccc7b54e5d4,TOW-BLR-002,2026-08-31T23:45:45Z,-101
1f79de33c2108975365a7031a039f6022577be75a0a004d91eefb2973f386493,TOW-BLR-005,2026-08-31T00:42:23Z,-81
c2e085ff3106211c72863a7a99360642c5170eadd9a22346a895f4cec806fc92,TOW-BLR-002,2026-08-30T20:16:05Z,-60
514d2ff67276c76ac8d5d761b8f652d553d046582e35c06ca92e32f042d20fd7,TOW-BLR-003,2026-08-31T04:41:06Z,-106
91692116b5a4bef93f0ce15b1c0fc9ceabdf7d6317836432ce60fdb60300aa5e,TOW-BLR-004,2026-08-31T03:25:03Z,-80
c1a2661f7ff113cb0271c9f8ba51b6cf211909fde3b6355be005d33986875097,TOW-BLR-002,2026-08-31T17:56:45Z,-65
37d5bcc2e10e41308171cc736deaeb1ae3801824fe99d46de6a7dd02427f8d16,TOW-BLR-005,2026-08-31T23:58:48Z,-77
26bcfd2aa62a45e60890296e7920204fd45fec2c9f05e144b2aab10bb457ecec,TOW-BLR-002,2026-08-30T23:35:54Z,-73
3f24dc89df996ef63c8289393b934feed72d9dbb13a7e4e2180dcd25f0f50391,TOW-BLR-005,2026-08-31T01:20:51Z,-73
8f6c3567020fe5158954a16a90fe942b05b979cc3d21185db7682c502a185a2e,TOW-BLR-004,2026-08-30T04:55:13Z,-108
3d7121e5d2a5cd54446be0380d569da6dbcb6d7fd71e425f23cf8b5727e0efe8,TOW-BLR-002,2026-08-30T16:52:19Z,-104
71545b7cc76f2b684ffbd6fa39c0b37a3cebb903f1ae21d330405c6a682803ab,TOW-BLR-001,2026-08-31T12:22:03Z,-51
eac5c4fa0df8925ed6a6c3b93119a5d12212c8ad8c8089cc8abcb4c68da216f1,TOW-BLR-004,2026-08-30T23:34:05Z,-62
e8f00016406bb08c12dc8c0e43fc32a1da7071e14c3cea997d3566848d75a7b4,TOW-BLR-002,2026-08-30T07:40:38Z,-53
0914bcb9c4e6585bba37c48570774e86f8d87ff884fede75c8d19d9c85ccb3ed,TOW-BLR-002,2026-08-31T03:58:05Z,-62
438def5eabfbb68a3b92db643ef7878613bbc2faa66a7a86b4eba14d00bd1745,TOW-BLR-004,2026-08-30T04:41:14Z,-107
c8f37c395bad9f7984fa2958e584e0d57d3985a86ed5df2571f601b435eeb661,TOW-BLR-003,2026-08-30T08:20:08Z,-108
62bd82e922a8ec6730fed1035ea57162649ffbf5882baf6115b56d0c3c8ff6df,TOW-BLR-001,2026-08-31T08:09:04Z,-62
db60cb3d3e926de5e1f1dc5ec39988132f99ed7cfdb2c75b0d98588d668e754a,TOW-BLR-005,2026-08-31T21:58:09Z,-57
3d7121e5d2a5cd54446be0380d569da6dbcb6d7fd71e425f23cf8b5727e0efe8,TOW-BLR-002,2026-08-30T23:23:09Z,-104
cc6a64b393383a4ba1bb601bcf6b3acfae97f5d200518ae28211fdfde0f911f2,TOW-BLR-004,2026-08-31T03:29:53Z,-102
55768ebde66794472f72ffb0e46b19fb191ed283e65f0f937924db158b9f03cc,TOW-BLR-005,2026-08-31T16:31:14Z,-98
33110e1e2edeb3a9f3e629796e97941741f999576247d8073ff1e272bed7fff4,TOW-BLR-003,2026-08-31T11:45:39Z,-82
eac5c4fa0df8925ed6a6c3b93119a5d12212c8ad8c8089cc8abcb4c68da216f1,TOW-BLR-003,2026-08-30T16:25:12Z,-98
ceb92794371376cce497c125e1859d5da18956b33da07f06cae159d1cb60eeb6,TOW-BLR-002,2026-08-31T07:36:27Z,-58
963a9f6d2ede09f587dc708254327c775a8dbb7ebfa4ee671035859c4dd2b5b9,TOW-BLR-002,2026-08-30T06:15:49Z,-73
716a50353041fe3e7931d2c7ec68810c83d45d3c42a529d39319d45cd8721518,TOW-BLR-001,2026-08-30T14:49:16Z,-108
0381be7abc2a2e33ba7ed09549f3d24cf97c4515c755faf466999b9084c0c563,TOW-BLR-002,2026-08-30T00:22:52Z,-87
04a4b90e332aa366ee3ff9d9f986e3770ce54d4b0b50f60b8194bd7533083d47,TOW-BLR-004,2026-08-31T17:22:55Z,-76
b7b24c21128514aa97ef1bd367e3106c0bb05ab8a08d86f1354babd21669850c,TOW-BLR-001,2026-08-31T00:48:35Z,-99
27a9f6cf3e784af9957031dd7c4ea3328ee97a45e97e32dcc06d0e81de9a6a44,TOW-BLR-005,2026-08-31T12:07:49Z,-98
6061496b81655335453d7cb834b0c2abbaf8611fc4415969b50985d236ef0a22,TOW-BLR-002,2026-08-31T17:31:59Z,-58
0e08c8be934134f5e0143d79626cd666ef6ee835dbea0e2139e4453691d41006,TOW-BLR-005,2026-08-31T01:38:22Z,-88
8f6c3567020fe5158954a16a90fe942b05b979cc3d21185db7682c502a185a2e,TOW-BLR-005,2026-08-30T10:02:22Z,-59
111b3f239d51625aee293406aa6afb86b456d53d1e14d80cc74ba885d322a03a,TOW-BLR-004,2026-08-31T07:07:49Z,-70
41fb42693e5559e4b7fd8d6cb4b0bbe89b98897c4d2fb30dd85c32276f044277,TOW-BLR-001,2026-08-31T17:26:39Z,-105
1e153199ebee9124b76aeb29141d81316036069970aeaae21b359e771d49fbcd,TOW-BLR-005,2026-08-30T21:42:58Z,-104
b4137ecb3d80db814311d6a4053415d0bd71e8b4e4fb32b9f5a39b74d62a8504,TOW-BLR-004,2026-08-30T16:47:23Z,-107
f8a59b7cf1ffeefddb4cad82da9fb10563f4d8deb34e9d00533fcc65b639ddc9,TOW-BLR-005,2026-08-31T00:05:48Z,-109
367c904c22b232e98be959f9aa1f1fe766a88044d97e83bb2cb2b458e7c9235d,TOW-BLR-003,2026-08-30T18:18:18Z,-86
19655e9e203fc8dd4a2cb9c57c67a2bcb90bd417b22c2e9b970eab144ddae4eb,TOW-BLR-003,2026-08-30T04:56:53Z,-55
d4d9b138de4939b5a64d664afbd8ffb6be0bb1d9157e5b907b48f4b8b7fb5816,TOW-BLR-002,2026-08-30T20:58:35Z,-106
64fdc51f368e71395a7448eb988c56d10bd682b76bb1403d56524552df9a8b1a,TOW-BLR-005,2026-08-30T17:34:41Z,-56
0418b6bf59aaf6300e9694a040b9ce90c99c0d7ea12dd91359575e72f42b58e3,TOW-BLR-005,2026-08-31T12:24:44Z,-91
cfee4531556fc23e554d508217c12c722036af0deea68f1f7100d32fff96f111,TOW-BLR-005,2026-08-30T04:07:29Z,-76
cc6a64b393383a4ba1bb601bcf6b3acfae97f5d200518ae28211fdfde0f911f2,TOW-BLR-001,2026-08-31T18:26:10Z,-80
4a963e06b1fc70d0275420de2b12ed9ca98f83e89daa42cb95678b2dd0d555dd,TOW-BLR-003,2026-08-31T23:34:00Z,-109
41dbbf390d15565d4044e78d299c7ad4aa57641d70a6b8447037a2b05e72dee5,TOW-BLR-003,2026-08-31T06:41:08Z,-94
5f789fd2c5836252cc417e4829879fb15a3dc5b35c4ee49f7f2be52647303570,TOW-BLR-003,2026-08-30T04:19:29Z,-102
27fb3e04a0e726c98b1040e53908e60b10c50f29d312fb808a051d0da28034e6,TOW-BLR-005,2026-08-31T00:00:05Z,-51
614876d3edf5128ba4d3d15fc68c5a62a99dc6e8d5ecebfdb5f15ea2eaf97dae,TOW-BLR-001,2026-08-30T17:09:25Z,-79
b97863b8c458045fcb570501b4a5f9f4e0129debab5c1098ac6a64dfc33444b1,TOW-BLR-005,2026-08-31T20:25:08Z,-66
6061496b81655335453d7cb834b0c2abbaf8611fc4415969b50985d236ef0a22,TOW-BLR-001,2026-08-31T01:11:01Z,-106
8cfb6b888a7f0c057eb5a53552975702d7397eeecd4f696e49a7df9588c2e1f8,TOW-BLR-004,2026-08-31T19:33:20Z,-63
c8f37c395bad9f7984fa2958e584e0d57d3985a86ed5df2571f601b435eeb661,TOW-BLR-001,2026-08-31T16:09:12Z,-80
e1c50c60bd295187ed76df05350c2f8dda62be7db7100c9502d042ecb0647bea,TOW-BLR-002,2026-08-30T19:41:52Z,-64
e799c2d47421751052a9b78f7e997150cd304e0b0c07d742b4490116e4802051,TOW-BLR-001,2026-08-30T02:35:32Z,-79
74b278b09e7445e0d793bfc50d90bc456934a28ff41137b470d0b15f24cbc706,TOW-BLR-002,2026-08-31T23:21:21Z,-88
2dad7dd62b009098dd3015775fa21a10553632e72f58bf7c8d4349688e85edb7,TOW-BLR-004,2026-08-30T22:05:39Z,-60
075c081e2edc77d960c5a77903c03dce2ff4a629cdac09a4bfc5c9be3eb03e12,TOW-BLR-002,2026-08-30T01:33:41Z,-51
f89c7a25aa73d2138860ce78ca92d285666572ec069a32f612b59f091d2d2232,TOW-BLR-001,2026-08-30T14:17:05Z,-76
c1a2661f7ff113cb0271c9f8ba51b6cf211909fde3b6355be005d33986875097,TOW-BLR-004,2026-08-30T01:19:03Z,-75
0163aad1b721e6f0eac7043f23aa95135f7e6264d73cb85f4771d5599f9e75bf,TOW-BLR-001,2026-08-31T04:11:22Z,-61
41fb42693e5559e4b7fd8d6cb4b0bbe89b98897c4d2fb30dd85c32276f044277,TOW-BLR-002,2026-08-31T07:17:28Z,-66
bfea41177792521cca94d1ee5637e5b077cf5b0d4a50e5861d4fd514573f7464,TOW-BLR-005,2026-08-30T10:01:55Z,-103
623458811301a7a083ae0d7176fbf402b21877cf81552b4001e222a9f3a990c3,TOW-BLR-001,2026-08-31T20:49:49Z,-53
d427539d777d7e1658638290cb9fab436f06cc47d74eaa6fe686b199b2b20b25,TOW-BLR-003,2026-08-30T14:06:03Z,-89
39fc2ded1476bc7aeb30d49ddc847faed054a01822a29d8cfcd965aadea576c3,TOW-BLR-001,2026-08-30T17:20:34Z,-96
63e057fde085f12ed5175da4bedf4ca9b785b50614b0d21a48adcd1cd457483f,TOW-BLR-005,2026-08-30T00:43:54Z,-96
3b107bed1c6ac71d80856e656952a83c8b5583e3c4f3b453df0c29d234693f08,TOW-BLR-005,2026-08-31T17:21:50Z,-108
bdd2bdbaf183327d7ca5b7121c51db5ae24f436a01a4db832ea4d719bbbe7733,TOW-BLR-001,2026-08-30T18:11:55Z,-58
f89c7a25aa73d2138860ce78ca92d285666572ec069a32f612b59f091d2d2232,TOW-BLR-001,2026-08-30T04:07:31Z,-102
623458811301a7a083ae0d7176fbf402b21877cf81552b4001e222a9f3a990c3,TOW-BLR-002,2026-08-30T20:34:40Z,-108
f09defae43936bc24acfcb7f14509d12080824d2ab52b46e006c57e20408aa08,TOW-BLR-003,2026-08-31T19:51:59Z,-69
329ca6ac512e95d4428bdcfcc69d43ded1cd914a94127edefb12ad988ce7ef4b,TOW-BLR-002,2026-08-30T21:17:34Z,-102
c1a2661f7ff113cb0271c9f8ba51b6cf211909fde3b6355be005d33986875097,TOW-BLR-004,2026-08-31T10:51:28Z,-68
ac4d86152237babe16e522e0f80f243fccc135f73a43438fda309a2c79d06c46,TOW-BLR-001,2026-08-30T05:33:42Z,-94
3cee8dbbae85a1deabbf81ebce14a6aa0a7af01250985f09ec3de2f2bcc4b3b7,TOW-BLR-005,2026-08-30T14:59:25Z,-79
19655e9e203fc8dd4a2cb9c57c67a2bcb90bd417b22c2e9b970eab144ddae4eb,TOW-BLR-003,2026-08-30T16:02:26Z,-82
58c67f8ed21ef88fc36604b9c2852c28cd1a3a82f119db54c094ff2444e5899e,TOW-BLR-003,2026-08-31T02:43:09Z,-61
e6951d6c5a3a48fb67ac2286e053646bf0df327033541b173b88a0e682170299,TOW-BLR-003,2026-08-31T23:35:48Z,-95
680ae478d9e8f0a61999e67f1223f32e269acc9daf00ee8e31b0c7a99bfae5d4,TOW-BLR-003,2026-08-30T23:13:06Z,-66
cfc82faf09a6dc9b02ed746351fd4a85e0d59c3f2a8388a385cbda411989d9c8,TOW-BLR-005,2026-08-30T07:36:02Z,-107
3d47fa14eca1ad3c6af4a7630628e3e43d0de0e692c02fb9966106fd91f3e1c2,TOW-BLR-004,2026-08-31T21:16:59Z,-79
2b74f741f3b9ec86d66a65850a5ee252863e775fdfc25e7467a62827b45f36b8,TOW-BLR-001,2026-08-30T14:49:20Z,-52
c89efbb027c12f4b909983c4355aec7fcd703fe6189044ce7d0594af3eb770d4,TOW-BLR-005,2026-08-30T16:47:13Z,-91
ceb92794371376cce497c125e1859d5da18956b33da07f06cae159d1cb60eeb6,TOW-BLR-005,2026-08-30T15:20:51Z,-103
db60cb3d3e926de5e1f1dc5ec39988132f99ed7cfdb2c75b0d98588d668e754a,TOW-BLR-002,2026-08-30T02:36:42Z,-95
cc6a64b393383a4ba1bb601bcf6b3acfae97f5d200518ae28211fdfde0f911f2,TOW-BLR-004,2026-08-31T23:19:29Z,-62
664899f7580500b65ee3fb2b483121846c0c74a9d8f1124ee5067346bfc951ce,TOW-BLR-001,2026-08-30T01:33:00Z,-79
a63f135b6223cee83a6aec5fa5b330aa5bee7f690ed3de3fc0b1541db348bac9,TOW-BLR-001,2026-08-30T19:40:57Z,-93
e10363f8958cd2b611c6abe035c04cb016a3c8d51154f65f6932a5c26f9ea68c,TOW-BLR-004,2026-08-30T21:52:31Z,-58
12030bfb87a972728846acb9e72576256886534bdc90af27da64fc64607c03c5,TOW-BLR-001,2026-08-30T04:20:55Z,-93
1cb1a3f105243c12f43e49ea3b7f2a77275a1fbbb926af3b761ccc42bf7f8bbb,TOW-BLR-005,2026-08-31T03:57:26Z,-79
e514f926f417d960da222d7a1c16d5b31d7dfc71fa5140f104670febd095e2c6,TOW-BLR-004,2026-08-31T04:00:37Z,-82
f639adcff8a55ba9d5eae8cb29118e2cf7a99cef509afa19f23e7c9e34413df7,TOW-BLR-002,2026-08-30T14:58:50Z,-86
13adb9d8e842415d7c92ad9cb74a600c24d35b08605cd2bbf3860bfcdd42db23,TOW-BLR-004,2026-08-31T14:46:29Z,-107
749b8c6b6e329536c169d086aacabc027ba8ca8d5b21588417083626197c27be,TOW-BLR-003,2026-08-30T02:16:46Z,-76
514d2ff67276c76ac8d5d761b8f652d553d046582e35c06ca92e32f042d20fd7,TOW-BLR-003,2026-08-30T01:53:33Z,-52
c1a2661f7ff113cb0271c9f8ba51b6cf211909fde3b6355be005d33986875097,TOW-BLR-003,2026-08-30T19:07:01Z,-59
ea65e1e9e85234a2d75d1068dcd45e323543e123130f0600ce591123eafc8600,TOW-BLR-005,2026-08-30T15:46:05Z,-62
3d7121e5d2a5cd54446be0380d569da6dbcb6d7fd71e425f23cf8b5727e0efe8,TOW-BLR-003,2026-08-31T21:15:30Z,-83
b7b24c21128514aa97ef1bd367e3106c0bb05ab8a08d86f1354babd21669850c,TOW-BLR-004,2026-08-30T04:09:33Z,-59
179b29b175854ddd9f2dd460353266387174d375bcf69481556bc9e55562f9f7,TOW-BLR-005,2026-08-31T04:15:40Z,-50
0f8c011e3f0544059dbe2826c17ede5deba80e3c137a94288dfb04b168dcdace,TOW-BLR-003,2026-08-31T14:56:24Z,-81
ef381ec30b82913c60a6c06d3c429ef4f754d856719fe68096ff9c3cff940bfb,TOW-BLR-005,2026-08-31T17:22:57Z,-61
0418b6bf59aaf6300e9694a040b9ce90c99c0d7ea12dd91359575e72f42b58e3,TOW-BLR-003,2026-08-30T11:50:11Z,-86
e27215f8478b1d5961a5e2f91bcfe38158ec069c264a9840541ede499ddff6d0,TOW-BLR-002,2026-08-30T09:36:09Z,-52
4ee1d1663fe1c8dba22aff6390d16ec929cd2c6dd08c33a43efdf55d10c2ed5b,TOW-BLR-003,2026-08-30T19:58:50Z,-105
39bfa5d7a53ae5dc5e6fb7a1daa9c8667bbb8e31e055933cae3b960a780e2fc0,TOW-BLR-005,2026-08-30T21:32:28Z,-89
542bb7beec17cd7c80e6c9881ec3337cd1aea378ad6dc96ae9e9de99694a2906,TOW-BLR-004,2026-08-30T02:48:40Z,-71
d2436884e59a142c599c677d7a8e920706502f134261082705708e2c52ff095c,TOW-BLR-003,2026-08-30T19:34:10Z,-68
e1666c1ff291b7c40b69df20c664fa769b46a15bdf7ad72bf1ffd72f63d51649,TOW-BLR-005,2026-08-30T00:53:54Z,-103
ec92a3f62ddb9be57763b65d15f9909e8471fbeceb75ee00f71bff38eee7a199,TOW-BLR-005,2026-08-30T23:22:25Z,-57
7f2aafa15c630696adf2683d461db9bbd05fda0713e55de6b83a58f667d4888f,TOW-BLR-002,2026-08-31T08:19:01Z,-81
e514f926f417d960da222d7a1c16d5b31d7dfc71fa5140f104670febd095e2c6,TOW-BLR-004,2026-08-30T00:38:45Z,-81
ca9fb60d20be57a8aa44f49c9edb466c3cba0cff3de897735d88c52ff4d0dd37,TOW-BLR-003,2026-08-31T10:58:03Z,-70
62bd82e922a8ec6730fed1035ea57162649ffbf5882baf6115b56d0c3c8ff6df,TOW-BLR-005,2026-08-30T15:51:46Z,-84
f89c7a25aa73d2138860ce78ca92d285666572ec069a32f612b59f091d2d2232,TOW-BLR-005,2026-08-30T05:47:32Z,-93
615d09c2e16982784eec18d1a485e4dfc8cb3a43bfafca019fdde222c11e4a25,TOW-BLR-005,2026-08-31T16:09:18Z,-90
3f24dc89df996ef63c8289393b934feed72d9dbb13a7e4e2180dcd25f0f50391,TOW-BLR-001,2026-08-31T08:04:18Z,-99
26bcfd2aa62a45e60890296e7920204fd45fec2c9f05e144b2aab10bb457ecec,TOW-BLR-003,2026-08-30T18:53:57Z,-55
8db711f1e9c56e3ec7d23fcbbb50874c31595217047cef55c4464670811dea54,TOW-BLR-002,2026-08-30T16:33:36Z,-70
994c4489211698bbcf023b39117e68fd91ff40b8de92e6790b5866888fe1e03e,TOW-BLR-002,2026-08-31T20:59:51Z,-69
06e2f299519cc999898b2f300730199ef511a5aecd416e005ef6eed49149b4b5,TOW-BLR-002,2026-08-30T08:20:01Z,-69
ca9fb60d20be57a8aa44f49c9edb466c3cba0cff3de897735d88c52ff4d0dd37,TOW-BLR-002,2026-08-31T12:53:53Z,-55
623458811301a7a083ae0d7176fbf402b21877cf81552b4001e222a9f3a990c3,TOW-BLR-005,2026-08-30T23:06:27Z,-108
e6951d6c5a3a48fb67ac2286e053646bf0df327033541b173b88a0e682170299,TOW-BLR-002,2026-08-30T04:25:41Z,-50
58c67f8ed21ef88fc36604b9c2852c28cd1a3a82f119db54c094ff2444e5899e,TOW-BLR-003,2026-08-30T18:44:47Z,-109
eac5c4fa0df8925ed6a6c3b93119a5d12212c8ad8c8089cc8abcb4c68da216f1,TOW-BLR-003,2026-08-31T15:21:13Z,-65
f639adcff8a55ba9d5eae8cb29118e2cf7a99cef509afa19f23e7c9e34413df7,TOW-BLR-005,2026-08-30T17:05:24Z,-88
179b29b175854ddd9f2dd460353266387174d375bcf69481556bc9e55562f9f7,TOW-BLR-001,2026-08-31T12:54:50Z,-82
a306962ddc4e800a51d884da9e7e0bd2fa08b534c8773d2cdbf06790da9fa65d,TOW-BLR-005,2026-08-30T05:38:23Z,-95
27fb3e04a0e726c98b1040e53908e60b10c50f29d312fb808a051d0da28034e6,TOW-BLR-003,2026-08-31T17:31:57Z,-87
6f69d588e0a357f690fe95f6b229ebae3116d34f1e5fdead5d1157845ba5d384,TOW-BLR-004,2026-08-30T05:11:55Z,-69
bfea41177792521cca94d1ee5637e5b077cf5b0d4a50e5861d4fd514573f7464,TOW-BLR-003,2026-08-30T10:25:07Z,-109
2e5363d57be11745b6badea9f90e0d46330f696bd5b930c72e77374c42069361,TOW-BLR-005,2026-08-31T02:14:07Z,-89
438def5eabfbb68a3b92db643ef7878613bbc2faa66a7a86b4eba14d00bd1745,TOW-BLR-004,2026-08-31T23:28:32Z,-87
fce13cdb8a85833a333ee4d1021160f2db2b97c0c5a8e7d11c78875fdaee8c50,TOW-BLR-003,2026-08-31T21:17:11Z,-109
406d6a732b582c4975f346fb213c5d688dba50d22ee577bd17cba7ea3d143772,TOW-BLR-003,2026-08-30T03:14:54Z,-92
626a8c724bbe99a359d58cf8b9793fc42a5ea2ccee33814a7d1e2410fe9aefa8,TOW-BLR-002,2026-08-31T19:03:06Z,-109
179b29b175854ddd9f2dd460353266387174d375bcf69481556bc9e55562f9f7,TOW-BLR-005,2026-08-30T15:23:58Z,-59
f09defae43936bc24acfcb7f14509d12080824d2ab52b46e006c57e20408aa08,TOW-BLR-005,2026-08-31T13:00:16Z,-60
c1f42731b9907abe4e81947ee7799751d8ecf8eca65cdf787ee9db2935d743cc,TOW-BLR-003,2026-08-30T15:38:46Z,-86
6f69d588e0a357f690fe95f6b229ebae3116d34f1e5fdead5d1157845ba5d384,TOW-BLR-005,2026-08-30T02:22:25Z,-68
bfc7e0570fc2fd1ef8e941c2837e63172945abb8d7e14746ca0f6e8ccdd960cf,TOW-BLR-002,2026-08-31T03:45:00Z,-62
4489de783f0bdc9c1f46955c8b79e68e5b7268250d1c7cc130a9f14d220b14c8,TOW-BLR-001,2026-08-30T05:37:46Z,-51
367c904c22b232e98be959f9aa1f1fe766a88044d97e83bb2cb2b458e7c9235d,TOW-BLR-005,2026-08-31T12:39:48Z,-74
060b7ff050c23cec2699264d708ce7f80a94f7fc3e40fab697cb72f0222421a9,TOW-BLR-005,2026-08-31T06:26:37Z,-76
9223f782eeb1eef2af92c9ef48f9e721834d0e8fbfef6fafe4c83c0c15b71264,TOW-BLR-001,2026-08-31T14:25:48Z,-59
5f73ad762d52353a3814d8344b8c3c3871dac373b2bd5d1d1021399309c4f409,TOW-BLR-005,2026-08-31T10:23:38Z,-68
680ae478d9e8f0a61999e67f1223f32e269acc9daf00ee8e31b0c7a99bfae5d4,TOW-BLR-005,2026-08-31T08:06:50Z,-90
71cb904b7291d0d2e45d4ff2e2770e09787864e217f69784a47441a4403c066e,TOW-BLR-002,2026-08-31T17:53:16Z,-92
2c81ff0b42af0ac31a2c1bb6367fe9c71a4db98f91ee9dd8dae0d9952724a68b,TOW-BLR-002,2026-08-30T23:56:02Z,-95
d0ce3c85381df18d23eabae9a4e2a2de705ad64e07b750ed3dbc1cfb6aadba42,TOW-BLR-003,2026-08-30T16:48:46Z,-81
f09defae43936bc24acfcb7f14509d12080824d2ab52b46e006c57e20408aa08,TOW-BLR-001,2026-08-30T17:33:08Z,-82
9223f782eeb1eef2af92c9ef48f9e721834d0e8fbfef6fafe4c83c0c15b71264,TOW-BLR-004,2026-08-31T02:21:04Z,-105
1f79de33c2108975365a7031a039f6022577be75a0a004d91eefb2973f386493,TOW-BLR-005,2026-08-31T12:49:11Z,-106
91692116b5a4bef93f0ce15b1c0fc9ceabdf7d6317836432ce60fdb60300aa5e,TOW-BLR-003,2026-08-31T23:34:26Z,-80
a6b9b064c298e3a2b3f93834e33675a4415900230ca5a96e1e9963baafbf4749,TOW-BLR-002,2026-08-31T08:41:34Z,-60
b9f0f673df45e56702a2054de2329aefb3b6c6fd3ef2940d6ea1133b7f7baa67,TOW-BLR-002,2026-08-31T17:27:29Z,-58
a555bd5f4da0fa7f434ab161a8964c5a8c7a727c3a05eda72767d5e76a703d7d,TOW-BLR-002,2026-08-31T15:08:52Z,-95
04a4b90e332aa366ee3ff9d9f986e3770ce54d4b0b50f60b8194bd7533083d47,TOW-BLR-004,2026-08-31T18:34:50Z,-68
c89efbb027c12f4b909983c4355aec7fcd703fe6189044ce7d0594af3eb770d4,TOW-BLR-005,2026-08-30T18:57:10Z,-60
e53081484a5eb1c0f5f73ecf0cd933511de4c4ffc753f057daa54f7c32018d01,TOW-BLR-003,2026-08-30T22:51:12Z,-103
acc639aa3e154ebcb8bacfdda9c6cd45fc7fab52b0b141e2e9dcf2f2c3a30288,TOW-BLR-004,2026-08-31T06:39:28Z,-78
3914a31c587f0090d3fa33ffc0e20d8c98208ac7e2a63abf5b0dae856bcaf132,TOW-BLR-005,2026-08-31T11:59:11Z,-70
0914bcb9c4e6585bba37c48570774e86f8d87ff884fede75c8d19d9c85ccb3ed,TOW-BLR-002,2026-08-30T13:06:03Z,-54
664899f7580500b65ee3fb2b483121846c0c74a9d8f1124ee5067346bfc951ce,TOW-BLR-001,2026-08-30T12:08:38Z,-103
b9f0f673df45e56702a2054de2329aefb3b6c6fd3ef2940d6ea1133b7f7baa67,TOW-BLR-003,2026-08-31T16:22:59Z,-65
626a8c724bbe99a359d58cf8b9793fc42a5ea2ccee33814a7d1e2410fe9aefa8,TOW-BLR-004,2026-08-30T07:21:15Z,-102
21308ebc339ed29ba2719c3421b30cf3d970d86d5452bf72124521884c6e130e,TOW-BLR-001,2026-08-31T07:24:54Z,-109
28ca498f1861bf52e0b0fb8af9c1c1d88bda98dbfdef764c0e0834aaa4f210e0,TOW-BLR-002,2026-08-30T05:19:00Z,-102
28bce8f903d29d7ffd117da4022d6a8f445c0bb61d25d9b3130bfc6b7f07a0b9,TOW-BLR-005,2026-08-31T04:15:41Z,-53
ef381ec30b82913c60a6c06d3c429ef4f754d856719fe68096ff9c3cff940bfb,TOW-BLR-003,2026-08-30T09:16:51Z,-85
cc6a64b393383a4ba1bb601bcf6b3acfae97f5d200518ae28211fdfde0f911f2,TOW-BLR-005,2026-08-30T17:34:50Z,-65
c14c122b7d80c0cadc54149e12c9e1f574f2499598653912351b2a668a0aba1d,TOW-BLR-001,2026-08-31T00:31:32Z,-53
a555bd5f4da0fa7f434ab161a8964c5a8c7a727c3a05eda72767d5e76a703d7d,TOW-BLR-003,2026-08-31T19:04:12Z,-72
41e7a957c31f1cfac990f14b9802f83af2b2ddbf12f52ea52b7c072dee84689b,TOW-BLR-001,2026-08-30T03:17:38Z,-106
ceb92794371376cce497c125e1859d5da18956b33da07f06cae159d1cb60eeb6,TOW-BLR-003,2026-08-31T08:41:15Z,-52
2f629a39127a6e00c862dfee8033366a17e57c8a3efe74a4b98d68e02917fb8c,TOW-BLR-004,2026-08-31T07:43:33Z,-92
614876d3edf5128ba4d3d15fc68c5a62a99dc6e8d5ecebfdb5f15ea2eaf97dae,TOW-BLR-004,2026-08-30T09:48:06Z,-64
f075856bccab281555b78e7b9aa45224d7fdbb1b65f1be673de9702f53dbdc94,TOW-BLR-005,2026-08-31T13:05:29Z,-105
3108f70e3438057186993335f56bd6c6d9ffe0a74ee099c8be28fdfc35c97a2c,TOW-BLR-001,2026-08-31T19:13:16Z,-73
d427539d777d7e1658638290cb9fab436f06cc47d74eaa6fe686b199b2b20b25,TOW-BLR-004,2026-08-31T03:37:30Z,-90
623458811301a7a083ae0d7176fbf402b21877cf81552b4001e222a9f3a990c3,TOW-BLR-002,2026-08-31T13:02:24Z,-64
e10363f8958cd2b611c6abe035c04cb016a3c8d51154f65f6932a5c26f9ea68c,TOW-BLR-003,2026-08-30T07:03:21Z,-96
67f8aaafd23c1ac8be42715dbd8dcd8206070aaa4abe91897ec5c55283c6408e,TOW-BLR-004,2026-08-31T00:50:21Z,-107
7b696387507a0442fa73032f77df22fbfca57d2f62198e30029ec2a03dcc8d57,TOW-BLR-005,2026-08-31T14:14:36Z,-73
7a055fdd3bd61d3427439dba09a185a5bb286f6a7354ca8b9faac95268f96bf7,TOW-BLR-004,2026-08-30T20:46:18Z,-90
2779749f7710949a4792cc1cccf83ac4506a22e7344db9bff0318b42e6108519,TOW-BLR-003,2026-08-30T12:59:30Z,-101
e799c2d47421751052a9b78f7e997150cd304e0b0c07d742b4490116e4802051,TOW-BLR-002,2026-08-31T07:21:02Z,-77
2b74f741f3b9ec86d66a65850a5ee252863e775fdfc25e7467a62827b45f36b8,TOW-BLR-005,2026-08-31T20:49:03Z,-90
a4488d9cbf53e318e7cd9beaf8a5512f8b50d81b4edfc6b0affdc8a4b4cbb2ba,TOW-BLR-003,2026-08-30T20:44:16Z,-100
b4137ecb3d80db814311d6a4053415d0bd71e8b4e4fb32b9f5a39b74d62a8504,TOW-BLR-003,2026-08-30T19:56:27Z,-79
623458811301a7a083ae0d7176fbf402b21877cf81552b4001e222a9f3a990c3,TOW-BLR-002,2026-08-30T12:19:46Z,-92
3cee8dbbae85a1deabbf81ebce14a6aa0a7af01250985f09ec3de2f2bcc4b3b7,TOW-BLR-003,2026-08-31T20:08:23Z,-62
179b29b175854ddd9f2dd460353266387174d375bcf69481556bc9e55562f9f7,TOW-BLR-002,2026-08-30T20:17:20Z,-101
8679f0fa29e477d1def3ae9e208876db0be8ecedd590b3ba6c5ce9a1caeb22c7,TOW-BLR-002,2026-08-31T16:12:26Z,-57
7a055fdd3bd61d3427439dba09a185a5bb286f6a7354ca8b9faac95268f96bf7,TOW-BLR-002,2026-08-30T01:59:29Z,-72
6c80697a257233c38023ce9e735e10c89e76b5d5fb9e63a1b96a8ac89bc49c67,TOW-BLR-001,2026-08-31T15:18:33Z,-76
d0ce3c85381df18d23eabae9a4e2a2de705ad64e07b750ed3dbc1cfb6aadba42,TOW-BLR-002,2026-08-30T00:29:07Z,-79
6061496b81655335453d7cb834b0c2abbaf8611fc4415969b50985d236ef0a22,TOW-BLR-001,2026-08-31T02:54:32Z,-97
41cfb62dc545f52a623ca34ff6274e78e3c806640f9c315637adf5a9f9fca5d1,TOW-BLR-005,2026-08-31T07:03:25Z,-64
7c3444809193dd8892bd3d5406741e9e223bd5de3febc017ef431a8d712e364f,TOW-BLR-005,2026-08-30T09:11:16Z,-57
664899f7580500b65ee3fb2b483121846c0c74a9d8f1124ee5067346bfc951ce,TOW-BLR-003,2026-08-30T07:58:54Z,-65
19655e9e203fc8dd4a2cb9c57c67a2bcb90bd417b22c2e9b970eab144ddae4eb,TOW-BLR-001,2026-08-31T08:21:38Z,-54
2dad7dd62b009098dd3015775fa21a10553632e72f58bf7c8d4349688e85edb7,TOW-BLR-004,2026-08-30T19:09:18Z,-105
b7b24c21128514aa97ef1bd367e3106c0bb05ab8a08d86f1354babd21669850c,TOW-BLR-002,2026-08-30T20:16:34Z,-64
cf8e4cdc32117c05ae9a7f56eefc46a94eb0db0b2e5cd67fd9a2e41f9eeb0a92,TOW-BLR-001,2026-08-31T01:45:25Z,-59
acc639aa3e154ebcb8bacfdda9c6cd45fc7fab52b0b141e2e9dcf2f2c3a30288,TOW-BLR-002,2026-08-30T05:24:50Z,-90
9640ffa8fd3b6c05321013dd64ca4ba4bcd7e82047fb9c0c01f898481d00e72b,TOW-BLR-005,2026-08-31T00:25:06Z,-93
664899f7580500b65ee3fb2b483121846c0c74a9d8f1124ee5067346bfc951ce,TOW-BLR-005,2026-08-30T05:23:41Z,-65
28ca498f1861bf52e0b0fb8af9c1c1d88bda98dbfdef764c0e0834aaa4f210e0,TOW-BLR-003,2026-08-30T02:47:35Z,-83
a4488d9cbf53e318e7cd9beaf8a5512f8b50d81b4edfc6b0affdc8a4b4cbb2ba,TOW-BLR-005,2026-08-30T23:07:17Z,-98
d41e30e0593ac284cad2c7c08569fbdad3dd2a63b3ed8a6bdb90b74b9290c16d,TOW-BLR-005,2026-08-31T21:35:23Z,-108
e1c50c60bd295187ed76df05350c2f8dda62be7db7100c9502d042ecb0647bea,TOW-BLR-001,2026-08-30T17:54:24Z,-102
e10363f8958cd2b611c6abe035c04cb016a3c8d51154f65f6932a5c26f9ea68c,TOW-BLR-004,2026-08-30T16:02:06Z,-67
33110e1e2edeb3a9f3e629796e97941741f999576247d8073ff1e272bed7fff4,TOW-BLR-003,2026-08-31T10:13:57Z,-101
3a1039a2cd5c4b081564377071a122e8f9564962f6ba00fd27656e45042c6349,TOW-BLR-002,2026-08-31T12:10:13Z,-92
210e5cb2855dfb9080fd95bf683a00dab57522ed81797bf9e43c65006061b3b2,TOW-BLR-002,2026-08-31T22:13:21Z,-54
e742f7d717510b229a774a833b4b2c40258e2e69aad964973c15e5a973b3de65,TOW-BLR-005,2026-08-30T15:35:48Z,-110
39fc2ded1476bc7aeb30d49ddc847faed054a01822a29d8cfcd965aadea576c3,TOW-BLR-001,2026-08-31T11:43:51Z,-75
c8f37c395bad9f7984fa2958e584e0d57d3985a86ed5df2571f601b435eeb661,TOW-BLR-002,2026-08-30T12:58:11Z,-108
b9f0f673df45e56702a2054de2329aefb3b6c6fd3ef2940d6ea1133b7f7baa67,TOW-BLR-003,2026-08-31T20:39:53Z,-86
060b7ff050c23cec2699264d708ce7f80a94f7fc3e40fab697cb72f0222421a9,TOW-BLR-005,2026-08-30T17:05:29Z,-70
763fd87be48fc3c8c3709f9544d328717bb1ddb9678344ebbda99fadce1b5355,TOW-BLR-004,2026-08-31T14:37:37Z,-68
3f24dc89df996ef63c8289393b934feed72d9dbb13a7e4e2180dcd25f0f50391,TOW-BLR-002,2026-08-30T21:51:09Z,-57
e8f00016406bb08c12dc8c0e43fc32a1da7071e14c3cea997d3566848d75a7b4,TOW-BLR-003,2026-08-31T11:19:15Z,-79
2cd185a0e5165c8705eaac57a82ddd0f7ec3fcb92ea51efe8d13d48444b0ec31,TOW-BLR-004,2026-08-31T19:32:00Z,-88
3a489a1f2d50a7145610c51b0f2ba3fb83cb5fe91c12c2961b086df8092a6c88,TOW-BLR-004,2026-08-30T21:30:41Z,-104
361ac03f9899db5f853e98f211383204a3477b6750123b3aa08990c0bc60193e,TOW-BLR-001,2026-08-30T20:55:06Z,-84
374990eb0fbeabeaa27b11dd595064faf7e817abd85676d2ccb3da4f44acbd11,TOW-BLR-004,2026-08-30T23:41:40Z,-95
749b8c6b6e329536c169d086aacabc027ba8ca8d5b21588417083626197c27be,TOW-BLR-004,2026-08-30T08:26:01Z,-99
d72a31c76cd1ced9b3eaee828a621e1aa961ec6970a66d4b73a005fd72745274,TOW-BLR-003,2026-08-30T08:16:02Z,-88
cc6a64b393383a4ba1bb601bcf6b3acfae97f5d200518ae28211fdfde0f911f2,TOW-BLR-004,2026-08-30T09:19:29Z,-61
0914bcb9c4e6585bba37c48570774e86f8d87ff884fede75c8d19d9c85ccb3ed,TOW-BLR-004,2026-08-31T11:37:14Z,-72
3b107bed1c6ac71d80856e656952a83c8b5583e3c4f3b453df0c29d234693f08,TOW-BLR-002,2026-08-30T02:06:32Z,-92
71cb904b7291d0d2e45d4ff2e2770e09787864e217f69784a47441a4403c066e,TOW-BLR-005,2026-08-30T15:39:48Z,-54
075c081e2edc77d960c5a77903c03dce2ff4a629cdac09a4bfc5c9be3eb03e12,TOW-BLR-004,2026-08-30T04:25:39Z,-75
50910d451937c8598faa62cd6d80123690e3d3e18a319df65da8c93c6497cef1,TOW-BLR-003,2026-08-30T19:02:58Z,-67
541b2920d264e79295106f9481dd0b84153d03d56baa980f48caacdedab79cfe,TOW-BLR-004,2026-08-31T04:29:57Z,-59
7c3444809193dd8892bd3d5406741e9e223bd5de3febc017ef431a8d712e364f,TOW-BLR-004,2026-08-31T05:01:51Z,-94
2c81ff0b42af0ac31a2c1bb6367fe9c71a4db98f91ee9dd8dae0d9952724a68b,TOW-BLR-001,2026-08-30T19:32:17Z,-79
a91a9ad7f674f50c12821a23db77ab9fec0f3a5f7846ac3a035639fd74c19c5b,TOW-BLR-002,2026-08-31T00:44:47Z,-70
815c8294c15a0369f897299acf164eb0c88d156163b6926d34a6c32225270d1d,TOW-BLR-001,2026-08-30T22:27:54Z,-82
2f629a39127a6e00c862dfee8033366a17e57c8a3efe74a4b98d68e02917fb8c,TOW-BLR-002,2026-08-31T17:41:18Z,-54
4fbb32d4a24fe104c5dd461ac6280dbd58883363fbc54ce5080ba8175198cb11,TOW-BLR-005,2026-08-30T15:00:54Z,-61
a84d124abd92dfd79e62cfbc455627dac349b078fdb26f691cbf968372549d77,TOW-BLR-001,2026-08-31T20:39:33Z,-71
4075c01d70966dc11bef2096198285422fbbd861d184a28bc57ff6fc7fe81f4a,TOW-BLR-002,2026-08-31T20:03:06Z,-76
bdc3ac20257eed8311edda7e668474d29467a33bcdc30a5ac7180a038097af23,TOW-BLR-001,2026-08-31T03:36:41Z,-105
c29f10eeeac39ff9da13cd1771e7013daa37b6f9553618953e642c0193b1105d,TOW-BLR-003,2026-08-31T01:40:58Z,-61
241f4bcd27c2cbf458ad7db886b03a52f063f0acae2773adeb9c65f1a5cb3050,TOW-BLR-005,2026-08-30T04:37:16Z,-69
06e2f299519cc999898b2f300730199ef511a5aecd416e005ef6eed49149b4b5,TOW-BLR-005,2026-08-30T15:19:31Z,-87
7a677870d8c06defbdf456be024b65848db56b7ac4755a7297e78308315ae636,TOW-BLR-002,2026-08-30T11:25:54Z,-57
7a677870d8c06defbdf456be024b65848db56b7ac4755a7297e78308315ae636,TOW-BLR-004,2026-08-30T16:41:58Z,-92
bdd2bdbaf183327d7ca5b7121c51db5ae24f436a01a4db832ea4d719bbbe7733,TOW-BLR-002,2026-08-31T03:13:30Z,-89
3b107bed1c6ac71d80856e656952a83c8b5583e3c4f3b453df0c29d234693f08,TOW-BLR-002,2026-08-31T16:15:52Z,-64
39bfa5d7a53ae5dc5e6fb7a1daa9c8667bbb8e31e055933cae3b960a780e2fc0,TOW-BLR-001,2026-08-30T02:37:36Z,-56
bdc3ac20257eed8311edda7e668474d29467a33bcdc30a5ac7180a038097af23,TOW-BLR-005,2026-08-30T07:27:55Z,-78
da46c1b20bb0c378edcaee8832ed4f959a5ebdd74213d9ad63df0f498f6bd2b4,TOW-BLR-004,2026-08-30T03:04:44Z,-100
41cfb62dc545f52a623ca34ff6274e78e3c806640f9c315637adf5a9f9fca5d1,TOW-BLR-003,2026-08-30T01:45:55Z,-96
060b7ff050c23cec2699264d708ce7f80a94f7fc3e40fab697cb72f0222421a9,TOW-BLR-002,2026-08-30T02:27:34Z,-93
655badaedb0392e0426bcfed45623fff014b93f36c2bfbf9bff47b52c5b15140,TOW-BLR-001,2026-08-31T03:30:52Z,-69
cfee4531556fc23e554d508217c12c722036af0deea68f1f7100d32fff96f111,TOW-BLR-002,2026-08-30T19:39:38Z,-55
01d3d1ae9ffe5b587f8d18acb10f48bdc9446b971dba998f10683223125fde60,TOW-BLR-001,2026-08-30T05:22:49Z,-78
0f8c011e3f0544059dbe2826c17ede5deba80e3c137a94288dfb04b168dcdace,TOW-BLR-004,2026-08-30T01:28:03Z,-110
1b8e2f4669c49257fcbc07db82dff985ebdcea2645c6b93aca03046d5731472a,TOW-BLR-005,2026-08-31T20:02:43Z,-52
3108f70e3438057186993335f56bd6c6d9ffe0a74ee099c8be28fdfc35c97a2c,TOW-BLR-001,2026-08-31T18:49:51Z,-60
07fc1543a0144268c02a1425909a6de96563c05d53b9243010e4c943d0e28120,TOW-BLR-002,2026-08-31T20:06:18Z,-56
44a2ab369bd48f9dade49e6155f2c1e151bcdc5051f2f956afa1431bb13f8be1,TOW-BLR-003,2026-08-31T06:57:31Z,-78
1b8e2f4669c49257fcbc07db82dff985ebdcea2645c6b93aca03046d5731472a,TOW-BLR-001,2026-08-30T22:00:07Z,-93
1c23e30dc22cff7d9aa4539a48dbcbb7caf4fdaf6fa0021e39f2c045be36e658,TOW-BLR-002,2026-08-30T07:15:30Z,-94
374990eb0fbeabeaa27b11dd595064faf7e817abd85676d2ccb3da4f44acbd11,TOW-BLR-005,2026-08-31T10:19:34Z,-86
30eee72284276f0a5044a80defca7a33cf9def9620a784c6cb88b0f812477240,TOW-BLR-004,2026-08-30T06:46:35Z,-96
12030bfb87a972728846acb9e72576256886534bdc90af27da64fc64607c03c5,TOW-BLR-004,2026-08-31T16:51:01Z,-93
0163aad1b721e6f0eac7043f23aa95135f7e6264d73cb85f4771d5599f9e75bf,TOW-BLR-003,2026-08-31T14:49:36Z,-78
faf4897f37a82eaf9e8cb074678fdf8a3179b6174545b37131e9854d06b84f6a,TOW-BLR-004,2026-08-30T01:15:12Z,-79
a91a9ad7f674f50c12821a23db77ab9fec0f3a5f7846ac3a035639fd74c19c5b,TOW-BLR-004,2026-08-31T03:08:30Z,-62
3a489a1f2d50a7145610c51b0f2ba3fb83cb5fe91c12c2961b086df8092a6c88,TOW-BLR-001,2026-08-31T08:55:59Z,-96
2d79558bb4e3c15673ad08352dde6e8c13ea6fb69dde51ff483f3ccbb7f795c3,TOW-BLR-001,2026-08-31T04:56:02Z,-61
e8f00016406bb08c12dc8c0e43fc32a1da7071e14c3cea997d3566848d75a7b4,TOW-BLR-004,2026-08-31T02:55:46Z,-80
7b696387507a0442fa73032f77df22fbfca57d2f62198e30029ec2a03dcc8d57,TOW-BLR-001,2026-08-31T22:48:31Z,-91
97368f3c02f48f75894e4de8193414fce44ead3ef4706afdcafa5d91758315d7,TOW-BLR-002,2026-08-31T21:52:08Z,-105
8679f0fa29e477d1def3ae9e208876db0be8ecedd590b3ba6c5ce9a1caeb22c7,TOW-BLR-005,2026-08-30T12:19:29Z,-97
b7b24c21128514aa97ef1bd367e3106c0bb05ab8a08d86f1354babd21669850c,TOW-BLR-004,2026-08-31T19:12:38Z,-95
01d3d1ae9ffe5b587f8d18acb10f48bdc9446b971dba998f10683223125fde60,TOW-BLR-002,2026-08-31T05:21:35Z,-71
a63f135b6223cee83a6aec5fa5b330aa5bee7f690ed3de3fc0b1541db348bac9,TOW-BLR-004,2026-08-31T14:06:47Z,-64
a63f135b6223cee83a6aec5fa5b330aa5bee7f690ed3de3fc0b1541db348bac9,TOW-BLR-005,2026-08-30T16:55:30Z,-107
241f4bcd27c2cbf458ad7db886b03a52f063f0acae2773adeb9c65f1a5cb3050,TOW-BLR-004,2026-08-30T18:21:06Z,-84
44a2ab369bd48f9dade49e6155f2c1e151bcdc5051f2f956afa1431bb13f8be1,TOW-BLR-003,2026-08-30T10:58:02Z,-108
1dd27686432c1e2abfc90dd1bd07a714be564682b0b19015c4da9517d8fb08ce,TOW-BLR-005,2026-08-31T19:35:53Z,-84
d4d9b138de4939b5a64d664afbd8ffb6be0bb1d9157e5b907b48f4b8b7fb5816,TOW-BLR-001,2026-08-30T19:31:32Z,-66
e4e172eaeda63c2c9e8570d599346aca08ee96cdf2e322654453e0a15a2c30cd,TOW-BLR-005,2026-08-31T11:35:16Z,-76
3404f57309d8e1f7c2250dc78541765cf40b63416cdb7e032ad5ca046e930e24,TOW-BLR-003,2026-08-31T23:28:40Z,-95
1dd27686432c1e2abfc90dd1bd07a714be564682b0b19015c4da9517d8fb08ce,TOW-BLR-004,2026-08-31T11:10:14Z,-78
60343645662c2c85f86cac66661e9d01cc5ad029bcd47b7c444b994305467266,TOW-BLR-001,2026-08-30T07:38:56Z,-83
527c04e02df3ff3e27eeb14cbb5442e9a0d6cd00c1823792d74d70a748221858,TOW-BLR-001,2026-08-31T03:21:23Z,-102
614876d3edf5128ba4d3d15fc68c5a62a99dc6e8d5ecebfdb5f15ea2eaf97dae,TOW-BLR-001,2026-08-30T11:48:11Z,-77
655badaedb0392e0426bcfed45623fff014b93f36c2bfbf9bff47b52c5b15140,TOW-BLR-001,2026-08-30T12:06:07Z,-98
623458811301a7a083ae0d7176fbf402b21877cf81552b4001e222a9f3a990c3,TOW-BLR-001,2026-08-30T02:50:39Z,-54
ef381ec30b82913c60a6c06d3c429ef4f754d856719fe68096ff9c3cff940bfb,TOW-BLR-004,2026-08-30T12:25:53Z,-70
bdd2bdbaf183327d7ca5b7121c51db5ae24f436a01a4db832ea4d719bbbe7733,TOW-BLR-005,2026-08-31T11:28:34Z,-102
655badaedb0392e0426bcfed45623fff014b93f36c2bfbf9bff47b52c5b15140,TOW-BLR-005,2026-08-31T06:26:54Z,-85
906a0bc76e88bfe2444e9d7e957f0bb1d037f9869c84ba6e88b051c6053a31dc,TOW-BLR-003,2026-08-30T08:33:43Z,-83
c14c122b7d80c0cadc54149e12c9e1f574f2499598653912351b2a668a0aba1d,TOW-BLR-003,2026-08-31T14:02:45Z,-90
41e7a957c31f1cfac990f14b9802f83af2b2ddbf12f52ea52b7c072dee84689b,TOW-BLR-003,2026-08-31T17:03:19Z,-69
4fbb32d4a24fe104c5dd461ac6280dbd58883363fbc54ce5080ba8175198cb11,TOW-BLR-002,2026-08-30T21:07:53Z,-77
e01d811a79fc578af3d4139e61bb2d3e543e3069a4328eddce1bac46495508f1,TOW-BLR-002,2026-08-31T20:42:36Z,-50
58c67f8ed21ef88fc36604b9c2852c28cd1a3a82f119db54c094ff2444e5899e,TOW-BLR-003,2026-08-31T13:49:12Z,-72
e1666c1ff291b7c40b69df20c664fa769b46a15bdf7ad72bf1ffd72f63d51649,TOW-BLR-004,2026-08-31T09:42:21Z,-97
4a963e06b1fc70d0275420de2b12ed9ca98f83e89daa42cb95678b2dd0d555dd,TOW-BLR-003,2026-08-30T09:51:18Z,-100
680ae478d9e8f0a61999e67f1223f32e269acc9daf00ee8e31b0c7a99bfae5d4,TOW-BLR-004,2026-08-30T00:42:54Z,-90
b3e45428dce2593a6b83b43fff29c95eab50acb1cc55b2daeb176a2788b74766,TOW-BLR-002,2026-08-30T10:56:53Z,-80
111b3f239d51625aee293406aa6afb86b456d53d1e14d80cc74ba885d322a03a,TOW-BLR-001,2026-08-30T22:42:27Z,-66
61ff510fc7c8d0f3edfbf2e3d961cccbeb1d1f5266d5d648980b41c13d7a2ab5,TOW-BLR-002,2026-08-30T06:50:01Z,-76
1c23e30dc22cff7d9aa4539a48dbcbb7caf4fdaf6fa0021e39f2c045be36e658,TOW-BLR-003,2026-08-30T06:53:48Z,-107
ee7e18675c2c64ba9da01d4ead0588b4e15751d9557b30d41a89ac44de6b3db3,TOW-BLR-004,2026-08-31T19:17:12Z,-100
111b3f239d51625aee293406aa6afb86b456d53d1e14d80cc74ba885d322a03a,TOW-BLR-003,2026-08-31T22:20:13Z,-75
a9cb35a4fd627463d2028b97d80463eba8976d54e3f9ecdc40b17877be95bf19,TOW-BLR-002,2026-08-31T01:07:08Z,-70
4ee1d1663fe1c8dba22aff6390d16ec929cd2c6dd08c33a43efdf55d10c2ed5b,TOW-BLR-002,2026-08-30T19:59:39Z,-92
58a6e3dc4206df0cba91aa32a701bea7293f9d9e17d386b2f2b0411cc01d9720,TOW-BLR-004,2026-08-31T18:33:34Z,-64
ec92a3f62ddb9be57763b65d15f9909e8471fbeceb75ee00f71bff38eee7a199,TOW-BLR-003,2026-08-31T21:28:29Z,-61
a92475f03c5c0e704011c75f83e311cba049d04139c488d187645cbe5836ee42,TOW-BLR-003,2026-08-31T16:51:32Z,-76
fee0cfa53d5328eeab6e9c98c28a9a57cd4de2a7597f9c83002a5b4141243e7d,TOW-BLR-002,2026-08-30T05:38:29Z,-73
b81ed4ffe6a708d799c3f4f207982b64479e2e81b941b8534a79f725fe6ed2e8,TOW-BLR-001,2026-08-30T15:45:38Z,-93
645cb5ae33ecbf471ebf101aef4c781e2f0b1a50c071ca9ee7ae5ce4e8f430b8,TOW-BLR-003,2026-08-31T17:02:40Z,-104
1e153199ebee9124b76aeb29141d81316036069970aeaae21b359e771d49fbcd,TOW-BLR-005,2026-08-31T18:46:01Z,-69
241f4bcd27c2cbf458ad7db886b03a52f063f0acae2773adeb9c65f1a5cb3050,TOW-BLR-004,2026-08-31T00:02:29Z,-74
50910d451937c8598faa62cd6d80123690e3d3e18a319df65da8c93c6497cef1,TOW-BLR-005,2026-08-31T20:02:18Z,-93
12030bfb87a972728846acb9e72576256886534bdc90af27da64fc64607c03c5,TOW-BLR-005,2026-08-31T10:28:20Z,-97
991ad61e050c36e38ee2d725869c32a32440da474d0e54c5f1ed130a6f1ecfe5,TOW-BLR-001,2026-08-30T16:52:53Z,-97
63e057fde085f12ed5175da4bedf4ca9b785b50614b0d21a48adcd1cd457483f,TOW-BLR-005,2026-08-30T10:40:01Z,-101
4fbb32d4a24fe104c5dd461ac6280dbd58883363fbc54ce5080ba8175198cb11,TOW-BLR-004,2026-08-30T00:01:04Z,-90
226d8826c385168e16b0917b76aa9c3f9bd852ee5d6f16791734803b3fff2069,TOW-BLR-001,2026-08-30T09:58:27Z,-78
9752b374a6dca9438cf640f07ee97b5e9219d13a25c503ca0931f630f408007f,TOW-BLR-004,2026-08-31T06:58:37Z,-68
fce13cdb8a85833a333ee4d1021160f2db2b97c0c5a8e7d11c78875fdaee8c50,TOW-BLR-003,2026-08-30T22:01:53Z,-78
eebec9b0998a8822dbdf98d57efcfbf13e2008e9a7afd4def57a07fc3a7db792,TOW-BLR-001,2026-08-30T17:31:57Z,-75
07fc1543a0144268c02a1425909a6de96563c05d53b9243010e4c943d0e28120,TOW-BLR-004,2026-08-31T04:04:24Z,-65
0e08c8be934134f5e0143d79626cd666ef6ee835dbea0e2139e4453691d41006,TOW-BLR-003,2026-08-30T22:42:06Z,-57
5cc172e6c14565e6dc2547d26145a1e9fc76c7168557933cca12bdaca3113697,TOW-BLR-003,2026-08-31T14:38:36Z,-105
a9cb35a4fd627463d2028b97d80463eba8976d54e3f9ecdc40b17877be95bf19,TOW-BLR-005,2026-08-30T15:34:32Z,-100
e1c50c60bd295187ed76df05350c2f8dda62be7db7100c9502d042ecb0647bea,TOW-BLR-003,2026-08-30T10:24:16Z,-57
39fc2ded1476bc7aeb30d49ddc847faed054a01822a29d8cfcd965aadea576c3,TOW-BLR-005,2026-08-31T08:09:35Z,-79
62cba2b3558fe5db259bb5840cd24e7515734f8b42d6f0d656cd4e814e601c9b,TOW-BLR-003,2026-08-30T08:45:20Z,-75
528f9d1c169746b6a29d77cb1f91df1f22d5e7bcf1e58a917a90e4f6a52df000,TOW-BLR-004,2026-08-31T23:29:02Z,-88
645cb5ae33ecbf471ebf101aef4c781e2f0b1a50c071ca9ee7ae5ce4e8f430b8,TOW-BLR-001,2026-08-31T02:37:42Z,-56
e27215f8478b1d5961a5e2f91bcfe38158ec069c264a9840541ede499ddff6d0,TOW-BLR-003,2026-08-31T06:52:49Z,-97
41e7a957c31f1cfac990f14b9802f83af2b2ddbf12f52ea52b7c072dee84689b,TOW-BLR-005,2026-08-30T13:54:25Z,-86
db60cb3d3e926de5e1f1dc5ec39988132f99ed7cfdb2c75b0d98588d668e754a,TOW-BLR-002,2026-08-30T00:46:37Z,-98
7c3444809193dd8892bd3d5406741e9e223bd5de3febc017ef431a8d712e364f,TOW-BLR-003,2026-08-31T14:18:08Z,-98
c01a6992a61aa93d4e9d9f42d82df188c91b3e1f2d06f347a56337292c8a85a7,TOW-BLR-005,2026-08-30T22:36:07Z,-89
8679f0fa29e477d1def3ae9e208876db0be8ecedd590b3ba6c5ce9a1caeb22c7,TOW-BLR-003,2026-08-30T18:28:41Z,-78
b9aa81e06c478c08898599cee4ef2f84fad944b430a6970a238f03f220edbd26,TOW-BLR-001,2026-08-31T20:11:02Z,-93
41dbbf390d15565d4044e78d299c7ad4aa57641d70a6b8447037a2b05e72dee5,TOW-BLR-003,2026-08-31T22:43:31Z,-80
da46c1b20bb0c378edcaee8832ed4f959a5ebdd74213d9ad63df0f498f6bd2b4,TOW-BLR-001,2026-08-30T18:25:32Z,-93
a84d124abd92dfd79e62cfbc455627dac349b078fdb26f691cbf968372549d77,TOW-BLR-001,2026-08-31T17:39:53Z,-58
3d7121e5d2a5cd54446be0380d569da6dbcb6d7fd71e425f23cf8b5727e0efe8,TOW-BLR-004,2026-08-31T20:14:24Z,-70
664899f7580500b65ee3fb2b483121846c0c74a9d8f1124ee5067346bfc951ce,TOW-BLR-004,2026-08-30T12:39:13Z,-80
655badaedb0392e0426bcfed45623fff014b93f36c2bfbf9bff47b52c5b15140,TOW-BLR-005,2026-08-30T07:33:53Z,-108
d427539d777d7e1658638290cb9fab436f06cc47d74eaa6fe686b199b2b20b25,TOW-BLR-001,2026-08-31T20:37:53Z,-53
58c67f8ed21ef88fc36604b9c2852c28cd1a3a82f119db54c094ff2444e5899e,TOW-BLR-002,2026-08-30T12:52:55Z,-55
075c081e2edc77d960c5a77903c03dce2ff4a629cdac09a4bfc5c9be3eb03e12,TOW-BLR-002,2026-08-30T06:01:51Z,-84
6061496b81655335453d7cb834b0c2abbaf8611fc4415969b50985d236ef0a22,TOW-BLR-001,2026-08-30T04:04:52Z,-82
55768ebde66794472f72ffb0e46b19fb191ed283e65f0f937924db158b9f03cc,TOW-BLR-001,2026-08-30T22:52:55Z,-104
a47f789aa388687028705b7f2d4547d8000047bb5ec34c7b31f59fa3ab8539a6,TOW-BLR-005,2026-08-30T20:12:19Z,-56
033cb5d2a369636fca13cc266088ef49b139033d26568e95cfc45648b2f00aff,TOW-BLR-005,2026-08-30T01:12:51Z,-89
a63f135b6223cee83a6aec5fa5b330aa5bee7f690ed3de3fc0b1541db348bac9,TOW-BLR-003,2026-08-30T12:19:18Z,-53
e10363f8958cd2b611c6abe035c04cb016a3c8d51154f65f6932a5c26f9ea68c,TOW-BLR-003,2026-08-31T13:35:55Z,-110
3cee8dbbae85a1deabbf81ebce14a6aa0a7af01250985f09ec3de2f2bcc4b3b7,TOW-BLR-004,2026-08-31T06:19:11Z,-57
71545b7cc76f2b684ffbd6fa39c0b37a3cebb903f1ae21d330405c6a682803ab,TOW-BLR-001,2026-08-30T04:43:47Z,-98
a555bd5f4da0fa7f434ab161a8964c5a8c7a727c3a05eda72767d5e76a703d7d,TOW-BLR-005,2026-08-30T10:44:29Z,-64
71cb904b7291d0d2e45d4ff2e2770e09787864e217f69784a47441a4403c066e,TOW-BLR-001,2026-08-30T12:34:02Z,-82
f639adcff8a55ba9d5eae8cb29118e2cf7a99cef509afa19f23e7c9e34413df7,TOW-BLR-003,2026-08-31T20:18:42Z,-98
28ca498f1861bf52e0b0fb8af9c1c1d88bda98dbfdef764c0e0834aaa4f210e0,TOW-BLR-005,2026-08-31T05:48:02Z,-99
c331a6b20a84257bab78df7177103605e5f668c2b4e8c00a9c44bc40b5ef93eb,TOW-BLR-001,2026-08-30T22:39:29Z,-93
070f49e260bfad8f443dd7b6c77454a5ea3a32ddb069aa900164197386693a9f,TOW-BLR-003,2026-08-30T08:34:18Z,-89
e27215f8478b1d5961a5e2f91bcfe38158ec069c264a9840541ede499ddff6d0,TOW-BLR-005,2026-08-30T06:16:09Z,-74
626a8c724bbe99a359d58cf8b9793fc42a5ea2ccee33814a7d1e2410fe9aefa8,TOW-BLR-004,2026-08-30T06:25:11Z,-103
b9aa81e06c478c08898599cee4ef2f84fad944b430a6970a238f03f220edbd26,TOW-BLR-001,2026-08-30T13:17:21Z,-64
e742f7d717510b229a774a833b4b2c40258e2e69aad964973c15e5a973b3de65,TOW-BLR-002,2026-08-30T23:07:11Z,-73
a84d124abd92dfd79e62cfbc455627dac349b078fdb26f691cbf968372549d77,TOW-BLR-001,2026-08-30T12:19:50Z,-60
906a0bc76e88bfe2444e9d7e957f0bb1d037f9869c84ba6e88b051c6053a31dc,TOW-BLR-002,2026-08-31T22:27:13Z,-87
1c23e30dc22cff7d9aa4539a48dbcbb7caf4fdaf6fa0021e39f2c045be36e658,TOW-BLR-001,2026-08-30T17:57:59Z,-91
a63f135b6223cee83a6aec5fa5b330aa5bee7f690ed3de3fc0b1541db348bac9,TOW-BLR-002,2026-08-30T09:39:55Z,-91
5f73ad762d52353a3814d8344b8c3c3871dac373b2bd5d1d1021399309c4f409,TOW-BLR-004,2026-08-30T20:54:15Z,-99
2b74f741f3b9ec86d66a65850a5ee252863e775fdfc25e7467a62827b45f36b8,TOW-BLR-002,2026-08-31T17:08:41Z,-90
3b107bed1c6ac71d80856e656952a83c8b5583e3c4f3b453df0c29d234693f08,TOW-BLR-002,2026-08-30T13:42:27Z,-93
a9cb35a4fd627463d2028b97d80463eba8976d54e3f9ecdc40b17877be95bf19,TOW-BLR-002,2026-08-30T12:53:48Z,-92
26bcfd2aa62a45e60890296e7920204fd45fec2c9f05e144b2aab10bb457ecec,TOW-BLR-004,2026-08-30T19:15:48Z,-105
cc6b3763e91ab45f13b630b1f96b0fac36879a3f0509992d02f2d39a5d256429,TOW-BLR-003,2026-08-31T18:08:21Z,-87
763fd87be48fc3c8c3709f9544d328717bb1ddb9678344ebbda99fadce1b5355,TOW-BLR-005,2026-08-31T08:44:39Z,-57
060b7ff050c23cec2699264d708ce7f80a94f7fc3e40fab697cb72f0222421a9,TOW-BLR-002,2026-08-30T02:40:28Z,-50
6061496b81655335453d7cb834b0c2abbaf8611fc4415969b50985d236ef0a22,TOW-BLR-005,2026-08-31T04:05:03Z,-101
7a677870d8c06defbdf456be024b65848db56b7ac4755a7297e78308315ae636,TOW-BLR-005,2026-08-30T15:20:23Z,-66
39fc2ded1476bc7aeb30d49ddc847faed054a01822a29d8cfcd965aadea576c3,TOW-BLR-003,2026-08-31T23:02:27Z,-59
27a9f6cf3e784af9957031dd7c4ea3328ee97a45e97e32dcc06d0e81de9a6a44,TOW-BLR-003,2026-08-30T15:06:20Z,-89
527c04e02df3ff3e27eeb14cbb5442e9a0d6cd00c1823792d74d70a748221858,TOW-BLR-005,2026-08-31T16:10:01Z,-57
1b8e2f4669c49257fcbc07db82dff985ebdcea2645c6b93aca03046d5731472a,TOW-BLR-003,2026-08-30T06:36:31Z,-78
50910d451937c8598faa62cd6d80123690e3d3e18a319df65da8c93c6497cef1,TOW-BLR-002,2026-08-30T18:48:09Z,-97
e27215f8478b1d5961a5e2f91bcfe38158ec069c264a9840541ede499ddff6d0,TOW-BLR-003,2026-08-30T02:17:23Z,-51
a5c9577bb5af38d2ff8147936b242dad7800fc3f454896fb7b89c9679241b18b,TOW-BLR-005,2026-08-31T23:56:17Z,-70
13adb9d8e842415d7c92ad9cb74a600c24d35b08605cd2bbf3860bfcdd42db23,TOW-BLR-004,2026-08-30T10:10:51Z,-81
e10363f8958cd2b611c6abe035c04cb016a3c8d51154f65f6932a5c26f9ea68c,TOW-BLR-003,2026-08-31T03:06:31Z,-74
41fb42693e5559e4b7fd8d6cb4b0bbe89b98897c4d2fb30dd85c32276f044277,TOW-BLR-005,2026-08-30T02:27:53Z,-90
527c04e02df3ff3e27eeb14cbb5442e9a0d6cd00c1823792d74d70a748221858,TOW-BLR-001,2026-08-31T21:50:12Z,-88
21308ebc339ed29ba2719c3421b30cf3d970d86d5452bf72124521884c6e130e,TOW-BLR-001,2026-08-30T11:33:35Z,-84
0e08c8be934134f5e0143d79626cd666ef6ee835dbea0e2139e4453691d41006,TOW-BLR-003,2026-08-31T00:30:56Z,-69
6c80697a257233c38023ce9e735e10c89e76b5d5fb9e63a1b96a8ac89bc49c67,TOW-BLR-001,2026-08-30T13:37:30Z,-52
1d8716c4dd38df6890b9e1881e03d3ea4f9f5acb6e7823dbdbcca7fd418f2e2f,TOW-BLR-003,2026-08-30T11:51:02Z,-81
3a489a1f2d50a7145610c51b0f2ba3fb83cb5fe91c12c2961b086df8092a6c88,TOW-BLR-002,2026-08-30T01:35:01Z,-82
0381be7abc2a2e33ba7ed09549f3d24cf97c4515c755faf466999b9084c0c563,TOW-BLR-005,2026-08-31T09:14:14Z,-73
2d79558bb4e3c15673ad08352dde6e8c13ea6fb69dde51ff483f3ccbb7f795c3,TOW-BLR-004,2026-08-31T05:04:42Z,-80
6061496b81655335453d7cb834b0c2abbaf8611fc4415969b50985d236ef0a22,TOW-BLR-002,2026-08-30T18:23:30Z,-64
db60cb3d3e926de5e1f1dc5ec39988132f99ed7cfdb2c75b0d98588d668e754a,TOW-BLR-005,2026-08-31T00:36:12Z,-80
eac5c4fa0df8925ed6a6c3b93119a5d12212c8ad8c8089cc8abcb4c68da216f1,TOW-BLR-004,2026-08-30T21:51:28Z,-108
374990eb0fbeabeaa27b11dd595064faf7e817abd85676d2ccb3da4f44acbd11,TOW-BLR-002,2026-08-31T12:54:56Z,-104
b9f0f673df45e56702a2054de2329aefb3b6c6fd3ef2940d6ea1133b7f7baa67,TOW-BLR-004,2026-08-30T19:36:51Z,-74
cfee4531556fc23e554d508217c12c722036af0deea68f1f7100d32fff96f111,TOW-BLR-005,2026-08-30T02:04:45Z,-100
28bce8f903d29d7ffd117da4022d6a8f445c0bb61d25d9b3130bfc6b7f07a0b9,TOW-BLR-002,2026-08-30T21:53:15Z,-54
a3f6c75cff3ad8beec20e1a0aa71d3f22deffc01ca147e447f33652b2a71efae,TOW-BLR-005,2026-08-30T14:27:05Z,-50
374990eb0fbeabeaa27b11dd595064faf7e817abd85676d2ccb3da4f44acbd11,TOW-BLR-005,2026-08-30T10:09:41Z,-102
749b8c6b6e329536c169d086aacabc027ba8ca8d5b21588417083626197c27be,TOW-BLR-003,2026-08-30T03:55:03Z,-105
44a2ab369bd48f9dade49e6155f2c1e151bcdc5051f2f956afa1431bb13f8be1,TOW-BLR-002,2026-08-31T01:12:08Z,-81
da46c1b20bb0c378edcaee8832ed4f959a5ebdd74213d9ad63df0f498f6bd2b4,TOW-BLR-002,2026-08-31T09:32:20Z,-110
1cb1be4b1497c4012d982486d14c4ff0b1955d00181b6d751e220ee7701403a8,TOW-BLR-002,2026-08-30T14:35:35Z,-54
994c4489211698bbcf023b39117e68fd91ff40b8de92e6790b5866888fe1e03e,TOW-BLR-003,2026-08-30T22:23:36Z,-105
13adb9d8e842415d7c92ad9cb74a600c24d35b08605cd2bbf3860bfcdd42db23,TOW-BLR-002,2026-08-30T14:48:19Z,-83
63e057fde085f12ed5175da4bedf4ca9b785b50614b0d21a48adcd1cd457483f,TOW-BLR-002,2026-08-30T11:13:26Z,-67
60343645662c2c85f86cac66661e9d01cc5ad029bcd47b7c444b994305467266,TOW-BLR-003,2026-08-30T00:21:36Z,-80
9640ffa8fd3b6c05321013dd64ca4ba4bcd7e82047fb9c0c01f898481d00e72b,TOW-BLR-003,2026-08-30T07:16:31Z,-80
5561f501d23467b9e6955b39f1be445c0b050c65c9d2dc64742fe9d371f3ceab,TOW-BLR-004,2026-08-30T15:28:23Z,-52
fce13cdb8a85833a333ee4d1021160f2db2b97c0c5a8e7d11c78875fdaee8c50,TOW-BLR-004,2026-08-31T09:44:59Z,-65
faf4897f37a82eaf9e8cb074678fdf8a3179b6174545b37131e9854d06b84f6a,TOW-BLR-001,2026-08-31T04:13:20Z,-102
541b2920d264e79295106f9481dd0b84153d03d56baa980f48caacdedab79cfe,TOW-BLR-002,2026-08-31T05:07:07Z,-61
2e5363d57be11745b6badea9f90e0d46330f696bd5b930c72e77374c42069361,TOW-BLR-003,2026-08-31T06:55:04Z,-72
07fc1543a0144268c02a1425909a6de96563c05d53b9243010e4c943d0e28120,TOW-BLR-005,2026-08-30T05:13:04Z,-88
cc6b3763e91ab45f13b630b1f96b0fac36879a3f0509992d02f2d39a5d256429,TOW-BLR-005,2026-08-30T01:57:30Z,-96
a9cb35a4fd627463d2028b97d80463eba8976d54e3f9ecdc40b17877be95bf19,TOW-BLR-005,2026-08-30T12:58:23Z,-61
fb508c4e8555e74ffb3890a20561ff7143dfac94aa360aae5d4b2be53a7da02c,TOW-BLR-003,2026-08-31T02:22:49Z,-89
ab29fe932a9f2189b8c48828b4965af27e0f4b704a59b256091d92391aa403f1,TOW-BLR-001,2026-08-31T20:27:36Z,-72
ea65e1e9e85234a2d75d1068dcd45e323543e123130f0600ce591123eafc8600,TOW-BLR-004,2026-08-30T05:37:35Z,-69
f2055c8b46b26b9a2e5732e9978e2bc147a79c229c37c88d62397440e84a9adc,TOW-BLR-002,2026-08-31T12:24:18Z,-98
f639adcff8a55ba9d5eae8cb29118e2cf7a99cef509afa19f23e7c9e34413df7,TOW-BLR-002,2026-08-30T21:59:11Z,-83
63e057fde085f12ed5175da4bedf4ca9b785b50614b0d21a48adcd1cd457483f,TOW-BLR-003,2026-08-31T03:58:00Z,-69
f075856bccab281555b78e7b9aa45224d7fdbb1b65f1be673de9702f53dbdc94,TOW-BLR-004,2026-08-30T10:58:37Z,-92
44a2ab369bd48f9dade49e6155f2c1e151bcdc5051f2f956afa1431bb13f8be1,TOW-BLR-004,2026-08-31T11:00:00Z,-108
26bcfd2aa62a45e60890296e7920204fd45fec2c9f05e144b2aab10bb457ecec,TOW-BLR-004,2026-08-30T13:04:19Z,-100
da46c1b20bb0c378edcaee8832ed4f959a5ebdd74213d9ad63df0f498f6bd2b4,TOW-BLR-005,2026-08-30T07:45:00Z,-81
9752b374a6dca9438cf640f07ee97b5e9219d13a25c503ca0931f630f408007f,TOW-BLR-001,2026-08-31T01:12:57Z,-67
9223f782eeb1eef2af92c9ef48f9e721834d0e8fbfef6fafe4c83c0c15b71264,TOW-BLR-001,2026-08-31T23:45:32Z,-55
a92475f03c5c0e704011c75f83e311cba049d04139c488d187645cbe5836ee42,TOW-BLR-001,2026-08-30T11:42:54Z,-90
1e153199ebee9124b76aeb29141d81316036069970aeaae21b359e771d49fbcd,TOW-BLR-005,2026-08-31T12:54:59Z,-86
e01d811a79fc578af3d4139e61bb2d3e543e3069a4328eddce1bac46495508f1,TOW-BLR-004,2026-08-30T00:50:37Z,-79
26796abc3ac290807b505dea3353c73ca9adc03dcb3dcd68e74c4d00e5e068f8,TOW-BLR-004,2026-08-31T06:45:44Z,-61
5f73ad762d52353a3814d8344b8c3c3871dac373b2bd5d1d1021399309c4f409,TOW-BLR-003,2026-08-31T06:56:46Z,-94
ceb92794371376cce497c125e1859d5da18956b33da07f06cae159d1cb60eeb6,TOW-BLR-001,2026-08-31T19:57:19Z,-59
bdd2bdbaf183327d7ca5b7121c51db5ae24f436a01a4db832ea4d719bbbe7733,TOW-BLR-004,2026-08-31T12:33:32Z,-87
c29f10eeeac39ff9da13cd1771e7013daa37b6f9553618953e642c0193b1105d,TOW-BLR-004,2026-08-31T00:23:54Z,-56
64fdc51f368e71395a7448eb988c56d10bd682b76bb1403d56524552df9a8b1a,TOW-BLR-003,2026-08-30T08:07:54Z,-60
645cb5ae33ecbf471ebf101aef4c781e2f0b1a50c071ca9ee7ae5ce4e8f430b8,TOW-BLR-004,2026-08-31T14:43:05Z,-62
2779749f7710949a4792cc1cccf83ac4506a22e7344db9bff0318b42e6108519,TOW-BLR-001,2026-08-30T10:57:03Z,-110
0928f1fd5b5c226c90dc8dfdbecaec4df23667879d91b0de73c8a659b3b51c9d,TOW-BLR-005,2026-08-30T18:46:30Z,-98
28bce8f903d29d7ffd117da4022d6a8f445c0bb61d25d9b3130bfc6b7f07a0b9,TOW-BLR-005,2026-08-31T09:07:52Z,-83
06e2f299519cc999898b2f300730199ef511a5aecd416e005ef6eed49149b4b5,TOW-BLR-004,2026-08-30T20:30:49Z,-108
ac4d86152237babe16e522e0f80f243fccc135f73a43438fda309a2c79d06c46,TOW-BLR-004,2026-08-31T09:30:51Z,-87
06e2f299519cc999898b2f300730199ef511a5aecd416e005ef6eed49149b4b5,TOW-BLR-005,2026-08-31T02:53:28Z,-94
ef381ec30b82913c60a6c06d3c429ef4f754d856719fe68096ff9c3cff940bfb,TOW-BLR-003,2026-08-30T21:33:52Z,-61
815c8294c15a0369f897299acf164eb0c88d156163b6926d34a6c32225270d1d,TOW-BLR-001,2026-08-31T15:31:18Z,-93
645cb5ae33ecbf471ebf101aef4c781e2f0b1a50c071ca9ee7ae5ce4e8f430b8,TOW-BLR-003,2026-08-31T01:59:15Z,-84
e514f926f417d960da222d7a1c16d5b31d7dfc71fa5140f104670febd095e2c6,TOW-BLR-004,2026-08-30T23:38:20Z,-91
c331a6b20a84257bab78df7177103605e5f668c2b4e8c00a9c44bc40b5ef93eb,TOW-BLR-001,2026-08-31T19:22:59Z,-103
1d8716c4dd38df6890b9e1881e03d3ea4f9f5acb6e7823dbdbcca7fd418f2e2f,TOW-BLR-001,2026-08-31T14:41:08Z,-63
da46c1b20bb0c378edcaee8832ed4f959a5ebdd74213d9ad63df0f498f6bd2b4,TOW-BLR-002,2026-08-30T12:45:36Z,-105
64fdc51f368e71395a7448eb988c56d10bd682b76bb1403d56524552df9a8b1a,TOW-BLR-001,2026-08-30T09:10:44Z,-64
3914a31c587f0090d3fa33ffc0e20d8c98208ac7e2a63abf5b0dae856bcaf132,TOW-BLR-004,2026-08-31T07:23:30Z,-53
d2436884e59a142c599c677d7a8e920706502f134261082705708e2c52ff095c,TOW-BLR-003,2026-08-31T09:21:10Z,-66
8f6c3567020fe5158954a16a90fe942b05b979cc3d21185db7682c502a185a2e,TOW-BLR-002,2026-08-31T14:07:27Z,-74
1c23e30dc22cff7d9aa4539a48dbcbb7caf4fdaf6fa0021e39f2c045be36e658,TOW-BLR-001,2026-08-30T05:34:23Z,-90
db60cb3d3e926de5e1f1dc5ec39988132f99ed7cfdb2c75b0d98588d668e754a,TOW-BLR-001,2026-08-30T10:41:09Z,-72
bfc7e0570fc2fd1ef8e941c2837e63172945abb8d7e14746ca0f6e8ccdd960cf,TOW-BLR-001,2026-08-31T03:48:36Z,-78
bfc7e0570fc2fd1ef8e941c2837e63172945abb8d7e14746ca0f6e8ccdd960cf,TOW-BLR-001,2026-08-31T00:35:45Z,-51
55768ebde66794472f72ffb0e46b19fb191ed283e65f0f937924db158b9f03cc,TOW-BLR-003,2026-08-31T06:46:03Z,-85
bdc3ac20257eed8311edda7e668474d29467a33bcdc30a5ac7180a038097af23,TOW-BLR-002,2026-08-30T18:42:13Z,-64
26796abc3ac290807b505dea3353c73ca9adc03dcb3dcd68e74c4d00e5e068f8,TOW-BLR-001,2026-08-31T07:33:42Z,-103
2cd185a0e5165c8705eaac57a82ddd0f7ec3fcb92ea51efe8d13d48444b0ec31,TOW-BLR-002,2026-08-31T17:34:16Z,-94
4f972994f960f47d30723d1ce7f7ba4b4b54ef39b569eaec30e1bb2d411c90a7,TOW-BLR-005,2026-08-31T13:25:52Z,-76
1cb1a3f105243c12f43e49ea3b7f2a77275a1fbbb926af3b761ccc42bf7f8bbb,TOW-BLR-002,2026-08-30T03:33:20Z,-87
542bb7beec17cd7c80e6c9881ec3337cd1aea378ad6dc96ae9e9de99694a2906,TOW-BLR-004,2026-08-30T15:40:15Z,-62
4a963e06b1fc70d0275420de2b12ed9ca98f83e89daa42cb95678b2dd0d555dd,TOW-BLR-004,2026-08-30T20:00:33Z,-63
28ca498f1861bf52e0b0fb8af9c1c1d88bda98dbfdef764c0e0834aaa4f210e0,TOW-BLR-002,2026-08-30T20:09:35Z,-78
cf8e4cdc32117c05ae9a7f56eefc46a94eb0db0b2e5cd67fd9a2e41f9eeb0a92,TOW-BLR-001,2026-08-31T20:01:38Z,-85
a4a572481d7efb2b2dc685f091aa115e366949d975bbb259a0bff53e0e49dc3d,TOW-BLR-002,2026-08-30T20:44:48Z,-93
c01a6992a61aa93d4e9d9f42d82df188c91b3e1f2d06f347a56337292c8a85a7,TOW-BLR-004,2026-08-30T15:04:59Z,-109
f278eae79a99880355e00f3a7b18d3230b4cf801de627669e85e616cfb853a31,TOW-BLR-004,2026-08-31T23:51:24Z,-102
d2436884e59a142c599c677d7a8e920706502f134261082705708e2c52ff095c,TOW-BLR-003,2026-08-31T09:40:26Z,-72
0c464a077072f36c3a1a180c5de7f5080817e7377fbe2dc5b1677c3adebac752,TOW-BLR-003,2026-08-30T07:04:26Z,-96
367c904c22b232e98be959f9aa1f1fe766a88044d97e83bb2cb2b458e7c9235d,TOW-BLR-001,2026-08-30T23:38:14Z,-96
e03084bd52a1de59f703c73a314b52bf9f7026848c2545312ce44ccc7b54e5d4,TOW-BLR-005,2026-08-30T20:57:33Z,-64
58c67f8ed21ef88fc36604b9c2852c28cd1a3a82f119db54c094ff2444e5899e,TOW-BLR-005,2026-08-31T09:32:35Z,-73
b9f0f673df45e56702a2054de2329aefb3b6c6fd3ef2940d6ea1133b7f7baa67,TOW-BLR-005,2026-08-30T23:56:20Z,-76
e99755126b8fe02eb8684b0457fda5f975195b5929e9f034c715e1ea8947715c,TOW-BLR-004,2026-08-31T16:36:26Z,-110
9498ff38125320e825074439f94b75ab53790c8daa5aad105ebac0d34f2c212e,TOW-BLR-003,2026-08-30T23:16:32Z,-88
58a6e3dc4206df0cba91aa32a701bea7293f9d9e17d386b2f2b0411cc01d9720,TOW-BLR-004,2026-08-30T11:03:07Z,-81
1cb1a3f105243c12f43e49ea3b7f2a77275a1fbbb926af3b761ccc42bf7f8bbb,TOW-BLR-004,2026-08-30T15:20:17Z,-76
cc6a64b393383a4ba1bb601bcf6b3acfae97f5d200518ae28211fdfde0f911f2,TOW-BLR-002,2026-08-31T04:24:12Z,-94
a92475f03c5c0e704011c75f83e311cba049d04139c488d187645cbe5836ee42,TOW-BLR-001,2026-08-31T17:36:06Z,-105
060b7ff050c23cec2699264d708ce7f80a94f7fc3e40fab697cb72f0222421a9,TOW-BLR-004,2026-08-31T16:52:28Z,-88
01d3d1ae9ffe5b587f8d18acb10f48bdc9446b971dba998f10683223125fde60,TOW-BLR-002,2026-08-31T14:33:49Z,-87
4f972994f960f47d30723d1ce7f7ba4b4b54ef39b569eaec30e1bb2d411c90a7,TOW-BLR-003,2026-08-30T22:57:43Z,-82
0162aa00917191d22e2948a923eeba8b3127e99535ef6f6cce59372f46292cd2,TOW-BLR-004,2026-08-30T02:09:10Z,-101
ee7e18675c2c64ba9da01d4ead0588b4e15751d9557b30d41a89ac44de6b3db3,TOW-BLR-005,2026-08-30T12:08:28Z,-71
1f79de33c2108975365a7031a039f6022577be75a0a004d91eefb2973f386493,TOW-BLR-005,2026-08-31T07:25:23Z,-84
514d2ff67276c76ac8d5d761b8f652d553d046582e35c06ca92e32f042d20fd7,TOW-BLR-001,2026-08-30T20:40:19Z,-75
1b8e2f4669c49257fcbc07db82dff985ebdcea2645c6b93aca03046d5731472a,TOW-BLR-004,2026-08-30T17:05:30Z,-86
b9aa81e06c478c08898599cee4ef2f84fad944b430a6970a238f03f220edbd26,TOW-BLR-005,2026-08-30T09:35:23Z,-86
c1a2661f7ff113cb0271c9f8ba51b6cf211909fde3b6355be005d33986875097,TOW-BLR-001,2026-08-30T07:03:42Z,-85
128a2c7bd4fd5507bb0d446ee5793b54ea77c9ab7beee573ac0798d61385482f,TOW-BLR-002,2026-08-30T08:03:21Z,-74
30eee72284276f0a5044a80defca7a33cf9def9620a784c6cb88b0f812477240,TOW-BLR-002,2026-08-30T11:35:11Z,-61
c29f10eeeac39ff9da13cd1771e7013daa37b6f9553618953e642c0193b1105d,TOW-BLR-004,2026-08-31T16:03:17Z,-84
1f79de33c2108975365a7031a039f6022577be75a0a004d91eefb2973f386493,TOW-BLR-002,2026-08-31T06:27:03Z,-53
f8a59b7cf1ffeefddb4cad82da9fb10563f4d8deb34e9d00533fcc65b639ddc9,TOW-BLR-003,2026-08-30T23:15:29Z,-61
dc73abbd70e6bdf2430496c0075788d1e3a0785579dbd18e7e606778ebd97d93,TOW-BLR-001,2026-08-31T22:06:09Z,-62
c331a6b20a84257bab78df7177103605e5f668c2b4e8c00a9c44bc40b5ef93eb,TOW-BLR-003,2026-08-31T12:34:36Z,-76
64fdc51f368e71395a7448eb988c56d10bd682b76bb1403d56524552df9a8b1a,TOW-BLR-004,2026-08-30T16:23:28Z,-56
a92475f03c5c0e704011c75f83e311cba049d04139c488d187645cbe5836ee42,TOW-BLR-004,2026-08-31T09:46:52Z,-92
a555bd5f4da0fa7f434ab161a8964c5a8c7a727c3a05eda72767d5e76a703d7d,TOW-BLR-004,2026-08-30T11:25:48Z,-51
d4d9b138de4939b5a64d664afbd8ffb6be0bb1d9157e5b907b48f4b8b7fb5816,TOW-BLR-002,2026-08-31T05:07:51Z,-92
7621de8ca83cbcd279167f556516c491dadb09330607c1f0ad30436e496097d6,TOW-BLR-005,2026-08-31T00:19:30Z,-62
d72a31c76cd1ced9b3eaee828a621e1aa961ec6970a66d4b73a005fd72745274,TOW-BLR-002,2026-08-30T07:09:34Z,-86
c1f42731b9907abe4e81947ee7799751d8ecf8eca65cdf787ee9db2935d743cc,TOW-BLR-004,2026-08-31T06:27:26Z,-84
61ff510fc7c8d0f3edfbf2e3d961cccbeb1d1f5266d5d648980b41c13d7a2ab5,TOW-BLR-001,2026-08-31T21:03:54Z,-96
c89efbb027c12f4b909983c4355aec7fcd703fe6189044ce7d0594af3eb770d4,TOW-BLR-005,2026-08-31T21:08:28Z,-78
acc639aa3e154ebcb8bacfdda9c6cd45fc7fab52b0b141e2e9dcf2f2c3a30288,TOW-BLR-005,2026-08-31T17:32:55Z,-64
2f629a39127a6e00c862dfee8033366a17e57c8a3efe74a4b98d68e02917fb8c,TOW-BLR-001,2026-08-30T23:40:02Z,-71
39bfa5d7a53ae5dc5e6fb7a1daa9c8667bbb8e31e055933cae3b960a780e2fc0,TOW-BLR-002,2026-08-31T17:27:20Z,-70
fce13cdb8a85833a333ee4d1021160f2db2b97c0c5a8e7d11c78875fdaee8c50,TOW-BLR-001,2026-08-31T02:57:50Z,-109
1b8e2f4669c49257fcbc07db82dff985ebdcea2645c6b93aca03046d5731472a,TOW-BLR-005,2026-08-31T23:37:52Z,-86
e6951d6c5a3a48fb67ac2286e053646bf0df327033541b173b88a0e682170299,TOW-BLR-005,2026-08-30T14:03:22Z,-56
2c81ff0b42af0ac31a2c1bb6367fe9c71a4db98f91ee9dd8dae0d9952724a68b,TOW-BLR-002,2026-08-31T09:20:01Z,-87
bfc7e0570fc2fd1ef8e941c2837e63172945abb8d7e14746ca0f6e8ccdd960cf,TOW-BLR-002,2026-08-30T12:45:30Z,-80
4a963e06b1fc70d0275420de2b12ed9ca98f83e89daa42cb95678b2dd0d555dd,TOW-BLR-002,2026-08-30T23:30:00Z,-102
c14c122b7d80c0cadc54149e12c9e1f574f2499598653912351b2a668a0aba1d,TOW-BLR-001,2026-08-30T02:14:57Z,-97
2d79558bb4e3c15673ad08352dde6e8c13ea6fb69dde51ff483f3ccbb7f795c3,TOW-BLR-004,2026-08-31T09:26:14Z,-95
e01d811a79fc578af3d4139e61bb2d3e543e3069a4328eddce1bac46495508f1,TOW-BLR-005,2026-08-31T08:18:21Z,-95
2cd185a0e5165c8705eaac57a82ddd0f7ec3fcb92ea51efe8d13d48444b0ec31,TOW-BLR-002,2026-08-31T09:35:54Z,-78
fee0cfa53d5328eeab6e9c98c28a9a57cd4de2a7597f9c83002a5b4141243e7d,TOW-BLR-001,2026-08-31T19:58:56Z,-57
4075c01d70966dc11bef2096198285422fbbd861d184a28bc57ff6fc7fe81f4a,TOW-BLR-002,2026-08-30T17:49:49Z,-81
0f8c011e3f0544059dbe2826c17ede5deba80e3c137a94288dfb04b168dcdace,TOW-BLR-001,2026-08-30T00:30:04Z,-63
41dbbf390d15565d4044e78d299c7ad4aa57641d70a6b8447037a2b05e72dee5,TOW-BLR-004,2026-08-31T13:50:53Z,-80
dba1521b6091cf64b9de658c2f1eb1ce93fc8d45c84778661bf95cff148582e0,TOW-BLR-004,2026-08-30T05:07:25Z,-60
b3e45428dce2593a6b83b43fff29c95eab50acb1cc55b2daeb176a2788b74766,TOW-BLR-003,2026-08-31T15:07:40Z,-103
c2e085ff3106211c72863a7a99360642c5170eadd9a22346a895f4cec806fc92,TOW-BLR-005,2026-08-31T23:07:10Z,-76
58c67f8ed21ef88fc36604b9c2852c28cd1a3a82f119db54c094ff2444e5899e,TOW-BLR-001,2026-08-31T07:55:55Z,-80
a555bd5f4da0fa7f434ab161a8964c5a8c7a727c3a05eda72767d5e76a703d7d,TOW-BLR-001,2026-08-30T21:19:58Z,-59
da46c1b20bb0c378edcaee8832ed4f959a5ebdd74213d9ad63df0f498f6bd2b4,TOW-BLR-001,2026-08-31T02:27:36Z,-85
c2e085ff3106211c72863a7a99360642c5170eadd9a22346a895f4cec806fc92,TOW-BLR-005,2026-08-31T21:49:18Z,-69
623458811301a7a083ae0d7176fbf402b21877cf81552b4001e222a9f3a990c3,TOW-BLR-004,2026-08-30T09:02:00Z,-104
3914a31c587f0090d3fa33ffc0e20d8c98208ac7e2a63abf5b0dae856bcaf132,TOW-BLR-003,2026-08-31T18:13:14Z,-62
0c464a077072f36c3a1a180c5de7f5080817e7377fbe2dc5b1677c3adebac752,TOW-BLR-001,2026-08-30T12:18:10Z,-87
3b107bed1c6ac71d80856e656952a83c8b5583e3c4f3b453df0c29d234693f08,TOW-BLR-003,2026-08-30T10:20:11Z,-52
faf4897f37a82eaf9e8cb074678fdf8a3179b6174545b37131e9854d06b84f6a,TOW-BLR-004,2026-08-30T15:17:52Z,-94
8679f0fa29e477d1def3ae9e208876db0be8ecedd590b3ba6c5ce9a1caeb22c7,TOW-BLR-003,2026-08-31T22:45:05Z,-66
b97863b8c458045fcb570501b4a5f9f4e0129debab5c1098ac6a64dfc33444b1,TOW-BLR-004,2026-08-31T11:47:43Z,-62
faf4897f37a82eaf9e8cb074678fdf8a3179b6174545b37131e9854d06b84f6a,TOW-BLR-003,2026-08-31T00:56:09Z,-92
28ca498f1861bf52e0b0fb8af9c1c1d88bda98dbfdef764c0e0834aaa4f210e0,TOW-BLR-004,2026-08-31T00:04:40Z,-60
2774be5a56fcdf5d04f289fcca9eda5f3f2b4026f2ce4b5f2adf3bbac442febb,TOW-BLR-003,2026-08-31T17:22:38Z,-93
a3f6c75cff3ad8beec20e1a0aa71d3f22deffc01ca147e447f33652b2a71efae,TOW-BLR-001,2026-08-30T10:11:45Z,-101
5cc172e6c14565e6dc2547d26145a1e9fc76c7168557933cca12bdaca3113697,TOW-BLR-003,2026-08-30T01:53:20Z,-96
0914bcb9c4e6585bba37c48570774e86f8d87ff884fede75c8d19d9c85ccb3ed,TOW-BLR-003,2026-08-31T17:02:08Z,-87
58c67f8ed21ef88fc36604b9c2852c28cd1a3a82f119db54c094ff2444e5899e,TOW-BLR-003,2026-08-30T22:19:49Z,-50
c2e085ff3106211c72863a7a99360642c5170eadd9a22346a895f4cec806fc92,TOW-BLR-002,2026-08-31T17:20:03Z,-70
ec92a3f62ddb9be57763b65d15f9909e8471fbeceb75ee00f71bff38eee7a199,TOW-BLR-004,2026-08-31T08:01:47Z,-67
c14c122b7d80c0cadc54149e12c9e1f574f2499598653912351b2a668a0aba1d,TOW-BLR-002,2026-08-30T09:21:39Z,-101
c1a2661f7ff113cb0271c9f8ba51b6cf211909fde3b6355be005d33986875097,TOW-BLR-003,2026-08-31T03:58:42Z,-94
55768ebde66794472f72ffb0e46b19fb191ed283e65f0f937924db158b9f03cc,TOW-BLR-002,2026-08-30T02:02:21Z,-56
cdd95be7efebbce1759b91fab7ca6127de9fb4230ad56f5dac8b8b7fff73d9db,TOW-BLR-005,2026-08-30T22:03:38Z,-101
c470b561344b949646b98c67f87afddd34b5985b84d8505eb64e1296d27ed7e2,TOW-BLR-001,2026-08-30T18:53:25Z,-87
0f8c011e3f0544059dbe2826c17ede5deba80e3c137a94288dfb04b168dcdace,TOW-BLR-005,2026-08-31T13:38:00Z,-85
7db41c47095120834f255ed6a9005c4edc4b430ef019eb6f4df2754c2b3d228a,TOW-BLR-005,2026-08-30T12:24:31Z,-88
fee0cfa53d5328eeab6e9c98c28a9a57cd4de2a7597f9c83002a5b4141243e7d,TOW-BLR-002,2026-08-31T18:45:14Z,-56
ab29fe932a9f2189b8c48828b4965af27e0f4b704a59b256091d92391aa403f1,TOW-BLR-003,2026-08-31T14:06:29Z,-87
41fb42693e5559e4b7fd8d6cb4b0bbe89b98897c4d2fb30dd85c32276f044277,TOW-BLR-004,2026-08-31T23:12:48Z,-100
21308ebc339ed29ba2719c3421b30cf3d970d86d5452bf72124521884c6e130e,TOW-BLR-005,2026-08-31T11:06:07Z,-99
0163aad1b721e6f0eac7043f23aa95135f7e6264d73cb85f4771d5599f9e75bf,TOW-BLR-004,2026-08-30T01:02:10Z,-68
e1c50c60bd295187ed76df05350c2f8dda62be7db7100c9502d042ecb0647bea,TOW-BLR-001,2026-08-31T00:55:49Z,-96
44a2ab369bd48f9dade49e6155f2c1e151bcdc5051f2f956afa1431bb13f8be1,TOW-BLR-002,2026-08-30T16:20:01Z,-101
2b74f741f3b9ec86d66a65850a5ee252863e775fdfc25e7467a62827b45f36b8,TOW-BLR-005,2026-08-30T08:42:30Z,-69
33110e1e2edeb3a9f3e629796e97941741f999576247d8073ff1e272bed7fff4,TOW-BLR-003,2026-08-31T12:19:14Z,-81
5d293bef5865f720e15fe72cf657194b15cc78aa4780739303867f9c2280f8e5,TOW-BLR-001,2026-08-31T14:09:54Z,-53
f2055c8b46b26b9a2e5732e9978e2bc147a79c229c37c88d62397440e84a9adc,TOW-BLR-002,2026-08-31T02:28:25Z,-68
41dbbf390d15565d4044e78d299c7ad4aa57641d70a6b8447037a2b05e72dee5,TOW-BLR-004,2026-08-31T21:36:47Z,-104
8cfb6b888a7f0c057eb5a53552975702d7397eeecd4f696e49a7df9588c2e1f8,TOW-BLR-003,2026-08-31T12:56:56Z,-106
6462b2c251ec37a5786c7556a054354f7b7ccc68c7231ead15389dfb39f86d1f,TOW-BLR-005,2026-08-31T14:56:22Z,-56
ceb92794371376cce497c125e1859d5da18956b33da07f06cae159d1cb60eeb6,TOW-BLR-005,2026-08-30T05:47:06Z,-59
f89c7a25aa73d2138860ce78ca92d285666572ec069a32f612b59f091d2d2232,TOW-BLR-004,2026-08-31T17:15:57Z,-77
39bfa5d7a53ae5dc5e6fb7a1daa9c8667bbb8e31e055933cae3b960a780e2fc0,TOW-BLR-002,2026-08-30T18:38:47Z,-59
ceb92794371376cce497c125e1859d5da18956b33da07f06cae159d1cb60eeb6,TOW-BLR-002,2026-08-31T23:23:25Z,-56
faf4897f37a82eaf9e8cb074678fdf8a3179b6174545b37131e9854d06b84f6a,TOW-BLR-002,2026-08-31T09:12:34Z,-99
e799c2d47421751052a9b78f7e997150cd304e0b0c07d742b4490116e4802051,TOW-BLR-005,2026-08-30T19:21:08Z,-75
2b74f741f3b9ec86d66a65850a5ee252863e775fdfc25e7467a62827b45f36b8,TOW-BLR-001,2026-08-30T13:50:11Z,-64
6f69d588e0a357f690fe95f6b229ebae3116d34f1e5fdead5d1157845ba5d384,TOW-BLR-001,2026-08-30T09:39:06Z,-77
4f972994f960f47d30723d1ce7f7ba4b4b54ef39b569eaec30e1bb2d411c90a7,TOW-BLR-001,2026-08-30T15:07:35Z,-96
faf4897f37a82eaf9e8cb074678fdf8a3179b6174545b37131e9854d06b84f6a,TOW-BLR-005,2026-08-31T18:19:36Z,-80
d72a31c76cd1ced9b3eaee828a621e1aa961ec6970a66d4b73a005fd72745274,TOW-BLR-001,2026-08-31T15:05:53Z,-54
f278eae79a99880355e00f3a7b18d3230b4cf801de627669e85e616cfb853a31,TOW-BLR-001,2026-08-30T23:13:06Z,-60
c331a6b20a84257bab78df7177103605e5f668c2b4e8c00a9c44bc40b5ef93eb,TOW-BLR-001,2026-08-30T14:18:11Z,-80
a5c9577bb5af38d2ff8147936b242dad7800fc3f454896fb7b89c9679241b18b,TOW-BLR-004,2026-08-30T06:04:19Z,-80
33110e1e2edeb3a9f3e629796e97941741f999576247d8073ff1e272bed7fff4,TOW-BLR-001,2026-08-31T15:29:38Z,-73
128a2c7bd4fd5507bb0d446ee5793b54ea77c9ab7beee573ac0798d61385482f,TOW-BLR-005,2026-08-31T11:28:44Z,-91
5d293bef5865f720e15fe72cf657194b15cc78aa4780739303867f9c2280f8e5,TOW-BLR-001,2026-08-31T18:21:32Z,-83
dba1521b6091cf64b9de658c2f1eb1ce93fc8d45c84778661bf95cff148582e0,TOW-BLR-001,2026-08-31T08:13:55Z,-61
fee0cfa53d5328eeab6e9c98c28a9a57cd4de2a7597f9c83002a5b4141243e7d,TOW-BLR-002,2026-08-31T18:53:06Z,-59
c331a6b20a84257bab78df7177103605e5f668c2b4e8c00a9c44bc40b5ef93eb,TOW-BLR-005,2026-08-31T09:13:24Z,-110
e1666c1ff291b7c40b69df20c664fa769b46a15bdf7ad72bf1ffd72f63d51649,TOW-BLR-004,2026-08-31T19:47:21Z,-93
8db711f1e9c56e3ec7d23fcbbb50874c31595217047cef55c4464670811dea54,TOW-BLR-002,2026-08-30T23:55:50Z,-78
0163aad1b721e6f0eac7043f23aa95135f7e6264d73cb85f4771d5599f9e75bf,TOW-BLR-005,2026-08-30T20:39:44Z,-50
75211b3edf6cbfd2bb503506dc3c73550c9179fda0a8f45f75153f013d13c222,TOW-BLR-003,2026-08-30T19:14:18Z,-55
64fdc51f368e71395a7448eb988c56d10bd682b76bb1403d56524552df9a8b1a,TOW-BLR-002,2026-08-31T00:50:28Z,-93
eac5c4fa0df8925ed6a6c3b93119a5d12212c8ad8c8089cc8abcb4c68da216f1,TOW-BLR-005,2026-08-31T12:37:54Z,-91
a84d124abd92dfd79e62cfbc455627dac349b078fdb26f691cbf968372549d77,TOW-BLR-004,2026-08-30T08:07:01Z,-62
e1c50c60bd295187ed76df05350c2f8dda62be7db7100c9502d042ecb0647bea,TOW-BLR-002,2026-08-31T11:30:16Z,-110
541b2920d264e79295106f9481dd0b84153d03d56baa980f48caacdedab79cfe,TOW-BLR-005,2026-08-31T10:15:40Z,-79
406d6a732b582c4975f346fb213c5d688dba50d22ee577bd17cba7ea3d143772,TOW-BLR-002,2026-08-30T04:46:26Z,-62
2dad7dd62b009098dd3015775fa21a10553632e72f58bf7c8d4349688e85edb7,TOW-BLR-003,2026-08-30T06:53:10Z,-51
dba1521b6091cf64b9de658c2f1eb1ce93fc8d45c84778661bf95cff148582e0,TOW-BLR-004,2026-08-31T00:56:06Z,-70
e01d811a79fc578af3d4139e61bb2d3e543e3069a4328eddce1bac46495508f1,TOW-BLR-005,2026-08-30T13:18:02Z,-98
c29f10eeeac39ff9da13cd1771e7013daa37b6f9553618953e642c0193b1105d,TOW-BLR-001,2026-08-30T16:52:45Z,-97
ec92a3f62ddb9be57763b65d15f9909e8471fbeceb75ee00f71bff38eee7a199,TOW-BLR-005,2026-08-30T22:14:14Z,-90
241f4bcd27c2cbf458ad7db886b03a52f063f0acae2773adeb9c65f1a5cb3050,TOW-BLR-005,2026-08-31T10:21:39Z,-104
e01d811a79fc578af3d4139e61bb2d3e543e3069a4328eddce1bac46495508f1,TOW-BLR-003,2026-08-31T20:23:03Z,-97
542bb7beec17cd7c80e6c9881ec3337cd1aea378ad6dc96ae9e9de99694a2906,TOW-BLR-002,2026-08-30T23:34:33Z,-100
033cb5d2a369636fca13cc266088ef49b139033d26568e95cfc45648b2f00aff,TOW-BLR-004,2026-08-30T12:30:30Z,-56
9640ffa8fd3b6c05321013dd64ca4ba4bcd7e82047fb9c0c01f898481d00e72b,TOW-BLR-005,2026-08-30T11:26:31Z,-90
3f24dc89df996ef63c8289393b934feed72d9dbb13a7e4e2180dcd25f0f50391,TOW-BLR-005,2026-08-31T10:29:57Z,-69
a3f6c75cff3ad8beec20e1a0aa71d3f22deffc01ca147e447f33652b2a71efae,TOW-BLR-004,2026-08-30T19:36:57Z,-96
626a8c724bbe99a359d58cf8b9793fc42a5ea2ccee33814a7d1e2410fe9aefa8,TOW-BLR-003,2026-08-31T10:22:07Z,-51
a47f789aa388687028705b7f2d4547d8000047bb5ec34c7b31f59fa3ab8539a6,TOW-BLR-003,2026-08-31T03:00:00Z,-101
ec92a3f62ddb9be57763b65d15f9909e8471fbeceb75ee00f71bff38eee7a199,TOW-BLR-003,2026-08-31T01:46:21Z,-57
1b8e2f4669c49257fcbc07db82dff985ebdcea2645c6b93aca03046d5731472a,TOW-BLR-003,2026-08-31T08:44:48Z,-91
ef381ec30b82913c60a6c06d3c429ef4f754d856719fe68096ff9c3cff940bfb,TOW-BLR-005,2026-08-31T04:39:24Z,-62
b3e45428dce2593a6b83b43fff29c95eab50acb1cc55b2daeb176a2788b74766,TOW-BLR-001,2026-08-31T05:25:27Z,-107
12030bfb87a972728846acb9e72576256886534bdc90af27da64fc64607c03c5,TOW-BLR-004,2026-08-31T01:44:57Z,-69
9752b374a6dca9438cf640f07ee97b5e9219d13a25c503ca0931f630f408007f,TOW-BLR-002,2026-08-31T09:16:10Z,-61
d2436884e59a142c599c677d7a8e920706502f134261082705708e2c52ff095c,TOW-BLR-001,2026-08-30T14:43:28Z,-97
749b8c6b6e329536c169d086aacabc027ba8ca8d5b21588417083626197c27be,TOW-BLR-003,2026-08-30T21:27:59Z,-57
db60cb3d3e926de5e1f1dc5ec39988132f99ed7cfdb2c75b0d98588d668e754a,TOW-BLR-001,2026-08-30T23:26:09Z,-83
0c464a077072f36c3a1a180c5de7f5080817e7377fbe2dc5b1677c3adebac752,TOW-BLR-004,2026-08-30T23:42:56Z,-75
070f49e260bfad8f443dd7b6c77454a5ea3a32ddb069aa900164197386693a9f,TOW-BLR-002,2026-08-30T15:39:15Z,-71
ab29fe932a9f2189b8c48828b4965af27e0f4b704a59b256091d92391aa403f1,TOW-BLR-004,2026-08-30T19:56:57Z,-104
226d8826c385168e16b0917b76aa9c3f9bd852ee5d6f16791734803b3fff2069,TOW-BLR-002,2026-08-30T11:40:52Z,-90
bfc7e0570fc2fd1ef8e941c2837e63172945abb8d7e14746ca0f6e8ccdd960cf,TOW-BLR-004,2026-08-31T19:10:35Z,-80
8cfb6b888a7f0c057eb5a53552975702d7397eeecd4f696e49a7df9588c2e1f8,TOW-BLR-001,2026-08-31T04:24:12Z,-66
e747d03e9c44baba2eb35f2a03b141dc9fb150e979435990e40d4d2588df5cb3,TOW-BLR-004,2026-08-30T18:11:35Z,-93
c1a2661f7ff113cb0271c9f8ba51b6cf211909fde3b6355be005d33986875097,TOW-BLR-005,2026-08-31T03:18:28Z,-107
a4488d9cbf53e318e7cd9beaf8a5512f8b50d81b4edfc6b0affdc8a4b4cbb2ba,TOW-BLR-001,2026-08-31T22:34:34Z,-89
d2436884e59a142c599c677d7a8e920706502f134261082705708e2c52ff095c,TOW-BLR-005,2026-08-31T02:54:08Z,-82
aa44ba1bb9a6b63cc60a0ae6dbcfc2e798000a2af3ce5e5e3d0803a679875a60,TOW-BLR-003,2026-08-30T08:05:06Z,-80
31c0098e266a1dc96abc21f4bd1fa31bf006516ef1520e430ef0b92bba07ae9e,TOW-BLR-001,2026-08-30T23:37:57Z,-61
9223f782eeb1eef2af92c9ef48f9e721834d0e8fbfef6fafe4c83c0c15b71264,TOW-BLR-004,2026-08-30T11:03:06Z,-55
3108f70e3438057186993335f56bd6c6d9ffe0a74ee099c8be28fdfc35c97a2c,TOW-BLR-005,2026-08-30T21:45:43Z,-74
5f789fd2c5836252cc417e4829879fb15a3dc5b35c4ee49f7f2be52647303570,TOW-BLR-005,2026-08-30T06:24:30Z,-82
faf4897f37a82eaf9e8cb074678fdf8a3179b6174545b37131e9854d06b84f6a,TOW-BLR-003,2026-08-31T17:42:18Z,-76
514d2ff67276c76ac8d5d761b8f652d553d046582e35c06ca92e32f042d20fd7,TOW-BLR-003,2026-08-31T16:32:08Z,-77
815c8294c15a0369f897299acf164eb0c88d156163b6926d34a6c32225270d1d,TOW-BLR-003,2026-08-30T01:35:28Z,-102
50910d451937c8598faa62cd6d80123690e3d3e18a319df65da8c93c6497cef1,TOW-BLR-001,2026-08-30T22:51:43Z,-56
dc73abbd70e6bdf2430496c0075788d1e3a0785579dbd18e7e606778ebd97d93,TOW-BLR-004,2026-08-30T15:38:31Z,-99
1dd27686432c1e2abfc90dd1bd07a714be564682b0b19015c4da9517d8fb08ce,TOW-BLR-004,2026-08-30T16:34:45Z,-81
dc73abbd70e6bdf2430496c0075788d1e3a0785579dbd18e7e606778ebd97d93,TOW-BLR-003,2026-08-30T14:29:22Z,-67
374990eb0fbeabeaa27b11dd595064faf7e817abd85676d2ccb3da4f44acbd11,TOW-BLR-003,2026-08-30T18:35:40Z,-72
655badaedb0392e0426bcfed45623fff014b93f36c2bfbf9bff47b52c5b15140,TOW-BLR-001,2026-08-30T10:12:50Z,-103
fee0cfa53d5328eeab6e9c98c28a9a57cd4de2a7597f9c83002a5b4141243e7d,TOW-BLR-004,2026-08-31T07:07:02Z,-85
9752b374a6dca9438cf640f07ee97b5e9219d13a25c503ca0931f630f408007f,TOW-BLR-004,2026-08-30T03:29:51Z,-57
963a9f6d2ede09f587dc708254327c775a8dbb7ebfa4ee671035859c4dd2b5b9,TOW-BLR-001,2026-08-31T13:18:06Z,-87
e514f926f417d960da222d7a1c16d5b31d7dfc71fa5140f104670febd095e2c6,TOW-BLR-005,2026-08-31T07:50:11Z,-108
e747d03e9c44baba2eb35f2a03b141dc9fb150e979435990e40d4d2588df5cb3,TOW-BLR-005,2026-08-30T23:48:59Z,-60
7a677870d8c06defbdf456be024b65848db56b7ac4755a7297e78308315ae636,TOW-BLR-004,2026-08-30T20:34:54Z,-74
97368f3c02f48f75894e4de8193414fce44ead3ef4706afdcafa5d91758315d7,TOW-BLR-001,2026-08-30T05:30:05Z,-74
63e057fde085f12ed5175da4bedf4ca9b785b50614b0d21a48adcd1cd457483f,TOW-BLR-005,2026-08-30T08:10:47Z,-76
9640ffa8fd3b6c05321013dd64ca4ba4bcd7e82047fb9c0c01f898481d00e72b,TOW-BLR-005,2026-08-30T06:23:17Z,-74
aa44ba1bb9a6b63cc60a0ae6dbcfc2e798000a2af3ce5e5e3d0803a679875a60,TOW-BLR-004,2026-08-31T20:25:16Z,-69
61ff510fc7c8d0f3edfbf2e3d961cccbeb1d1f5266d5d648980b41c13d7a2ab5,TOW-BLR-001,2026-08-31T07:22:50Z,-58
d2436884e59a142c599c677d7a8e920706502f134261082705708e2c52ff095c,TOW-BLR-004,2026-08-31T08:51:42Z,-54
0914bcb9c4e6585bba37c48570774e86f8d87ff884fede75c8d19d9c85ccb3ed,TOW-BLR-002,2026-08-31T23:21:49Z,-89
b97863b8c458045fcb570501b4a5f9f4e0129debab5c1098ac6a64dfc33444b1,TOW-BLR-002,2026-08-31T23:10:27Z,-74
0928f1fd5b5c226c90dc8dfdbecaec4df23667879d91b0de73c8a659b3b51c9d,TOW-BLR-004,2026-08-31T14:25:37Z,-61
62cba2b3558fe5db259bb5840cd24e7515734f8b42d6f0d656cd4e814e601c9b,TOW-BLR-004,2026-08-30T01:33:51Z,-85
2d79558bb4e3c15673ad08352dde6e8c13ea6fb69dde51ff483f3ccbb7f795c3,TOW-BLR-003,2026-08-30T00:27:45Z,-71
6f69d588e0a357f690fe95f6b229ebae3116d34f1e5fdead5d1157845ba5d384,TOW-BLR-004,2026-08-30T01:22:27Z,-110
367c904c22b232e98be959f9aa1f1fe766a88044d97e83bb2cb2b458e7c9235d,TOW-BLR-003,2026-08-31T07:06:14Z,-101
26bcfd2aa62a45e60890296e7920204fd45fec2c9f05e144b2aab10bb457ecec,TOW-BLR-002,2026-08-31T18:33:10Z,-67
241f4bcd27c2cbf458ad7db886b03a52f063f0acae2773adeb9c65f1a5cb3050,TOW-BLR-003,2026-08-31T14:45:56Z,-81
26796abc3ac290807b505dea3353c73ca9adc03dcb3dcd68e74c4d00e5e068f8,TOW-BLR-002,2026-08-31T17:49:45Z,-51
1f79de33c2108975365a7031a039f6022577be75a0a004d91eefb2973f386493,TOW-BLR-005,2026-08-30T11:06:44Z,-98
50910d451937c8598faa62cd6d80123690e3d3e18a319df65da8c93c6497cef1,TOW-BLR-002,2026-08-30T15:00:39Z,-91
f075856bccab281555b78e7b9aa45224d7fdbb1b65f1be673de9702f53dbdc94,TOW-BLR-001,2026-08-30T01:54:34Z,-76
a6b9b064c298e3a2b3f93834e33675a4415900230ca5a96e1e9963baafbf4749,TOW-BLR-001,2026-08-30T09:16:17Z,-76
763fd87be48fc3c8c3709f9544d328717bb1ddb9678344ebbda99fadce1b5355,TOW-BLR-001,2026-08-30T23:50:41Z,-55
f09defae43936bc24acfcb7f14509d12080824d2ab52b46e006c57e20408aa08,TOW-BLR-002,2026-08-31T23:55:34Z,-97
5f789fd2c5836252cc417e4829879fb15a3dc5b35c4ee49f7f2be52647303570,TOW-BLR-003,2026-08-30T11:53:25Z,-83
6462b2c251ec37a5786c7556a054354f7b7ccc68c7231ead15389dfb39f86d1f,TOW-BLR-002,2026-08-30T15:49:07Z,-61
1f79de33c2108975365a7031a039f6022577be75a0a004d91eefb2973f386493,TOW-BLR-001,2026-08-30T09:59:55Z,-54
528f9d1c169746b6a29d77cb1f91df1f22d5e7bcf1e58a917a90e4f6a52df000,TOW-BLR-004,2026-08-30T08:57:52Z,-57
e1c50c60bd295187ed76df05350c2f8dda62be7db7100c9502d042ecb0647bea,TOW-BLR-004,2026-08-30T01:51:04Z,-82
21308ebc339ed29ba2719c3421b30cf3d970d86d5452bf72124521884c6e130e,TOW-BLR-002,2026-08-31T03:42:03Z,-107
dd35e063db12ee83e41574ec0d96a0e650341ace34a6c33951a9a571c96e3930,TOW-BLR-004,2026-08-31T05:04:02Z,-98
27fb3e04a0e726c98b1040e53908e60b10c50f29d312fb808a051d0da28034e6,TOW-BLR-004,2026-08-31T18:58:41Z,-58
ac4d86152237babe16e522e0f80f243fccc135f73a43438fda309a2c79d06c46,TOW-BLR-001,2026-08-30T12:45:00Z,-78
2c81ff0b42af0ac31a2c1bb6367fe9c71a4db98f91ee9dd8dae0d9952724a68b,TOW-BLR-005,2026-08-31T13:36:36Z,-103
406d6a732b582c4975f346fb213c5d688dba50d22ee577bd17cba7ea3d143772,TOW-BLR-002,2026-08-30T08:45:51Z,-50
cc6b3763e91ab45f13b630b1f96b0fac36879a3f0509992d02f2d39a5d256429,TOW-BLR-005,2026-08-31T02:05:49Z,-63
541b2920d264e79295106f9481dd0b84153d03d56baa980f48caacdedab79cfe,TOW-BLR-004,2026-08-30T13:54:24Z,-97
63e057fde085f12ed5175da4bedf4ca9b785b50614b0d21a48adcd1cd457483f,TOW-BLR-005,2026-08-31T02:12:14Z,-80
670edd5a5e8d8b447249d6f40218f1b2405bbaf6ff8cc36c0dddc6f501da28bd,TOW-BLR-005,2026-08-30T08:09:18Z,-50
664899f7580500b65ee3fb2b483121846c0c74a9d8f1124ee5067346bfc951ce,TOW-BLR-001,2026-08-30T00:31:42Z,-86
bdd2bdbaf183327d7ca5b7121c51db5ae24f436a01a4db832ea4d719bbbe7733,TOW-BLR-004,2026-08-31T05:08:58Z,-56
a4488d9cbf53e318e7cd9beaf8a5512f8b50d81b4edfc6b0affdc8a4b4cbb2ba,TOW-BLR-003,2026-08-31T02:14:34Z,-50
44a2ab369bd48f9dade49e6155f2c1e151bcdc5051f2f956afa1431bb13f8be1,TOW-BLR-001,2026-08-31T07:36:49Z,-50
075c081e2edc77d960c5a77903c03dce2ff4a629cdac09a4bfc5c9be3eb03e12,TOW-BLR-003,2026-08-30T16:42:05Z,-66
01d3d1ae9ffe5b587f8d18acb10f48bdc9446b971dba998f10683223125fde60,TOW-BLR-004,2026-08-31T10:19:24Z,-109
8cfb6b888a7f0c057eb5a53552975702d7397eeecd4f696e49a7df9588c2e1f8,TOW-BLR-003,2026-08-31T23:08:21Z,-53
1dd27686432c1e2abfc90dd1bd07a714be564682b0b19015c4da9517d8fb08ce,TOW-BLR-001,2026-08-30T10:14:53Z,-56
39bfa5d7a53ae5dc5e6fb7a1daa9c8667bbb8e31e055933cae3b960a780e2fc0,TOW-BLR-002,2026-08-31T17:06:41Z,-110
1e153199ebee9124b76aeb29141d81316036069970aeaae21b359e771d49fbcd,TOW-BLR-005,2026-08-30T11:20:31Z,-102
62cba2b3558fe5db259bb5840cd24e7515734f8b42d6f0d656cd4e814e601c9b,TOW-BLR-004,2026-08-30T02:50:21Z,-107
a3f6c75cff3ad8beec20e1a0aa71d3f22deffc01ca147e447f33652b2a71efae,TOW-BLR-002,2026-08-30T21:20:30Z,-87
8f6c3567020fe5158954a16a90fe942b05b979cc3d21185db7682c502a185a2e,TOW-BLR-004,2026-08-30T11:28:03Z,-84
994c4489211698bbcf023b39117e68fd91ff40b8de92e6790b5866888fe1e03e,TOW-BLR-002,2026-08-31T13:45:47Z,-101
ceb92794371376cce497c125e1859d5da18956b33da07f06cae159d1cb60eeb6,TOW-BLR-002,2026-08-31T02:35:00Z,-54
aa44ba1bb9a6b63cc60a0ae6dbcfc2e798000a2af3ce5e5e3d0803a679875a60,TOW-BLR-001,2026-08-30T11:49:25Z,-109
3404f57309d8e1f7c2250dc78541765cf40b63416cdb7e032ad5ca046e930e24,TOW-BLR-002,2026-08-30T22:17:13Z,-85
a84d124abd92dfd79e62cfbc455627dac349b078fdb26f691cbf968372549d77,TOW-BLR-003,2026-08-30T19:18:35Z,-71
1dd27686432c1e2abfc90dd1bd07a714be564682b0b19015c4da9517d8fb08ce,TOW-BLR-001,2026-08-30T01:52:51Z,-89
3d7121e5d2a5cd54446be0380d569da6dbcb6d7fd71e425f23cf8b5727e0efe8,TOW-BLR-004,2026-08-30T02:29:31Z,-63
d4d9b138de4939b5a64d664afbd8ffb6be0bb1d9157e5b907b48f4b8b7fb5816,TOW-BLR-002,2026-08-31T05:41:04Z,-108
cfc82faf09a6dc9b02ed746351fd4a85e0d59c3f2a8388a385cbda411989d9c8,TOW-BLR-004,2026-08-31T19:34:55Z,-64
680ae478d9e8f0a61999e67f1223f32e269acc9daf00ee8e31b0c7a99bfae5d4,TOW-BLR-002,2026-08-30T11:31:03Z,-104
4ee1d1663fe1c8dba22aff6390d16ec929cd2c6dd08c33a43efdf55d10c2ed5b,TOW-BLR-003,2026-08-30T16:12:59Z,-105
b9f0f673df45e56702a2054de2329aefb3b6c6fd3ef2940d6ea1133b7f7baa67,TOW-BLR-001,2026-08-30T08:11:07Z,-80
d72a31c76cd1ced9b3eaee828a621e1aa961ec6970a66d4b73a005fd72745274,TOW-BLR-004,2026-08-31T15:04:59Z,-82
31c0098e266a1dc96abc21f4bd1fa31bf006516ef1520e430ef0b92bba07ae9e,TOW-BLR-005,2026-08-31T22:22:27Z,-110
44a2ab369bd48f9dade49e6155f2c1e151bcdc5051f2f956afa1431bb13f8be1,TOW-BLR-004,2026-08-31T10:11:13Z,-53
6c80697a257233c38023ce9e735e10c89e76b5d5fb9e63a1b96a8ac89bc49c67,TOW-BLR-003,2026-08-30T09:20:06Z,-90
1cb1be4b1497c4012d982486d14c4ff0b1955d00181b6d751e220ee7701403a8,TOW-BLR-005,2026-08-31T02:37:15Z,-71
cf8e4cdc32117c05ae9a7f56eefc46a94eb0db0b2e5cd67fd9a2e41f9eeb0a92,TOW-BLR-001,2026-08-31T10:47:29Z,-79
655badaedb0392e0426bcfed45623fff014b93f36c2bfbf9bff47b52c5b15140,TOW-BLR-005,2026-08-30T14:17:35Z,-102
361ac03f9899db5f853e98f211383204a3477b6750123b3aa08990c0bc60193e,TOW-BLR-005,2026-08-30T09:27:08Z,-59
9ba90f668aca95ce3bca5da8ca344e5e8f19a61ad84a6b76b5363cb4bae36980,TOW-BLR-002,2026-08-30T16:25:27Z,-68
01d3d1ae9ffe5b587f8d18acb10f48bdc9446b971dba998f10683223125fde60,TOW-BLR-001,2026-08-31T05:24:23Z,-92
329ca6ac512e95d4428bdcfcc69d43ded1cd914a94127edefb12ad988ce7ef4b,TOW-BLR-005,2026-08-30T07:39:44Z,-95
367c904c22b232e98be959f9aa1f1fe766a88044d97e83bb2cb2b458e7c9235d,TOW-BLR-003,2026-08-30T13:26:38Z,-64
1cb1be4b1497c4012d982486d14c4ff0b1955d00181b6d751e220ee7701403a8,TOW-BLR-003,2026-08-30T23:55:47Z,-65
438def5eabfbb68a3b92db643ef7878613bbc2faa66a7a86b4eba14d00bd1745,TOW-BLR-004,2026-08-31T19:01:10Z,-77
0418b6bf59aaf6300e9694a040b9ce90c99c0d7ea12dd91359575e72f42b58e3,TOW-BLR-005,2026-08-30T19:25:20Z,-62
528f9d1c169746b6a29d77cb1f91df1f22d5e7bcf1e58a917a90e4f6a52df000,TOW-BLR-002,2026-08-30T23:52:48Z,-83
db60cb3d3e926de5e1f1dc5ec39988132f99ed7cfdb2c75b0d98588d668e754a,TOW-BLR-002,2026-08-31T18:11:17Z,-63
4a963e06b1fc70d0275420de2b12ed9ca98f83e89daa42cb95678b2dd0d555dd,TOW-BLR-001,2026-08-31T04:02:13Z,-70
06e2f299519cc999898b2f300730199ef511a5aecd416e005ef6eed49149b4b5,TOW-BLR-002,2026-08-30T13:15:55Z,-110
e9024445f21f5d8c0dea88c26cf1d644e07bd5fb795be39b8b55c7ec859cee17,TOW-BLR-001,2026-08-30T17:19:05Z,-100
da46c1b20bb0c378edcaee8832ed4f959a5ebdd74213d9ad63df0f498f6bd2b4,TOW-BLR-003,2026-08-30T00:51:10Z,-74
0163aad1b721e6f0eac7043f23aa95135f7e6264d73cb85f4771d5599f9e75bf,TOW-BLR-004,2026-08-31T01:02:31Z,-98
a84d124abd92dfd79e62cfbc455627dac349b078fdb26f691cbf968372549d77,TOW-BLR-005,2026-08-31T05:32:20Z,-82
cdd95be7efebbce1759b91fab7ca6127de9fb4230ad56f5dac8b8b7fff73d9db,TOW-BLR-004,2026-08-31T21:14:33Z,-94
3a489a1f2d50a7145610c51b0f2ba3fb83cb5fe91c12c2961b086df8092a6c88,TOW-BLR-004,2026-08-30T08:34:45Z,-63
2b74f741f3b9ec86d66a65850a5ee252863e775fdfc25e7467a62827b45f36b8,TOW-BLR-005,2026-08-31T00:33:54Z,-89
cf9a64034bf82b056285e0b549e1caf83662ca4ab5f274ced8a32dd562615769,TOW-BLR-002,2026-08-30T18:35:21Z,-89
9752b374a6dca9438cf640f07ee97b5e9219d13a25c503ca0931f630f408007f,TOW-BLR-004,2026-08-31T15:58:11Z,-81
749b8c6b6e329536c169d086aacabc027ba8ca8d5b21588417083626197c27be,TOW-BLR-001,2026-08-31T00:55:51Z,-62
0418b6bf59aaf6300e9694a040b9ce90c99c0d7ea12dd91359575e72f42b58e3,TOW-BLR-003,2026-08-30T04:35:45Z,-60
c560197b9883fc6dc7bc02134561f285436b6ef7c206d7b6feace00057691273,TOW-BLR-004,2026-08-31T22:46:13Z,-109
d562e1c1ff197335e78350043605b9c9a724f1ce41a8440aee5444fa9a2c6168,TOW-BLR-005,2026-08-30T09:11:29Z,-104
f2055c8b46b26b9a2e5732e9978e2bc147a79c229c37c88d62397440e84a9adc,TOW-BLR-004,2026-08-30T08:05:33Z,-103
5561f501d23467b9e6955b39f1be445c0b050c65c9d2dc64742fe9d371f3ceab,TOW-BLR-003,2026-08-30T09:11:48Z,-55
3d47fa14eca1ad3c6af4a7630628e3e43d0de0e692c02fb9966106fd91f3e1c2,TOW-BLR-003,2026-08-31T08:57:17Z,-83
e6951d6c5a3a48fb67ac2286e053646bf0df327033541b173b88a0e682170299,TOW-BLR-001,2026-08-31T12:45:10Z,-99
da46c1b20bb0c378edcaee8832ed4f959a5ebdd74213d9ad63df0f498f6bd2b4,TOW-BLR-005,2026-08-30T14:11:26Z,-101
d41e30e0593ac284cad2c7c08569fbdad3dd2a63b3ed8a6bdb90b74b9290c16d,TOW-BLR-002,2026-08-30T01:13:02Z,-98
9223f782eeb1eef2af92c9ef48f9e721834d0e8fbfef6fafe4c83c0c15b71264,TOW-BLR-003,2026-08-31T14:16:16Z,-72
c29f10eeeac39ff9da13cd1771e7013daa37b6f9553618953e642c0193b1105d,TOW-BLR-002,2026-08-31T16:59:16Z,-55
963a9f6d2ede09f587dc708254327c775a8dbb7ebfa4ee671035859c4dd2b5b9,TOW-BLR-005,2026-08-30T03:25:19Z,-59
64fdc51f368e71395a7448eb988c56d10bd682b76bb1403d56524552df9a8b1a,TOW-BLR-003,2026-08-31T15:16:55Z,-96
62cba2b3558fe5db259bb5840cd24e7515734f8b42d6f0d656cd4e814e601c9b,TOW-BLR-005,2026-08-30T12:08:33Z,-87
9640ffa8fd3b6c05321013dd64ca4ba4bcd7e82047fb9c0c01f898481d00e72b,TOW-BLR-001,2026-08-30T12:03:40Z,-70
c331a6b20a84257bab78df7177103605e5f668c2b4e8c00a9c44bc40b5ef93eb,TOW-BLR-005,2026-08-30T16:28:32Z,-57
626a8c724bbe99a359d58cf8b9793fc42a5ea2ccee33814a7d1e2410fe9aefa8,TOW-BLR-002,2026-08-31T15:22:53Z,-50
3f24dc89df996ef63c8289393b934feed72d9dbb13a7e4e2180dcd25f0f50391,TOW-BLR-005,2026-08-31T06:52:33Z,-56
5f789fd2c5836252cc417e4829879fb15a3dc5b35c4ee49f7f2be52647303570,TOW-BLR-003,2026-08-30T03:33:42Z,-50
cfee4531556fc23e554d508217c12c722036af0deea68f1f7100d32fff96f111,TOW-BLR-003,2026-08-31T04:22:56Z,-53
5cc172e6c14565e6dc2547d26145a1e9fc76c7168557933cca12bdaca3113697,TOW-BLR-004,2026-08-31T10:42:03Z,-81
1dd27686432c1e2abfc90dd1bd07a714be564682b0b19015c4da9517d8fb08ce,TOW-BLR-002,2026-08-30T21:50:41Z,-110
226d8826c385168e16b0917b76aa9c3f9bd852ee5d6f16791734803b3fff2069,TOW-BLR-003,2026-08-31T16:28:08Z,-68
44a2ab369bd48f9dade49e6155f2c1e151bcdc5051f2f956afa1431bb13f8be1,TOW-BLR-002,2026-08-31T20:38:45Z,-72
e747d03e9c44baba2eb35f2a03b141dc9fb150e979435990e40d4d2588df5cb3,TOW-BLR-001,2026-08-30T04:18:44Z,-62
3b107bed1c6ac71d80856e656952a83c8b5583e3c4f3b453df0c29d234693f08,TOW-BLR-002,2026-08-30T10:28:14Z,-80
58a6e3dc4206df0cba91aa32a701bea7293f9d9e17d386b2f2b0411cc01d9720,TOW-BLR-002,2026-08-30T17:39:20Z,-85
cbf710d65baba3fa8d515be70761860ae0362217228a5b27e316882ce252c18d,TOW-BLR-002,2026-08-31T23:02:47Z,-84
07fc1543a0144268c02a1425909a6de96563c05d53b9243010e4c943d0e28120,TOW-BLR-005,2026-08-30T14:04:51Z,-95
6061496b81655335453d7cb834b0c2abbaf8611fc4415969b50985d236ef0a22,TOW-BLR-003,2026-08-30T05:08:09Z,-96
d562e1c1ff197335e78350043605b9c9a724f1ce41a8440aee5444fa9a2c6168,TOW-BLR-003,2026-08-30T10:13:35Z,-53
cfee4531556fc23e554d508217c12c722036af0deea68f1f7100d32fff96f111,TOW-BLR-001,2026-08-31T18:39:57Z,-50
0162aa00917191d22e2948a923eeba8b3127e99535ef6f6cce59372f46292cd2,TOW-BLR-002,2026-08-30T14:59:17Z,-82
e9024445f21f5d8c0dea88c26cf1d644e07bd5fb795be39b8b55c7ec859cee17,TOW-BLR-003,2026-08-30T23:50:44Z,-110
55768ebde66794472f72ffb0e46b19fb191ed283e65f0f937924db158b9f03cc,TOW-BLR-001,2026-08-31T13:54:37Z,-91
680ae478d9e8f0a61999e67f1223f32e269acc9daf00ee8e31b0c7a99bfae5d4,TOW-BLR-001,2026-08-31T21:46:09Z,-72
fce13cdb8a85833a333ee4d1021160f2db2b97c0c5a8e7d11c78875fdaee8c50,TOW-BLR-002,2026-08-31T07:54:50Z,-91
58a6e3dc4206df0cba91aa32a701bea7293f9d9e17d386b2f2b0411cc01d9720,TOW-BLR-001,2026-08-31T15:24:47Z,-63
c8f37c395bad9f7984fa2958e584e0d57d3985a86ed5df2571f601b435eeb661,TOW-BLR-004,2026-08-30T11:11:25Z,-106
0914bcb9c4e6585bba37c48570774e86f8d87ff884fede75c8d19d9c85ccb3ed,TOW-BLR-003,2026-08-30T19:48:50Z,-50
e799c2d47421751052a9b78f7e997150cd304e0b0c07d742b4490116e4802051,TOW-BLR-004,2026-08-30T18:36:05Z,-103
a84d124abd92dfd79e62cfbc455627dac349b078fdb26f691cbf968372549d77,TOW-BLR-004,2026-08-31T07:00:49Z,-73
991ad61e050c36e38ee2d725869c32a32440da474d0e54c5f1ed130a6f1ecfe5,TOW-BLR-004,2026-08-30T21:11:51Z,-96
5cc172e6c14565e6dc2547d26145a1e9fc76c7168557933cca12bdaca3113697,TOW-BLR-001,2026-08-30T06:26:58Z,-64
a6b9b064c298e3a2b3f93834e33675a4415900230ca5a96e1e9963baafbf4749,TOW-BLR-005,2026-08-31T02:24:00Z,-95
21308ebc339ed29ba2719c3421b30cf3d970d86d5452bf72124521884c6e130e,TOW-BLR-004,2026-08-31T07:29:31Z,-84
f89c7a25aa73d2138860ce78ca92d285666572ec069a32f612b59f091d2d2232,TOW-BLR-001,2026-08-30T20:24:13Z,-57
bfc7e0570fc2fd1ef8e941c2837e63172945abb8d7e14746ca0f6e8ccdd960cf,TOW-BLR-003,2026-08-30T18:19:33Z,-70
7a055fdd3bd61d3427439dba09a185a5bb286f6a7354ca8b9faac95268f96bf7,TOW-BLR-003,2026-08-31T06:33:27Z,-68
a63f135b6223cee83a6aec5fa5b330aa5bee7f690ed3de3fc0b1541db348bac9,TOW-BLR-003,2026-08-31T01:58:16Z,-105
4ee1d1663fe1c8dba22aff6390d16ec929cd2c6dd08c33a43efdf55d10c2ed5b,TOW-BLR-001,2026-08-31T11:21:23Z,-95
c470b561344b949646b98c67f87afddd34b5985b84d8505eb64e1296d27ed7e2,TOW-BLR-004,2026-08-30T16:07:15Z,-73
39fc2ded1476bc7aeb30d49ddc847faed054a01822a29d8cfcd965aadea576c3,TOW-BLR-003,2026-08-30T07:34:13Z,-61
a555bd5f4da0fa7f434ab161a8964c5a8c7a727c3a05eda72767d5e76a703d7d,TOW-BLR-004,2026-08-31T16:49:36Z,-72
a63f135b6223cee83a6aec5fa5b330aa5bee7f690ed3de3fc0b1541db348bac9,TOW-BLR-005,2026-08-31T03:21:59Z,-72
0418b6bf59aaf6300e9694a040b9ce90c99c0d7ea12dd91359575e72f42b58e3,TOW-BLR-004,2026-08-30T03:03:56Z,-72
179b29b175854ddd9f2dd460353266387174d375bcf69481556bc9e55562f9f7,TOW-BLR-005,2026-08-31T22:47:54Z,-104
2d79558bb4e3c15673ad08352dde6e8c13ea6fb69dde51ff483f3ccbb7f795c3,TOW-BLR-001,2026-08-30T08:33:14Z,-62
5222bb3ec940ad667c5b6286ba827a586041bb986d577e580df048df81c002fe,TOW-BLR-003,2026-08-31T18:14:35Z,-67
dd7bd4bcfc023cea77828a9d4467d55ac276d5425902f5552381e6e0f98bce8c,TOW-BLR-005,2026-08-31T06:43:00Z,-58
07fc1543a0144268c02a1425909a6de96563c05d53b9243010e4c943d0e28120,TOW-BLR-001,2026-08-31T01:17:23Z,-69
cbf710d65baba3fa8d515be70761860ae0362217228a5b27e316882ce252c18d,TOW-BLR-004,2026-08-31T09:33:01Z,-74
b7b24c21128514aa97ef1bd367e3106c0bb05ab8a08d86f1354babd21669850c,TOW-BLR-005,2026-08-30T02:42:51Z,-50
cfee4531556fc23e554d508217c12c722036af0deea68f1f7100d32fff96f111,TOW-BLR-004,2026-08-30T01:52:01Z,-97
5d293bef5865f720e15fe72cf657194b15cc78aa4780739303867f9c2280f8e5,TOW-BLR-002,2026-08-30T01:45:29Z,-70
e1c50c60bd295187ed76df05350c2f8dda62be7db7100c9502d042ecb0647bea,TOW-BLR-003,2026-08-30T07:11:40Z,-92
b9aa81e06c478c08898599cee4ef2f84fad944b430a6970a238f03f220edbd26,TOW-BLR-004,2026-08-30T02:03:58Z,-64
664899f7580500b65ee3fb2b483121846c0c74a9d8f1124ee5067346bfc951ce,TOW-BLR-003,2026-08-31T02:06:41Z,-58
27a9f6cf3e784af9957031dd7c4ea3328ee97a45e97e32dcc06d0e81de9a6a44,TOW-BLR-003,2026-08-31T01:39:33Z,-95
d2436884e59a142c599c677d7a8e920706502f134261082705708e2c52ff095c,TOW-BLR-004,2026-08-30T03:28:50Z,-90
1c23e30dc22cff7d9aa4539a48dbcbb7caf4fdaf6fa0021e39f2c045be36e658,TOW-BLR-003,2026-08-30T11:41:38Z,-97
60343645662c2c85f86cac66661e9d01cc5ad029bcd47b7c444b994305467266,TOW-BLR-005,2026-08-31T23:12:24Z,-90
ceb92794371376cce497c125e1859d5da18956b33da07f06cae159d1cb60eeb6,TOW-BLR-004,2026-08-31T01:22:47Z,-61
e26e1dc5e2e6d643677fb2630c682cf53779acc7fd5096db87510ecaa28fc078,TOW-BLR-002,2026-08-31T12:23:49Z,-56
e742f7d717510b229a774a833b4b2c40258e2e69aad964973c15e5a973b3de65,TOW-BLR-003,2026-08-31T01:37:03Z,-71
7a677870d8c06defbdf456be024b65848db56b7ac4755a7297e78308315ae636,TOW-BLR-002,2026-08-30T23:02:57Z,-57
ec92a3f62ddb9be57763b65d15f9909e8471fbeceb75ee00f71bff38eee7a199,TOW-BLR-001,2026-08-30T06:35:06Z,-70
a92475f03c5c0e704011c75f83e311cba049d04139c488d187645cbe5836ee42,TOW-BLR-003,2026-08-31T21:16:41Z,-79
55768ebde66794472f72ffb0e46b19fb191ed283e65f0f937924db158b9f03cc,TOW-BLR-002,2026-08-31T03:52:01Z,-98
7f2aafa15c630696adf2683d461db9bbd05fda0713e55de6b83a58f667d4888f,TOW-BLR-004,2026-08-31T01:31:46Z,-89
9752b374a6dca9438cf640f07ee97b5e9219d13a25c503ca0931f630f408007f,TOW-BLR-004,2026-08-31T02:19:15Z,-62
9640ffa8fd3b6c05321013dd64ca4ba4bcd7e82047fb9c0c01f898481d00e72b,TOW-BLR-002,2026-08-30T23:30:09Z,-109
a306962ddc4e800a51d884da9e7e0bd2fa08b534c8773d2cdbf06790da9fa65d,TOW-BLR-002,2026-08-31T18:22:07Z,-91
a4a572481d7efb2b2dc685f091aa115e366949d975bbb259a0bff53e0e49dc3d,TOW-BLR-005,2026-08-31T22:46:17Z,-75
c14c122b7d80c0cadc54149e12c9e1f574f2499598653912351b2a668a0aba1d,TOW-BLR-005,2026-08-31T15:11:40Z,-99
da46c1b20bb0c378edcaee8832ed4f959a5ebdd74213d9ad63df0f498f6bd2b4,TOW-BLR-005,2026-08-30T05:31:45Z,-98
63e057fde085f12ed5175da4bedf4ca9b785b50614b0d21a48adcd1cd457483f,TOW-BLR-001,2026-08-31T19:32:34Z,-52
4e26399f07d5c3403b31e87dd87650d4abc371ed9d6089c9431eb9b401687ff8,TOW-BLR-004,2026-08-30T19:10:40Z,-101
c2e085ff3106211c72863a7a99360642c5170eadd9a22346a895f4cec806fc92,TOW-BLR-003,2026-08-31T14:47:57Z,-88
da46c1b20bb0c378edcaee8832ed4f959a5ebdd74213d9ad63df0f498f6bd2b4,TOW-BLR-002,2026-08-31T04:03:08Z,-104
62bd82e922a8ec6730fed1035ea57162649ffbf5882baf6115b56d0c3c8ff6df,TOW-BLR-003,2026-08-31T20:40:04Z,-74
374990eb0fbeabeaa27b11dd595064faf7e817abd85676d2ccb3da4f44acbd11,TOW-BLR-001,2026-08-30T23:34:51Z,-96
7c3444809193dd8892bd3d5406741e9e223bd5de3febc017ef431a8d712e364f,TOW-BLR-001,2026-08-30T17:54:22Z,-75
b81ed4ffe6a708d799c3f4f207982b64479e2e81b941b8534a79f725fe6ed2e8,TOW-BLR-003,2026-08-30T01:55:09Z,-79
367c904c22b232e98be959f9aa1f1fe766a88044d97e83bb2cb2b458e7c9235d,TOW-BLR-002,2026-08-30T17:51:57Z,-54
367c904c22b232e98be959f9aa1f1fe766a88044d97e83bb2cb2b458e7c9235d,TOW-BLR-004,2026-08-31T23:10:41Z,-59
128a2c7bd4fd5507bb0d446ee5793b54ea77c9ab7beee573ac0798d61385482f,TOW-BLR-002,2026-08-30T00:54:15Z,-92
faf4897f37a82eaf9e8cb074678fdf8a3179b6174545b37131e9854d06b84f6a,TOW-BLR-001,2026-08-31T20:34:49Z,-80
a63f135b6223cee83a6aec5fa5b330aa5bee7f690ed3de3fc0b1541db348bac9,TOW-BLR-004,2026-08-31T06:11:05Z,-75
e6951d6c5a3a48fb67ac2286e053646bf0df327033541b173b88a0e682170299,TOW-BLR-005,2026-08-30T13:59:54Z,-84
13adb9d8e842415d7c92ad9cb74a600c24d35b08605cd2bbf3860bfcdd42db23,TOW-BLR-005,2026-08-31T18:17:58Z,-85
a84d124abd92dfd79e62cfbc455627dac349b078fdb26f691cbf968372549d77,TOW-BLR-005,2026-08-31T04:11:16Z,-63
26bcfd2aa62a45e60890296e7920204fd45fec2c9f05e144b2aab10bb457ecec,TOW-BLR-003,2026-08-30T19:11:29Z,-83
d427539d777d7e1658638290cb9fab436f06cc47d74eaa6fe686b199b2b20b25,TOW-BLR-003,2026-08-30T17:05:26Z,-90
cfc82faf09a6dc9b02ed746351fd4a85e0d59c3f2a8388a385cbda411989d9c8,TOW-BLR-003,2026-08-30T05:36:35Z,-66
31c0098e266a1dc96abc21f4bd1fa31bf006516ef1520e430ef0b92bba07ae9e,TOW-BLR-003,2026-08-30T17:58:42Z,-60
7a677870d8c06defbdf456be024b65848db56b7ac4755a7297e78308315ae636,TOW-BLR-005,2026-08-30T09:22:34Z,-104
91692116b5a4bef93f0ce15b1c0fc9ceabdf7d6317836432ce60fdb60300aa5e,TOW-BLR-005,2026-08-31T10:38:31Z,-76
f09defae43936bc24acfcb7f14509d12080824d2ab52b46e006c57e20408aa08,TOW-BLR-001,2026-08-31T19:59:18Z,-96
0f8c011e3f0544059dbe2826c17ede5deba80e3c137a94288dfb04b168dcdace,TOW-BLR-003,2026-08-31T22:57:53Z,-75
58a6e3dc4206df0cba91aa32a701bea7293f9d9e17d386b2f2b0411cc01d9720,TOW-BLR-002,2026-08-31T09:52:52Z,-93
2d79558bb4e3c15673ad08352dde6e8c13ea6fb69dde51ff483f3ccbb7f795c3,TOW-BLR-001,2026-08-31T09:30:48Z,-71
623458811301a7a083ae0d7176fbf402b21877cf81552b4001e222a9f3a990c3,TOW-BLR-004,2026-08-31T19:02:23Z,-83
e03084bd52a1de59f703c73a314b52bf9f7026848c2545312ce44ccc7b54e5d4,TOW-BLR-002,2026-08-30T01:36:37Z,-75
dd35e063db12ee83e41574ec0d96a0e650341ace34a6c33951a9a571c96e3930,TOW-BLR-005,2026-08-31T23:21:06Z,-107
615d09c2e16982784eec18d1a485e4dfc8cb3a43bfafca019fdde222c11e4a25,TOW-BLR-003,2026-08-31T10:42:24Z,-55
19655e9e203fc8dd4a2cb9c57c67a2bcb90bd417b22c2e9b970eab144ddae4eb,TOW-BLR-002,2026-08-30T04:38:38Z,-67
1f79de33c2108975365a7031a039f6022577be75a0a004d91eefb2973f386493,TOW-BLR-001,2026-08-30T20:06:15Z,-74
e1666c1ff291b7c40b69df20c664fa769b46a15bdf7ad72bf1ffd72f63d51649,TOW-BLR-001,2026-08-31T19:31:33Z,-79
2dad7dd62b009098dd3015775fa21a10553632e72f58bf7c8d4349688e85edb7,TOW-BLR-002,2026-08-31T04:51:13Z,-97
749b8c6b6e329536c169d086aacabc027ba8ca8d5b21588417083626197c27be,TOW-BLR-004,2026-08-30T22:33:38Z,-76
cc6a64b393383a4ba1bb601bcf6b3acfae97f5d200518ae28211fdfde0f911f2,TOW-BLR-003,2026-08-31T00:04:07Z,-96
5d293bef5865f720e15fe72cf657194b15cc78aa4780739303867f9c2280f8e5,TOW-BLR-005,2026-08-31T05:38:49Z,-101
241f4bcd27c2cbf458ad7db886b03a52f063f0acae2773adeb9c65f1a5cb3050,TOW-BLR-005,2026-08-31T18:44:05Z,-90
dba1521b6091cf64b9de658c2f1eb1ce93fc8d45c84778661bf95cff148582e0,TOW-BLR-001,2026-08-31T20:23:21Z,-107
58c67f8ed21ef88fc36604b9c2852c28cd1a3a82f119db54c094ff2444e5899e,TOW-BLR-003,2026-08-31T18:46:35Z,-103
04a4b90e332aa366ee3ff9d9f986e3770ce54d4b0b50f60b8194bd7533083d47,TOW-BLR-001,2026-08-31T20:41:57Z,-106
963a9f6d2ede09f587dc708254327c775a8dbb7ebfa4ee671035859c4dd2b5b9,TOW-BLR-004,2026-08-30T11:44:19Z,-64
033cb5d2a369636fca13cc266088ef49b139033d26568e95cfc45648b2f00aff,TOW-BLR-002,2026-08-31T19:48:06Z,-61
eebec9b0998a8822dbdf98d57efcfbf13e2008e9a7afd4def57a07fc3a7db792,TOW-BLR-002,2026-08-30T13:11:50Z,-109
4489de783f0bdc9c1f46955c8b79e68e5b7268250d1c7cc130a9f14d220b14c8,TOW-BLR-004,2026-08-30T08:42:06Z,-89
e742f7d717510b229a774a833b4b2c40258e2e69aad964973c15e5a973b3de65,TOW-BLR-001,2026-08-31T05:23:09Z,-74
527c04e02df3ff3e27eeb14cbb5442e9a0d6cd00c1823792d74d70a748221858,TOW-BLR-004,2026-08-31T05:40:43Z,-86
cc6a64b393383a4ba1bb601bcf6b3acfae97f5d200518ae28211fdfde0f911f2,TOW-BLR-004,2026-08-30T10:05:09Z,-56
9498ff38125320e825074439f94b75ab53790c8daa5aad105ebac0d34f2c212e,TOW-BLR-002,2026-08-30T06:58:49Z,-91
1f79de33c2108975365a7031a039f6022577be75a0a004d91eefb2973f386493,TOW-BLR-002,2026-08-31T07:20:16Z,-54
e1666c1ff291b7c40b69df20c664fa769b46a15bdf7ad72bf1ffd72f63d51649,TOW-BLR-004,2026-08-30T06:36:25Z,-99
26bcfd2aa62a45e60890296e7920204fd45fec2c9f05e144b2aab10bb457ecec,TOW-BLR-004,2026-08-30T14:36:27Z,-96
763fd87be48fc3c8c3709f9544d328717bb1ddb9678344ebbda99fadce1b5355,TOW-BLR-001,2026-08-31T00:44:15Z,-82
ea65e1e9e85234a2d75d1068dcd45e323543e123130f0600ce591123eafc8600,TOW-BLR-001,2026-08-31T14:08:48Z,-94
bdc3ac20257eed8311edda7e668474d29467a33bcdc30a5ac7180a038097af23,TOW-BLR-005,2026-08-30T04:26:04Z,-75
0ca92962e618ad8a2565d59ff2d5a6646f29dacc382693eb5c2de580b1b62e5f,TOW-BLR-003,2026-08-30T06:57:12Z,-100
7621de8ca83cbcd279167f556516c491dadb09330607c1f0ad30436e496097d6,TOW-BLR-005,2026-08-30T00:54:57Z,-110
2e5363d57be11745b6badea9f90e0d46330f696bd5b930c72e77374c42069361,TOW-BLR-004,2026-08-30T22:18:05Z,-109
d0ce3c85381df18d23eabae9a4e2a2de705ad64e07b750ed3dbc1cfb6aadba42,TOW-BLR-005,2026-08-31T17:01:22Z,-87
a47f789aa388687028705b7f2d4547d8000047bb5ec34c7b31f59fa3ab8539a6,TOW-BLR-001,2026-08-30T12:33:11Z,-98
c331a6b20a84257bab78df7177103605e5f668c2b4e8c00a9c44bc40b5ef93eb,TOW-BLR-005,2026-08-31T12:16:40Z,-99
7a677870d8c06defbdf456be024b65848db56b7ac4755a7297e78308315ae636,TOW-BLR-002,2026-08-31T01:08:24Z,-104
d4d9b138de4939b5a64d664afbd8ffb6be0bb1d9157e5b907b48f4b8b7fb5816,TOW-BLR-002,2026-08-31T19:40:12Z,-87
542bb7beec17cd7c80e6c9881ec3337cd1aea378ad6dc96ae9e9de99694a2906,TOW-BLR-002,2026-08-31T08:05:26Z,-65
62bd82e922a8ec6730fed1035ea57162649ffbf5882baf6115b56d0c3c8ff6df,TOW-BLR-002,2026-08-31T12:56:33Z,-101
e26e1dc5e2e6d643677fb2630c682cf53779acc7fd5096db87510ecaa28fc078,TOW-BLR-004,2026-08-30T02:12:33Z,-71
ca9fb60d20be57a8aa44f49c9edb466c3cba0cff3de897735d88c52ff4d0dd37,TOW-BLR-005,2026-08-30T08:45:31Z,-59
4a963e06b1fc70d0275420de2b12ed9ca98f83e89daa42cb95678b2dd0d555dd,TOW-BLR-003,2026-08-30T21:13:16Z,-104
763fd87be48fc3c8c3709f9544d328717bb1ddb9678344ebbda99fadce1b5355,TOW-BLR-002,2026-08-31T18:58:12Z,-77
4fbb32d4a24fe104c5dd461ac6280dbd58883363fbc54ce5080ba8175198cb11,TOW-BLR-001,2026-08-31T12:14:16Z,-98
a6b9b064c298e3a2b3f93834e33675a4415900230ca5a96e1e9963baafbf4749,TOW-BLR-002,2026-08-31T20:39:04Z,-52
0928f1fd5b5c226c90dc8dfdbecaec4df23667879d91b0de73c8a659b3b51c9d,TOW-BLR-004,2026-08-31T23:56:58Z,-75
6f69d588e0a357f690fe95f6b229ebae3116d34f1e5fdead5d1157845ba5d384,TOW-BLR-004,2026-08-31T08:37:03Z,-50
a5c9577bb5af38d2ff8147936b242dad7800fc3f454896fb7b89c9679241b18b,TOW-BLR-005,2026-08-30T04:46:00Z,-89
39bfa5d7a53ae5dc5e6fb7a1daa9c8667bbb8e31e055933cae3b960a780e2fc0,TOW-BLR-003,2026-08-30T10:17:42Z,-95
e747d03e9c44baba2eb35f2a03b141dc9fb150e979435990e40d4d2588df5cb3,TOW-BLR-004,2026-08-30T13:42:52Z,-60
a92475f03c5c0e704011c75f83e311cba049d04139c488d187645cbe5836ee42,TOW-BLR-001,2026-08-31T02:05:31Z,-107
91692116b5a4bef93f0ce15b1c0fc9ceabdf7d6317836432ce60fdb60300aa5e,TOW-BLR-004,2026-08-31T19:02:42Z,-104
075c081e2edc77d960c5a77903c03dce2ff4a629cdac09a4bfc5c9be3eb03e12,TOW-BLR-005,2026-08-30T06:37:22Z,-68
26796abc3ac290807b505dea3353c73ca9adc03dcb3dcd68e74c4d00e5e068f8,TOW-BLR-003,2026-08-31T14:23:58Z,-74
2d79558bb4e3c15673ad08352dde6e8c13ea6fb69dde51ff483f3ccbb7f795c3,TOW-BLR-005,2026-08-31T13:59:13Z,-85
614876d3edf5128ba4d3d15fc68c5a62a99dc6e8d5ecebfdb5f15ea2eaf97dae,TOW-BLR-005,2026-08-31T22:50:10Z,-98
41cfb62dc545f52a623ca34ff6274e78e3c806640f9c315637adf5a9f9fca5d1,TOW-BLR-003,2026-08-30T09:51:54Z,-82
514d2ff67276c76ac8d5d761b8f652d553d046582e35c06ca92e32f042d20fd7,TOW-BLR-002,2026-08-30T21:19:57Z,-50
a84d124abd92dfd79e62cfbc455627dac349b078fdb26f691cbf968372549d77,TOW-BLR-004,2026-08-31T05:26:08Z,-83
41fb42693e5559e4b7fd8d6cb4b0bbe89b98897c4d2fb30dd85c32276f044277,TOW-BLR-001,2026-08-31T11:42:52Z,-109
cc6b3763e91ab45f13b630b1f96b0fac36879a3f0509992d02f2d39a5d256429,TOW-BLR-001,2026-08-30T23:24:43Z,-75
0163aad1b721e6f0eac7043f23aa95135f7e6264d73cb85f4771d5599f9e75bf,TOW-BLR-005,2026-08-31T04:18:43Z,-91
3404f57309d8e1f7c2250dc78541765cf40b63416cdb7e032ad5ca046e930e24,TOW-BLR-003,2026-08-30T04:00:48Z,-77
6f69d588e0a357f690fe95f6b229ebae3116d34f1e5fdead5d1157845ba5d384,TOW-BLR-001,2026-08-30T13:41:43Z,-50
e742f7d717510b229a774a833b4b2c40258e2e69aad964973c15e5a973b3de65,TOW-BLR-003,2026-08-31T18:46:41Z,-63
528f9d1c169746b6a29d77cb1f91df1f22d5e7bcf1e58a917a90e4f6a52df000,TOW-BLR-005,2026-08-31T15:31:28Z,-99
fee0cfa53d5328eeab6e9c98c28a9a57cd4de2a7597f9c83002a5b4141243e7d,TOW-BLR-003,2026-08-30T03:29:31Z,-76
3d7121e5d2a5cd54446be0380d569da6dbcb6d7fd71e425f23cf8b5727e0efe8,TOW-BLR-001,2026-08-30T22:03:35Z,-86
61ff510fc7c8d0f3edfbf2e3d961cccbeb1d1f5266d5d648980b41c13d7a2ab5,TOW-BLR-003,2026-08-31T15:09:31Z,-107
58a6e3dc4206df0cba91aa32a701bea7293f9d9e17d386b2f2b0411cc01d9720,TOW-BLR-004,2026-08-31T13:01:07Z,-77
075c081e2edc77d960c5a77903c03dce2ff4a629cdac09a4bfc5c9be3eb03e12,TOW-BLR-002,2026-08-31T13:02:44Z,-87
27a9f6cf3e784af9957031dd7c4ea3328ee97a45e97e32dcc06d0e81de9a6a44,TOW-BLR-001,2026-08-30T15:37:08Z,-104
1c23e30dc22cff7d9aa4539a48dbcbb7caf4fdaf6fa0021e39f2c045be36e658,TOW-BLR-002,2026-08-30T16:08:02Z,-65
541b2920d264e79295106f9481dd0b84153d03d56baa980f48caacdedab79cfe,TOW-BLR-001,2026-08-30T14:49:34Z,-79
27fb3e04a0e726c98b1040e53908e60b10c50f29d312fb808a051d0da28034e6,TOW-BLR-005,2026-08-31T22:38:02Z,-71
4ee1d1663fe1c8dba22aff6390d16ec929cd2c6dd08c33a43efdf55d10c2ed5b,TOW-BLR-001,2026-08-31T03:46:44Z,-97
528f9d1c169746b6a29d77cb1f91df1f22d5e7bcf1e58a917a90e4f6a52df000,TOW-BLR-001,2026-08-30T21:08:57Z,-110
6c80697a257233c38023ce9e735e10c89e76b5d5fb9e63a1b96a8ac89bc49c67,TOW-BLR-002,2026-08-31T00:05:04Z,-99
e99755126b8fe02eb8684b0457fda5f975195b5929e9f034c715e1ea8947715c,TOW-BLR-002,2026-08-31T03:04:20Z,-52
a63f135b6223cee83a6aec5fa5b330aa5bee7f690ed3de3fc0b1541db348bac9,TOW-BLR-004,2026-08-30T03:15:32Z,-101
e9024445f21f5d8c0dea88c26cf1d644e07bd5fb795be39b8b55c7ec859cee17,TOW-BLR-005,2026-08-30T17:55:32Z,-71
cf8e4cdc32117c05ae9a7f56eefc46a94eb0db0b2e5cd67fd9a2e41f9eeb0a92,TOW-BLR-003,2026-08-31T06:47:25Z,-67
542bb7beec17cd7c80e6c9881ec3337cd1aea378ad6dc96ae9e9de99694a2906,TOW-BLR-003,2026-08-30T14:55:07Z,-50
4e26399f07d5c3403b31e87dd87650d4abc371ed9d6089c9431eb9b401687ff8,TOW-BLR-003,2026-08-31T05:47:50Z,-66
906a0bc76e88bfe2444e9d7e957f0bb1d037f9869c84ba6e88b051c6053a31dc,TOW-BLR-004,2026-08-31T06:07:13Z,-86
2b74f741f3b9ec86d66a65850a5ee252863e775fdfc25e7467a62827b45f36b8,TOW-BLR-002,2026-08-31T11:33:03Z,-94
f8a59b7cf1ffeefddb4cad82da9fb10563f4d8deb34e9d00533fcc65b639ddc9,TOW-BLR-001,2026-08-31T21:37:22Z,-66
da46c1b20bb0c378edcaee8832ed4f959a5ebdd74213d9ad63df0f498f6bd2b4,TOW-BLR-001,2026-08-31T08:42:16Z,-102
749b8c6b6e329536c169d086aacabc027ba8ca8d5b21588417083626197c27be,TOW-BLR-002,2026-08-30T05:08:07Z,-70
a5c9577bb5af38d2ff8147936b242dad7800fc3f454896fb7b89c9679241b18b,TOW-BLR-001,2026-08-30T11:34:20Z,-53
0c464a077072f36c3a1a180c5de7f5080817e7377fbe2dc5b1677c3adebac752,TOW-BLR-004,2026-08-30T04:50:32Z,-99
7a677870d8c06defbdf456be024b65848db56b7ac4755a7297e78308315ae636,TOW-BLR-003,2026-08-30T12:11:14Z,-50
ceb92794371376cce497c125e1859d5da18956b33da07f06cae159d1cb60eeb6,TOW-BLR-003,2026-08-31T04:59:46Z,-92
7a677870d8c06defbdf456be024b65848db56b7ac4755a7297e78308315ae636,TOW-BLR-003,2026-08-30T20:43:53Z,-56
5d293bef5865f720e15fe72cf657194b15cc78aa4780739303867f9c2280f8e5,TOW-BLR-003,2026-08-30T07:54:00Z,-62
b4137ecb3d80db814311d6a4053415d0bd71e8b4e4fb32b9f5a39b74d62a8504,TOW-BLR-004,2026-08-30T14:43:06Z,-50
e742f7d717510b229a774a833b4b2c40258e2e69aad964973c15e5a973b3de65,TOW-BLR-005,2026-08-31T12:15:39Z,-98
1e153199ebee9124b76aeb29141d81316036069970aeaae21b359e771d49fbcd,TOW-BLR-005,2026-08-30T02:35:57Z,-80
7db41c47095120834f255ed6a9005c4edc4b430ef019eb6f4df2754c2b3d228a,TOW-BLR-001,2026-08-30T08:06:44Z,-96
ca9fb60d20be57a8aa44f49c9edb466c3cba0cff3de897735d88c52ff4d0dd37,TOW-BLR-004,2026-08-30T13:25:59Z,-105
514d2ff67276c76ac8d5d761b8f652d553d046582e35c06ca92e32f042d20fd7,TOW-BLR-001,2026-08-30T17:36:13Z,-83
41e7a957c31f1cfac990f14b9802f83af2b2ddbf12f52ea52b7c072dee84689b,TOW-BLR-003,2026-08-31T07:54:07Z,-63
e9024445f21f5d8c0dea88c26cf1d644e07bd5fb795be39b8b55c7ec859cee17,TOW-BLR-004,2026-08-31T19:28:20Z,-61
e799c2d47421751052a9b78f7e997150cd304e0b0c07d742b4490116e4802051,TOW-BLR-005,2026-08-30T13:45:37Z,-61
e4e172eaeda63c2c9e8570d599346aca08ee96cdf2e322654453e0a15a2c30cd,TOW-BLR-003,2026-08-30T03:11:10Z,-74
4ee1d1663fe1c8dba22aff6390d16ec929cd2c6dd08c33a43efdf55d10c2ed5b,TOW-BLR-002,2026-08-31T00:51:22Z,-55
8cfb6b888a7f0c057eb5a53552975702d7397eeecd4f696e49a7df9588c2e1f8,TOW-BLR-003,2026-08-30T12:46:53Z,-88
d72a31c76cd1ced9b3eaee828a621e1aa961ec6970a66d4b73a005fd72745274,TOW-BLR-002,2026-08-31T22:54:16Z,-107
07fc1543a0144268c02a1425909a6de96563c05d53b9243010e4c943d0e28120,TOW-BLR-004,2026-08-30T11:08:53Z,-50
30eee72284276f0a5044a80defca7a33cf9def9620a784c6cb88b0f812477240,TOW-BLR-005,2026-08-30T04:38:05Z,-96
13adb9d8e842415d7c92ad9cb74a600c24d35b08605cd2bbf3860bfcdd42db23,TOW-BLR-002,2026-08-31T00:27:31Z,-68
0f8c011e3f0544059dbe2826c17ede5deba80e3c137a94288dfb04b168dcdace,TOW-BLR-004,2026-08-30T01:50:34Z,-55
623458811301a7a083ae0d7176fbf402b21877cf81552b4001e222a9f3a990c3,TOW-BLR-001,2026-08-30T17:53:48Z,-72
963a9f6d2ede09f587dc708254327c775a8dbb7ebfa4ee671035859c4dd2b5b9,TOW-BLR-003,2026-08-31T16:32:55Z,-100
e9024445f21f5d8c0dea88c26cf1d644e07bd5fb795be39b8b55c7ec859cee17,TOW-BLR-005,2026-08-30T23:07:24Z,-107
a306962ddc4e800a51d884da9e7e0bd2fa08b534c8773d2cdbf06790da9fa65d,TOW-BLR-001,2026-08-31T05:50:59Z,-77
64fdc51f368e71395a7448eb988c56d10bd682b76bb1403d56524552df9a8b1a,TOW-BLR-001,2026-08-31T21:02:38Z,-64
991ad61e050c36e38ee2d725869c32a32440da474d0e54c5f1ed130a6f1ecfe5,TOW-BLR-003,2026-08-31T02:58:10Z,-108
e9024445f21f5d8c0dea88c26cf1d644e07bd5fb795be39b8b55c7ec859cee17,TOW-BLR-001,2026-08-30T17:00:53Z,-110
733e613aa1af193c29f217e1041ea514990da8f1507065bf8b682122676bd98c,TOW-BLR-001,2026-08-31T16:58:31Z,-107
e26e1dc5e2e6d643677fb2630c682cf53779acc7fd5096db87510ecaa28fc078,TOW-BLR-004,2026-08-31T17:17:03Z,-103
a47f789aa388687028705b7f2d4547d8000047bb5ec34c7b31f59fa3ab8539a6,TOW-BLR-002,2026-08-31T21:45:01Z,-108
7b696387507a0442fa73032f77df22fbfca57d2f62198e30029ec2a03dcc8d57,TOW-BLR-005,2026-08-30T05:22:58Z,-109
4489de783f0bdc9c1f46955c8b79e68e5b7268250d1c7cc130a9f14d220b14c8,TOW-BLR-004,2026-08-31T17:36:53Z,-69
2779749f7710949a4792cc1cccf83ac4506a22e7344db9bff0318b42e6108519,TOW-BLR-003,2026-08-31T20:51:33Z,-86
2774be5a56fcdf5d04f289fcca9eda5f3f2b4026f2ce4b5f2adf3bbac442febb,TOW-BLR-002,2026-08-31T11:43:17Z,-71
e1666c1ff291b7c40b69df20c664fa769b46a15bdf7ad72bf1ffd72f63d51649,TOW-BLR-003,2026-08-31T22:21:46Z,-81
7db41c47095120834f255ed6a9005c4edc4b430ef019eb6f4df2754c2b3d228a,TOW-BLR-002,2026-08-31T09:04:31Z,-76
0914bcb9c4e6585bba37c48570774e86f8d87ff884fede75c8d19d9c85ccb3ed,TOW-BLR-003,2026-08-30T16:17:58Z,-101
e53081484a5eb1c0f5f73ecf0cd933511de4c4ffc753f057daa54f7c32018d01,TOW-BLR-002,2026-08-31T04:17:10Z,-94
0914bcb9c4e6585bba37c48570774e86f8d87ff884fede75c8d19d9c85ccb3ed,TOW-BLR-002,2026-08-31T02:48:09Z,-63
bdc3ac20257eed8311edda7e668474d29467a33bcdc30a5ac7180a038097af23,TOW-BLR-004,2026-08-30T21:50:05Z,-101
e799c2d47421751052a9b78f7e997150cd304e0b0c07d742b4490116e4802051,TOW-BLR-004,2026-08-31T05:52:56Z,-65
0914bcb9c4e6585bba37c48570774e86f8d87ff884fede75c8d19d9c85ccb3ed,TOW-BLR-005,2026-08-30T16:31:42Z,-85
1e153199ebee9124b76aeb29141d81316036069970aeaae21b359e771d49fbcd,TOW-BLR-003,2026-08-30T15:09:12Z,-50
a92475f03c5c0e704011c75f83e311cba049d04139c488d187645cbe5836ee42,TOW-BLR-004,2026-08-31T06:25:04Z,-81
9223f782eeb1eef2af92c9ef48f9e721834d0e8fbfef6fafe4c83c0c15b71264,TOW-BLR-004,2026-08-31T08:19:23Z,-50
e99755126b8fe02eb8684b0457fda5f975195b5929e9f034c715e1ea8947715c,TOW-BLR-004,2026-08-31T02:28:25Z,-89
2e5363d57be11745b6badea9f90e0d46330f696bd5b930c72e77374c42069361,TOW-BLR-004,2026-08-30T09:41:35Z,-64
963a9f6d2ede09f587dc708254327c775a8dbb7ebfa4ee671035859c4dd2b5b9,TOW-BLR-002,2026-08-30T17:54:49Z,-97
58c67f8ed21ef88fc36604b9c2852c28cd1a3a82f119db54c094ff2444e5899e,TOW-BLR-002,2026-08-31T17:23:19Z,-98
e1c50c60bd295187ed76df05350c2f8dda62be7db7100c9502d042ecb0647bea,TOW-BLR-005,2026-08-31T02:27:47Z,-53
d72a31c76cd1ced9b3eaee828a621e1aa961ec6970a66d4b73a005fd72745274,TOW-BLR-005,2026-08-31T05:43:29Z,-87
fee0cfa53d5328eeab6e9c98c28a9a57cd4de2a7597f9c83002a5b4141243e7d,TOW-BLR-003,2026-08-30T15:32:51Z,-85
e9024445f21f5d8c0dea88c26cf1d644e07bd5fb795be39b8b55c7ec859cee17,TOW-BLR-004,2026-08-30T07:54:41Z,-76
4489de783f0bdc9c1f46955c8b79e68e5b7268250d1c7cc130a9f14d220b14c8,TOW-BLR-004,2026-08-30T21:52:07Z,-53
6061496b81655335453d7cb834b0c2abbaf8611fc4415969b50985d236ef0a22,TOW-BLR-005,2026-08-31T06:00:34Z,-107
5f789fd2c5836252cc417e4829879fb15a3dc5b35c4ee49f7f2be52647303570,TOW-BLR-002,2026-08-31T00:35:21Z,-75
329ca6ac512e95d4428bdcfcc69d43ded1cd914a94127edefb12ad988ce7ef4b,TOW-BLR-002,2026-08-31T03:58:59Z,-51
0418b6bf59aaf6300e9694a040b9ce90c99c0d7ea12dd91359575e72f42b58e3,TOW-BLR-004,2026-08-30T13:07:48Z,-50
7c3444809193dd8892bd3d5406741e9e223bd5de3febc017ef431a8d712e364f,TOW-BLR-001,2026-08-30T15:02:00Z,-86
5d293bef5865f720e15fe72cf657194b15cc78aa4780739303867f9c2280f8e5,TOW-BLR-002,2026-08-30T19:54:09Z,-63
27a9f6cf3e784af9957031dd7c4ea3328ee97a45e97e32dcc06d0e81de9a6a44,TOW-BLR-005,2026-08-30T11:20:56Z,-69
cfee4531556fc23e554d508217c12c722036af0deea68f1f7100d32fff96f111,TOW-BLR-005,2026-08-30T14:24:14Z,-101
3b107bed1c6ac71d80856e656952a83c8b5583e3c4f3b453df0c29d234693f08,TOW-BLR-003,2026-08-31T10:07:15Z,-95
21308ebc339ed29ba2719c3421b30cf3d970d86d5452bf72124521884c6e130e,TOW-BLR-002,2026-08-31T11:26:21Z,-90
c8f37c395bad9f7984fa2958e584e0d57d3985a86ed5df2571f601b435eeb661,TOW-BLR-005,2026-08-31T14:38:10Z,-63
a84d124abd92dfd79e62cfbc455627dac349b078fdb26f691cbf968372549d77,TOW-BLR-001,2026-08-30T07:04:04Z,-60
e03084bd52a1de59f703c73a314b52bf9f7026848c2545312ce44ccc7b54e5d4,TOW-BLR-001,2026-08-30T01:33:47Z,-110
b9aa81e06c478c08898599cee4ef2f84fad944b430a6970a238f03f220edbd26,TOW-BLR-001,2026-08-31T00:08:22Z,-56
63e057fde085f12ed5175da4bedf4ca9b785b50614b0d21a48adcd1cd457483f,TOW-BLR-003,2026-08-31T01:58:25Z,-98
1b8e2f4669c49257fcbc07db82dff985ebdcea2645c6b93aca03046d5731472a,TOW-BLR-002,2026-08-30T15:30:39Z,-91
d41e30e0593ac284cad2c7c08569fbdad3dd2a63b3ed8a6bdb90b74b9290c16d,TOW-BLR-001,2026-08-31T02:25:42Z,-71
a4a572481d7efb2b2dc685f091aa115e366949d975bbb259a0bff53e0e49dc3d,TOW-BLR-003,2026-08-31T18:29:07Z,-53
6f69d588e0a357f690fe95f6b229ebae3116d34f1e5fdead5d1157845ba5d384,TOW-BLR-004,2026-08-31T10:35:41Z,-89
19655e9e203fc8dd4a2cb9c57c67a2bcb90bd417b22c2e9b970eab144ddae4eb,TOW-BLR-002,2026-08-30T21:05:53Z,-91
a4488d9cbf53e318e7cd9beaf8a5512f8b50d81b4edfc6b0affdc8a4b4cbb2ba,TOW-BLR-005,2026-08-30T11:38:13Z,-53
0914bcb9c4e6585bba37c48570774e86f8d87ff884fede75c8d19d9c85ccb3ed,TOW-BLR-002,2026-08-30T11:53:16Z,-84
b4137ecb3d80db814311d6a4053415d0bd71e8b4e4fb32b9f5a39b74d62a8504,TOW-BLR-005,2026-08-31T21:01:20Z,-84
9640ffa8fd3b6c05321013dd64ca4ba4bcd7e82047fb9c0c01f898481d00e72b,TOW-BLR-005,2026-08-31T16:13:07Z,-70
fce13cdb8a85833a333ee4d1021160f2db2b97c0c5a8e7d11c78875fdaee8c50,TOW-BLR-003,2026-08-30T18:09:36Z,-103
749b8c6b6e329536c169d086aacabc027ba8ca8d5b21588417083626197c27be,TOW-BLR-002,2026-08-31T08:23:48Z,-104
614876d3edf5128ba4d3d15fc68c5a62a99dc6e8d5ecebfdb5f15ea2eaf97dae,TOW-BLR-001,2026-08-30T09:52:26Z,-54
733e613aa1af193c29f217e1041ea514990da8f1507065bf8b682122676bd98c,TOW-BLR-004,2026-08-31T03:37:29Z,-80
991ad61e050c36e38ee2d725869c32a32440da474d0e54c5f1ed130a6f1ecfe5,TOW-BLR-001,2026-08-31T18:41:02Z,-66
815c8294c15a0369f897299acf164eb0c88d156163b6926d34a6c32225270d1d,TOW-BLR-003,2026-08-31T08:06:28Z,-73
542bb7beec17cd7c80e6c9881ec3337cd1aea378ad6dc96ae9e9de99694a2906,TOW-BLR-002,2026-08-31T08:34:25Z,-53
bdc3ac20257eed8311edda7e668474d29467a33bcdc30a5ac7180a038097af23,TOW-BLR-004,2026-08-31T17:16:18Z,-88
a9cb35a4fd627463d2028b97d80463eba8976d54e3f9ecdc40b17877be95bf19,TOW-BLR-003,2026-08-30T06:11:24Z,-54
d427539d777d7e1658638290cb9fab436f06cc47d74eaa6fe686b199b2b20b25,TOW-BLR-001,2026-08-30T12:54:21Z,-102
ee7e18675c2c64ba9da01d4ead0588b4e15751d9557b30d41a89ac44de6b3db3,TOW-BLR-003,2026-08-31T04:39:44Z,-52
3108f70e3438057186993335f56bd6c6d9ffe0a74ee099c8be28fdfc35c97a2c,TOW-BLR-001,2026-08-30T14:21:16Z,-70
1dd27686432c1e2abfc90dd1bd07a714be564682b0b19015c4da9517d8fb08ce,TOW-BLR-003,2026-08-30T06:02:57Z,-88
a6b9b064c298e3a2b3f93834e33675a4415900230ca5a96e1e9963baafbf4749,TOW-BLR-004,2026-08-30T01:09:42Z,-71
cf9a64034bf82b056285e0b549e1caf83662ca4ab5f274ced8a32dd562615769,TOW-BLR-005,2026-08-31T06:25:07Z,-100
c560197b9883fc6dc7bc02134561f285436b6ef7c206d7b6feace00057691273,TOW-BLR-003,2026-08-30T13:58:57Z,-78
2b74f741f3b9ec86d66a65850a5ee252863e775fdfc25e7467a62827b45f36b8,TOW-BLR-005,2026-08-30T01:42:25Z,-79
541b2920d264e79295106f9481dd0b84153d03d56baa980f48caacdedab79cfe,TOW-BLR-002,2026-08-30T03:47:14Z,-69
5222bb3ec940ad667c5b6286ba827a586041bb986d577e580df048df81c002fe,TOW-BLR-003,2026-08-30T19:09:33Z,-82
2dad7dd62b009098dd3015775fa21a10553632e72f58bf7c8d4349688e85edb7,TOW-BLR-003,2026-08-30T02:56:45Z,-93
655badaedb0392e0426bcfed45623fff014b93f36c2bfbf9bff47b52c5b15140,TOW-BLR-004,2026-08-30T05:50:35Z,-89
e6951d6c5a3a48fb67ac2286e053646bf0df327033541b173b88a0e682170299,TOW-BLR-001,2026-08-30T09:30:49Z,-55
37d5bcc2e10e41308171cc736deaeb1ae3801824fe99d46de6a7dd02427f8d16,TOW-BLR-005,2026-08-30T00:46:39Z,-63
542bb7beec17cd7c80e6c9881ec3337cd1aea378ad6dc96ae9e9de99694a2906,TOW-BLR-001,2026-08-30T22:02:33Z,-86
5f789fd2c5836252cc417e4829879fb15a3dc5b35c4ee49f7f2be52647303570,TOW-BLR-004,2026-08-31T03:40:19Z,-86
ca9fb60d20be57a8aa44f49c9edb466c3cba0cff3de897735d88c52ff4d0dd37,TOW-BLR-003,2026-08-31T03:19:01Z,-89
c560197b9883fc6dc7bc02134561f285436b6ef7c206d7b6feace00057691273,TOW-BLR-005,2026-08-31T06:54:43Z,-84
dd7bd4bcfc023cea77828a9d4467d55ac276d5425902f5552381e6e0f98bce8c,TOW-BLR-003,2026-08-30T09:38:12Z,-50
3d47fa14eca1ad3c6af4a7630628e3e43d0de0e692c02fb9966106fd91f3e1c2,TOW-BLR-003,2026-08-31T16:13:23Z,-98
cc6b3763e91ab45f13b630b1f96b0fac36879a3f0509992d02f2d39a5d256429,TOW-BLR-003,2026-08-30T19:25:06Z,-105
2c81ff0b42af0ac31a2c1bb6367fe9c71a4db98f91ee9dd8dae0d9952724a68b,TOW-BLR-004,2026-08-30T06:10:28Z,-59
71545b7cc76f2b684ffbd6fa39c0b37a3cebb903f1ae21d330405c6a682803ab,TOW-BLR-003,2026-08-31T13:02:56Z,-53
a5c9577bb5af38d2ff8147936b242dad7800fc3f454896fb7b89c9679241b18b,TOW-BLR-001,2026-08-30T09:21:32Z,-59
514d2ff67276c76ac8d5d761b8f652d553d046582e35c06ca92e32f042d20fd7,TOW-BLR-001,2026-08-30T17:41:30Z,-106
645cb5ae33ecbf471ebf101aef4c781e2f0b1a50c071ca9ee7ae5ce4e8f430b8,TOW-BLR-003,2026-08-30T04:43:48Z,-101
542bb7beec17cd7c80e6c9881ec3337cd1aea378ad6dc96ae9e9de99694a2906,TOW-BLR-002,2026-08-30T06:21:47Z,-55
226d8826c385168e16b0917b76aa9c3f9bd852ee5d6f16791734803b3fff2069,TOW-BLR-001,2026-08-30T00:58:45Z,-63
9752b374a6dca9438cf640f07ee97b5e9219d13a25c503ca0931f630f408007f,TOW-BLR-003,2026-08-31T20:57:43Z,-106
b81ed4ffe6a708d799c3f4f207982b64479e2e81b941b8534a79f725fe6ed2e8,TOW-BLR-005,2026-08-31T21:35:35Z,-55
374990eb0fbeabeaa27b11dd595064faf7e817abd85676d2ccb3da4f44acbd11,TOW-BLR-004,2026-08-31T21:56:53Z,-55
4075c01d70966dc11bef2096198285422fbbd861d184a28bc57ff6fc7fe81f4a,TOW-BLR-001,2026-08-31T20:36:20Z,-103
f89c7a25aa73d2138860ce78ca92d285666572ec069a32f612b59f091d2d2232,TOW-BLR-002,2026-08-30T14:31:43Z,-52
1b8e2f4669c49257fcbc07db82dff985ebdcea2645c6b93aca03046d5731472a,TOW-BLR-001,2026-08-30T13:30:47Z,-105
c2e085ff3106211c72863a7a99360642c5170eadd9a22346a895f4cec806fc92,TOW-BLR-001,2026-08-30T00:16:46Z,-83
0c464a077072f36c3a1a180c5de7f5080817e7377fbe2dc5b1677c3adebac752,TOW-BLR-002,2026-08-30T15:18:27Z,-107
c2e085ff3106211c72863a7a99360642c5170eadd9a22346a895f4cec806fc92,TOW-BLR-001,2026-08-31T04:10:23Z,-90
a84d124abd92dfd79e62cfbc455627dac349b078fdb26f691cbf968372549d77,TOW-BLR-005,2026-08-30T14:01:39Z,-80
815c8294c15a0369f897299acf164eb0c88d156163b6926d34a6c32225270d1d,TOW-BLR-002,2026-08-31T12:04:00Z,-72
19655e9e203fc8dd4a2cb9c57c67a2bcb90bd417b22c2e9b970eab144ddae4eb,TOW-BLR-002,2026-08-31T10:10:00Z,-92
9223f782eeb1eef2af92c9ef48f9e721834d0e8fbfef6fafe4c83c0c15b71264,TOW-BLR-005,2026-08-30T04:27:40Z,-82
13adb9d8e842415d7c92ad9cb74a600c24d35b08605cd2bbf3860bfcdd42db23,TOW-BLR-005,2026-08-30T00:27:35Z,-105
645cb5ae33ecbf471ebf101aef4c781e2f0b1a50c071ca9ee7ae5ce4e8f430b8,TOW-BLR-002,2026-08-30T19:10:12Z,-101
4e26399f07d5c3403b31e87dd87650d4abc371ed9d6089c9431eb9b401687ff8,TOW-BLR-005,2026-08-31T17:54:06Z,-98
527c04e02df3ff3e27eeb14cbb5442e9a0d6cd00c1823792d74d70a748221858,TOW-BLR-001,2026-08-30T05:31:05Z,-98
13adb9d8e842415d7c92ad9cb74a600c24d35b08605cd2bbf3860bfcdd42db23,TOW-BLR-003,2026-08-30T16:34:54Z,-100
da46c1b20bb0c378edcaee8832ed4f959a5ebdd74213d9ad63df0f498f6bd2b4,TOW-BLR-005,2026-08-30T21:36:23Z,-72
3b107bed1c6ac71d80856e656952a83c8b5583e3c4f3b453df0c29d234693f08,TOW-BLR-005,2026-08-31T22:38:48Z,-92
128a2c7bd4fd5507bb0d446ee5793b54ea77c9ab7beee573ac0798d61385482f,TOW-BLR-004,2026-08-30T18:16:24Z,-58
3d47fa14eca1ad3c6af4a7630628e3e43d0de0e692c02fb9966106fd91f3e1c2,TOW-BLR-002,2026-08-31T14:38:00Z,-110
26796abc3ac290807b505dea3353c73ca9adc03dcb3dcd68e74c4d00e5e068f8,TOW-BLR-003,2026-08-30T20:29:40Z,-62
406d6a732b582c4975f346fb213c5d688dba50d22ee577bd17cba7ea3d143772,TOW-BLR-001,2026-08-30T04:29:13Z,-106
8db711f1e9c56e3ec7d23fcbbb50874c31595217047cef55c4464670811dea54,TOW-BLR-003,2026-08-30T04:23:54Z,-71
614876d3edf5128ba4d3d15fc68c5a62a99dc6e8d5ecebfdb5f15ea2eaf97dae,TOW-BLR-004,2026-08-30T05:49:18Z,-67
514d2ff67276c76ac8d5d761b8f652d553d046582e35c06ca92e32f042d20fd7,TOW-BLR-004,2026-08-30T00:52:25Z,-63
0162aa00917191d22e2948a923eeba8b3127e99535ef6f6cce59372f46292cd2,TOW-BLR-001,2026-08-30T23:11:06Z,-73
50910d451937c8598faa62cd6d80123690e3d3e18a319df65da8c93c6497cef1,TOW-BLR-003,2026-08-31T20:05:29Z,-67
e747d03e9c44baba2eb35f2a03b141dc9fb150e979435990e40d4d2588df5cb3,TOW-BLR-001,2026-08-31T17:26:52Z,-94
a91a9ad7f674f50c12821a23db77ab9fec0f3a5f7846ac3a035639fd74c19c5b,TOW-BLR-003,2026-08-31T08:49:31Z,-88
1b8e2f4669c49257fcbc07db82dff985ebdcea2645c6b93aca03046d5731472a,TOW-BLR-004,2026-08-31T02:58:29Z,-79
67f8aaafd23c1ac8be42715dbd8dcd8206070aaa4abe91897ec5c55283c6408e,TOW-BLR-004,2026-08-30T22:49:35Z,-76
1b8e2f4669c49257fcbc07db82dff985ebdcea2645c6b93aca03046d5731472a,TOW-BLR-002,2026-08-30T16:36:38Z,-73
991ad61e050c36e38ee2d725869c32a32440da474d0e54c5f1ed130a6f1ecfe5,TOW-BLR-001,2026-08-31T01:41:49Z,-84
e27215f8478b1d5961a5e2f91bcfe38158ec069c264a9840541ede499ddff6d0,TOW-BLR-004,2026-08-30T23:37:11Z,-51
2cd185a0e5165c8705eaac57a82ddd0f7ec3fcb92ea51efe8d13d48444b0ec31,TOW-BLR-004,2026-08-31T09:45:36Z,-55
528f9d1c169746b6a29d77cb1f91df1f22d5e7bcf1e58a917a90e4f6a52df000,TOW-BLR-004,2026-08-31T08:55:35Z,-101
e9024445f21f5d8c0dea88c26cf1d644e07bd5fb795be39b8b55c7ec859cee17,TOW-BLR-004,2026-08-31T06:33:14Z,-50
716a50353041fe3e7931d2c7ec68810c83d45d3c42a529d39319d45cd8721518,TOW-BLR-002,2026-08-30T23:03:47Z,-86
21308ebc339ed29ba2719c3421b30cf3d970d86d5452bf72124521884c6e130e,TOW-BLR-002,2026-08-31T05:05:05Z,-87
4ee1d1663fe1c8dba22aff6390d16ec929cd2c6dd08c33a43efdf55d10c2ed5b,TOW-BLR-004,2026-08-30T12:34:53Z,-101
071d0773364cfafd218f4938d448a477fb5fc70a27fe41d917e1c8213472908e,TOW-BLR-002,2026-08-30T15:48:03Z,-104
e514f926f417d960da222d7a1c16d5b31d7dfc71fa5140f104670febd095e2c6,TOW-BLR-004,2026-08-31T10:23:27Z,-101
6462b2c251ec37a5786c7556a054354f7b7ccc68c7231ead15389dfb39f86d1f,TOW-BLR-003,2026-08-30T14:24:00Z,-109
3404f57309d8e1f7c2250dc78541765cf40b63416cdb7e032ad5ca046e930e24,TOW-BLR-004,2026-08-30T11:31:41Z,-91
6f69d588e0a357f690fe95f6b229ebae3116d34f1e5fdead5d1157845ba5d384,TOW-BLR-005,2026-08-30T20:13:09Z,-96
61ff510fc7c8d0f3edfbf2e3d961cccbeb1d1f5266d5d648980b41c13d7a2ab5,TOW-BLR-004,2026-08-31T20:11:15Z,-64
3404f57309d8e1f7c2250dc78541765cf40b63416cdb7e032ad5ca046e930e24,TOW-BLR-004,2026-08-31T07:41:00Z,-50
1cb1a3f105243c12f43e49ea3b7f2a77275a1fbbb926af3b761ccc42bf7f8bbb,TOW-BLR-002,2026-08-31T11:29:13Z,-68
0ca92962e618ad8a2565d59ff2d5a6646f29dacc382693eb5c2de580b1b62e5f,TOW-BLR-003,2026-08-30T07:43:10Z,-106
8cfb6b888a7f0c057eb5a53552975702d7397eeecd4f696e49a7df9588c2e1f8,TOW-BLR-003,2026-08-31T10:42:44Z,-72
30eee72284276f0a5044a80defca7a33cf9def9620a784c6cb88b0f812477240,TOW-BLR-002,2026-08-30T17:07:23Z,-77
9ba90f668aca95ce3bca5da8ca344e5e8f19a61ad84a6b76b5363cb4bae36980,TOW-BLR-004,2026-08-30T15:45:28Z,-84
cc6b3763e91ab45f13b630b1f96b0fac36879a3f0509992d02f2d39a5d256429,TOW-BLR-001,2026-08-30T22:25:42Z,-70
9640ffa8fd3b6c05321013dd64ca4ba4bcd7e82047fb9c0c01f898481d00e72b,TOW-BLR-003,2026-08-31T21:54:31Z,-91
e01d811a79fc578af3d4139e61bb2d3e543e3069a4328eddce1bac46495508f1,TOW-BLR-005,2026-08-31T07:14:19Z,-71
ac4d86152237babe16e522e0f80f243fccc135f73a43438fda309a2c79d06c46,TOW-BLR-005,2026-08-30T09:25:28Z,-77
41cfb62dc545f52a623ca34ff6274e78e3c806640f9c315637adf5a9f9fca5d1,TOW-BLR-003,2026-08-31T03:11:12Z,-59
28ca498f1861bf52e0b0fb8af9c1c1d88bda98dbfdef764c0e0834aaa4f210e0,TOW-BLR-002,2026-08-31T02:54:39Z,-74
374990eb0fbeabeaa27b11dd595064faf7e817abd85676d2ccb3da4f44acbd11,TOW-BLR-004,2026-08-30T04:35:47Z,-109
dd35e063db12ee83e41574ec0d96a0e650341ace34a6c33951a9a571c96e3930,TOW-BLR-003,2026-08-31T06:21:54Z,-95
e4e172eaeda63c2c9e8570d599346aca08ee96cdf2e322654453e0a15a2c30cd,TOW-BLR-003,2026-08-30T16:59:54Z,-52
d4d9b138de4939b5a64d664afbd8ffb6be0bb1d9157e5b907b48f4b8b7fb5816,TOW-BLR-003,2026-08-31T22:09:25Z,-52
528f9d1c169746b6a29d77cb1f91df1f22d5e7bcf1e58a917a90e4f6a52df000,TOW-BLR-004,2026-08-30T20:25:39Z,-75
9498ff38125320e825074439f94b75ab53790c8daa5aad105ebac0d34f2c212e,TOW-BLR-005,2026-08-31T00:06:25Z,-66
033cb5d2a369636fca13cc266088ef49b139033d26568e95cfc45648b2f00aff,TOW-BLR-002,2026-08-30T23:26:06Z,-60
060b7ff050c23cec2699264d708ce7f80a94f7fc3e40fab697cb72f0222421a9,TOW-BLR-005,2026-08-30T16:40:11Z,-65
071d0773364cfafd218f4938d448a477fb5fc70a27fe41d917e1c8213472908e,TOW-BLR-005,2026-08-30T17:15:32Z,-58
815c8294c15a0369f897299acf164eb0c88d156163b6926d34a6c32225270d1d,TOW-BLR-002,2026-08-31T11:34:40Z,-74
fce13cdb8a85833a333ee4d1021160f2db2b97c0c5a8e7d11c78875fdaee8c50,TOW-BLR-001,2026-08-30T22:49:31Z,-78
0914bcb9c4e6585bba37c48570774e86f8d87ff884fede75c8d19d9c85ccb3ed,TOW-BLR-001,2026-08-31T03:58:20Z,-62
3914a31c587f0090d3fa33ffc0e20d8c98208ac7e2a63abf5b0dae856bcaf132,TOW-BLR-005,2026-08-30T23:25:19Z,-105
963a9f6d2ede09f587dc708254327c775a8dbb7ebfa4ee671035859c4dd2b5b9,TOW-BLR-004,2026-08-31T09:41:31Z,-72
528f9d1c169746b6a29d77cb1f91df1f22d5e7bcf1e58a917a90e4f6a52df000,TOW-BLR-003,2026-08-30T04:52:24Z,-82
e99755126b8fe02eb8684b0457fda5f975195b5929e9f034c715e1ea8947715c,TOW-BLR-002,2026-08-30T20:06:46Z,-65
e9024445f21f5d8c0dea88c26cf1d644e07bd5fb795be39b8b55c7ec859cee17,TOW-BLR-003,2026-08-30T04:17:52Z,-80
39bfa5d7a53ae5dc5e6fb7a1daa9c8667bbb8e31e055933cae3b960a780e2fc0,TOW-BLR-002,2026-08-31T22:05:55Z,-110
2e5363d57be11745b6badea9f90e0d46330f696bd5b930c72e77374c42069361,TOW-BLR-003,2026-08-31T21:11:40Z,-80
070f49e260bfad8f443dd7b6c77454a5ea3a32ddb069aa900164197386693a9f,TOW-BLR-002,2026-08-30T19:51:41Z,-90
3a1039a2cd5c4b081564377071a122e8f9564962f6ba00fd27656e45042c6349,TOW-BLR-003,2026-08-31T20:02:17Z,-54
7a677870d8c06defbdf456be024b65848db56b7ac4755a7297e78308315ae636,TOW-BLR-002,2026-08-31T23:01:43Z,-98
e747d03e9c44baba2eb35f2a03b141dc9fb150e979435990e40d4d2588df5cb3,TOW-BLR-005,2026-08-31T20:03:38Z,-103
c14c122b7d80c0cadc54149e12c9e1f574f2499598653912351b2a668a0aba1d,TOW-BLR-001,2026-08-30T14:11:43Z,-77
d0ce3c85381df18d23eabae9a4e2a2de705ad64e07b750ed3dbc1cfb6aadba42,TOW-BLR-005,2026-08-30T20:34:04Z,-95
0c464a077072f36c3a1a180c5de7f5080817e7377fbe2dc5b1677c3adebac752,TOW-BLR-004,2026-08-31T06:48:04Z,-66
815c8294c15a0369f897299acf164eb0c88d156163b6926d34a6c32225270d1d,TOW-BLR-001,2026-08-30T21:42:45Z,-94
27fb3e04a0e726c98b1040e53908e60b10c50f29d312fb808a051d0da28034e6,TOW-BLR-002,2026-08-30T21:33:41Z,-109
3d7121e5d2a5cd54446be0380d569da6dbcb6d7fd71e425f23cf8b5727e0efe8,TOW-BLR-004,2026-08-30T05:43:53Z,-87
e27215f8478b1d5961a5e2f91bcfe38158ec069c264a9840541ede499ddff6d0,TOW-BLR-002,2026-08-31T08:31:35Z,-70
733e613aa1af193c29f217e1041ea514990da8f1507065bf8b682122676bd98c,TOW-BLR-005,2026-08-30T11:25:50Z,-72
7c3444809193dd8892bd3d5406741e9e223bd5de3febc017ef431a8d712e364f,TOW-BLR-003,2026-08-30T07:50:44Z,-51
d2436884e59a142c599c677d7a8e920706502f134261082705708e2c52ff095c,TOW-BLR-004,2026-08-30T20:05:38Z,-98
19655e9e203fc8dd4a2cb9c57c67a2bcb90bd417b22c2e9b970eab144ddae4eb,TOW-BLR-005,2026-08-31T09:00:38Z,-92
406d6a732b582c4975f346fb213c5d688dba50d22ee577bd17cba7ea3d143772,TOW-BLR-005,2026-08-30T09:21:34Z,-90
3f24dc89df996ef63c8289393b934feed72d9dbb13a7e4e2180dcd25f0f50391,TOW-BLR-001,2026-08-30T09:01:23Z,-107
21308ebc339ed29ba2719c3421b30cf3d970d86d5452bf72124521884c6e130e,TOW-BLR-003,2026-08-31T16:14:14Z,-80
d427539d777d7e1658638290cb9fab436f06cc47d74eaa6fe686b199b2b20b25,TOW-BLR-002,2026-08-30T22:57:25Z,-57
0f8c011e3f0544059dbe2826c17ede5deba80e3c137a94288dfb04b168dcdace,TOW-BLR-004,2026-08-31T16:03:32Z,-109
a84d124abd92dfd79e62cfbc455627dac349b078fdb26f691cbf968372549d77,TOW-BLR-004,2026-08-31T23:03:51Z,-90
da46c1b20bb0c378edcaee8832ed4f959a5ebdd74213d9ad63df0f498f6bd2b4,TOW-BLR-002,2026-08-30T23:46:58Z,-71
a63f135b6223cee83a6aec5fa5b330aa5bee7f690ed3de3fc0b1541db348bac9,TOW-BLR-001,2026-08-31T22:52:01Z,-92
1dd27686432c1e2abfc90dd1bd07a714be564682b0b19015c4da9517d8fb08ce,TOW-BLR-005,2026-08-31T17:23:56Z,-108
a9cb35a4fd627463d2028b97d80463eba8976d54e3f9ecdc40b17877be95bf19,TOW-BLR-005,2026-08-30T04:04:03Z,-64
c2e085ff3106211c72863a7a99360642c5170eadd9a22346a895f4cec806fc92,TOW-BLR-002,2026-08-31T12:10:00Z,-106
37d5bcc2e10e41308171cc736deaeb1ae3801824fe99d46de6a7dd02427f8d16,TOW-BLR-001,2026-08-30T10:11:16Z,-101
774d203000b86f167d2636b3e581ecddd77c2e1843ee17aa0a70e6d8db614c2a,TOW-BLR-005,2026-08-30T11:53:49Z,-50
58c67f8ed21ef88fc36604b9c2852c28cd1a3a82f119db54c094ff2444e5899e,TOW-BLR-002,2026-08-30T06:41:20Z,-62
dc73abbd70e6bdf2430496c0075788d1e3a0785579dbd18e7e606778ebd97d93,TOW-BLR-003,2026-08-31T00:37:26Z,-105
